url,title,content
https://www.bbc.com/zhongwen/trad/china/2016/02/160218_taiwan_comfort_women_museum,台灣將成立首座慰安婦紀念館,「阿嬤家－和平與女性人權館」場館空間分部規劃圖。 以「人權」為主題，台灣首座慰安婦紀念館「阿嬤家－和平與女性人權館」即將在台北市大稻埕迪化街成立。 紀念館將分為三大部分：「慰安婦記憶」推廣歷史、人權教育；「婦女培力」透過工作坊和訓練課程，使受暴力婦女能重新獨立生活；「預防暴力」讓不管是男性女性，在戰爭或承平時，都能免於受到暴力對待。 「最大的困難是資金不足」，台灣婦女救援基金會執行長康淑華接受BBC中文網採訪時表示。距離開館營運，目前還短少約新台幣1000萬元（約30萬美元，196萬人民幣）。由於婦援會是非營利組織，因此向社會大眾募款。 大稻埕的「阿嬤家」 婦援會從2004年開始籌備慰安婦紀念館，在尋找場地上遇到很大的困難，雖然政府部門也有幫忙尋找公共空間，但因為諸多原因始終沒有談成，直到去年11月才由婦援會向民眾承租位在台北市大稻埕迪化街的展覽空間。 康淑華對BBC中文網說，婦援會選中的這幢建築物有80多年歷史，和慰安婦阿嬤們的年代相同。會選在台北市西邊的「大稻埕」老城區，除了鄰近婦援會本部，也和歷史、觀光有關。 台灣僅存的四位慰安婦阿嬤，在今年1月，又有一位過世。 「小桃阿嬤是大稻埕人，她所就讀的小學就在紀念館預定地旁邊。」康淑華說。大稻埕做為台北最早發達繁榮的地方之一，除了小桃阿嬤之外，也有其他阿嬤的生命歷程與大稻埕有所連結。 目前大稻埕正從老城區轉型為新興文化創意園區，許多年輕人進駐開店，賦予老區新生命。近年來，許多日本觀光客喜歡造訪大稻埕，感受台灣與日本文化融合的特殊老城區氛圍。康淑華也希望日本觀光客能有機會到紀念館，「學習在日本沒有學到的歷史」。 康淑華也說，過去已經有日本高中生組團到訪婦援會做「學習之旅」，希望未來紀念館落成後，能夠有更多空間做類似的活動。 「很高興但也遺憾」 本名陳桃的小桃阿嬤生前參加婦援會舉辦的婚紗圓夢計畫。 目前台灣僅剩三名慰安婦阿嬤還在人世。康淑華表示，阿嬤們很高興紀念館能夠成立，「這是很多阿嬤們的心願，很遺憾很多阿嬤來不及看到落成，就過世了。」 在去年 婦援會紀錄片《蘆葦之歌》於台灣電影院上映時，還有四位阿嬤。今年1月，在紀錄片中前往日本，以流利的日語邊哭卻堅定的要求日本政府正式道歉的小桃阿嬤，因肺炎過世，終年94歲。 「我們覺得遺憾也覺得可惜的是，日本政府對這件事一直沒有正式的道歉或回應。不只是給個公道、給個安慰，這也是一種教育下一代的態度，如何面對歷史。」康淑華說。 康淑華表示，慰安婦是一個國際議題。婦援會在籌備紀念館過程中，也到日本、韓國，甚至是荷蘭的安妮之家參訪，取經如何用博物館呈現戰爭與人權。 （撰稿：劉子維 責編：蕭爾）
https://www.bbc.com/news/uk-england-derbyshire-50433715,Memorial service for flood victim ex-High Sheriff Annie Hall,"The body of Derbyshire's former High Sheriff Annie Hall was pulled from the River Derwent, near Matlock, on 8 November. The service will take place at Derby Cathedral at 14:30 GMT on 9 December. The Rev Canon Dr Elizabeth Thomson, acting dean of Derby Cathedral, said a condolence book has also been opened for people to sign. She said Mrs Hall's family's felt ""there would be a lot of good stories to tell involving Annie and it would give people a chance to express their thoughts"". The Rev Canon Tony Kaunhoven, a vicar where Mrs Hall lived in Ashford in the Water, said Mrs Hall was returning from Derby with her husband Michael when they were caught in floods. Derbyshire Chief Constable Peter Goodman said he was ""shocked and deeply saddened"" by the death of his friend. Tributes have been paid to the ""caring"", ""friendly"" and ""popular"" Mrs Hall, who was High Sheriff in 2017 and chair of Derby Cathedral Council. Dr Thomson said Mrs Hall was a ""great friend"" to the cathedral who brought ""energy, warmth, and spirit"". The Right Reverend Libby Lane, Bishop of Derby, said: ""Annie's faithful professionalism, supportive nature and wonderful sense of humour meant she was much appreciated as chair of Derby Cathedral Council."" Follow BBC East Midlands on Facebook, on Twitter, or on Instagram. Send your story ideas to eastmidsnews@bbc.co.uk."
https://www.bbc.com/zhongwen/trad/indepth/2010/08/100805_twletter_farmer_protests_wu,台湾来鸿：台湾住民保护家园的意识渐强,"苗慄縣政府為了開發竹科竹南基地，要進行土地征收。 大埔農民拒絕土地征收 第一起是發生在七月十七日苗慄縣大埔鄉農民，號召了三千多位民間人士夜宿在總統府前的凱達格蘭大道上，抗議苗慄縣政府為了開發竹科竹南基地，強制征收農民土地，讓挖土機直接開進農田，摧毀農民辛苦種下的秧苗，刺激了許多社運農運團體，發起反對政府強勢征收土地的抗議行動。 受到大埔事件的影響，各地的農運組織開始串連，台灣其他地區農民碰到類似的情況，也向媒體發聲，更逐漸受到媒體的重視。 相思寮農民保衛農村風華 於是第二起農民抗議事件，七月二十七日又在總統府前上演。位於彰化縣二林鄉的相思寮本來是一個二、三十戶農家形成的傳統農業聚落，但在中科四期的開發計劃中被劃定為面板產業進駐的基地，但相思寮農民不願意離開早已落地生根的土地，上百位農民帶著自己種的稻米、香瓜等農作物，北上到總統府前陳情，還以撕毀仿製的千元大鈔，表達「相思寮不賣」的訴求，甚至要求馬總統到相思寮Long Stay，親身體驗相思寮從日治時代就開始形成的百年農村風華。 相思寮農民的抗議事件，隨著行政院長吳敦義說：「不差相思寮那二公頃的土地！」要求相關單位重新檢討中科二期基地的劃定，在尊重當地居民繼續經營農業的意願下，能不把相思寮劃入征收的基地範圍就不劃入，使得相思寮爭議出現了逆轉。 台塑大火造成環境污染 第三起的抗議事件，與前兩起事件並不相同，事發的起因是位於雲林縣麥寮的台塑六輕煉製二廠在七月二十五日晚間發生大火，火舌直到二十七日下午才撲滅，而這一次火警距離上次發生火災的時間僅僅相隔二十天，連續不明原因的起火，加上濃濃的黑煙造成環境的污染，不但造成麥寮居民農漁業的損失，還可能影響附近居民的健康，於是麥寮自救會在六輕廠區門口搭棚抗議，不但要求六輕全面停工，還要求正在評估中的國光八輕開發計劃都暫停。 由於台塑六輕產值約佔台灣ＧＤＰ的一成，所以茲事體大，因此從中央到地方都不敢貿然叫台塑六輕全面停工來平息眾怒，直到七月三十日行政院長吳敦義南下出面協調，才達成決議要發生大火的那一個廠房停工接受調查，等到各項檢查都通過之後才能復工，同時台塑也答應補償在地居民的農漁業損失以及提供附近兩個鄉鎮的居民免費的健康檢查等結論，使得爭議暫時告一段落。 原住民不願離開山林 第四起事件，則是台灣原住民部落行動聯盟在八八風災即將滿一週年的時刻，對外揚言要在八月六日、七日發起夜宿凱達格蘭大道的行動，抗議政府的迫遷政策，批判政府讓以山林為家的原住民撤離山林，切斷了原住民與土地的連結，使得未來的就業、教育與文化認同，都可能產生問題；不過，對於這樣的批評，行政院長吳敦義並不以為然，他認為：「生命是最重要的，沒有命哪來的部落文化？」有些山林已不適合人類居住，就應該搬到安全的地方。 這四起抗議事件，一波接一波，發生在短短不到一個月的時間內，大埔農民、相思寮農民與八八風災受災區原住民的抗議，都是出自於不願離開自己生長的家園，而台塑六輕的抗議事件，雖然隱含了更多對於經濟發展與環境保護之間的意識對立，但一樣是出自於對於自己生長土地的熱愛，從這幾起事件，可以看出，台灣住民對於保護自己家園的意識，已愈來愈強。 讀者反饋 愛國愛家常常被共產黨蒙蔽，共產黨從來就提倡愛國愛黨，他從不說每個人愛國要從愛家鄉做起，愛家鄉又必須要從愛家庭做起，而愛家庭還必須要有人人愛人的基礎思想來實行。共產黨講階級鬥爭，它就必然不敢談人人愛人、人人愛家、愛家鄉。它借愛國之名，行剝奪愛家、愛家鄉之實。所以共產黨宣揚的愛國是沒有基礎的空中樓閣，是虛偽的、是反動的。一個反動的黨，人民不會愛它，所以它才要宣揚愛它。不但宣揚，而且人民被要求必須愛它。人們都知道封建社會中的皇帝，即使不好也不宣揚人人愛他。而好皇帝不宣揚自己好，人民都會愛他。所以說，共產黨比封建主更落後、更反動。它的統治是一定長不了的。恭喜台灣人民提高了愛家鄉的熱情。大陸人民現在愛不了家庭與家鄉，但是大陸人民正在鬥爭，他們會在愛家鄉、保護環! 愛出一個新中國。阿巴斯, 中國上海"
https://www.bbc.com/news/health-50249849,Antibiotic use falling but resistant infections rising,"But antibiotic-resistant infections are still rising - up 9% between 2017 and 2018, to nearly 61,000. Public Health England is urging the public to take antibiotics only when necessary. And it urges people to listen to their doctor or pharmacist's advice on when to use them. Antibiotics are essential for treating serious bacterial infections, such as sepsis, pneumonia and meningitis. But they should not be used to treat coughs, earache and sore throats, which usually clear up without drugs. If antibiotics are taken inappropriately, harmful bacteria living inside the body can become resistant to the antibiotics, which means the medicines may not work when really needed. PHE's annual report on antimicrobial resistance for 2018-19 found that the most potentially serious infections (antibiotic-resistant bloodstream infections) rose by a third between 2014 and 2018. Dr Susan Hopkins, from Public Health England, said it was ""worrying"" that more infections were becoming resistant to life-saving antibiotics. But there is good news too - total antibiotic consumption in England has been coming down since 2014, when it hit a 20-year peak. ""We have seen positive steps taken to reduce antibiotic use without affecting people's recovery when they are unwell and GPs should be congratulated in their ongoing work to reduce unnecessary antibiotic use,"" Dr Hopkins said. ""We want the public to join us in tackling antibiotic resistance by listening to your GP, pharmacist or nurse's advice and only taking antibiotics when necessary,"" she added. ""Taking antibiotics when you don't need them is not a harmless act - it can have grave consequences for you and your family's health, now and in the future."" The report found no evidence that GPs prescribing fewer antibiotics had led to more people being admitted to hospital with serious infections. 'More to be done' Antibiotic prescriptions dispensed in the community went down by 16.7% (from 750 to 624 per 1,000 inhabitants per year) between 2014 and 2018. There were reductions in all age groups, but particularly in the under-65s. Dental antibiotic prescriptions dispensed in the community have gone down by more than 25% in the last five years. Last year, E. coli was the commonest cause of bloodstream infection in England. Prof Chris Whitty, England's chief medical officer, said: ""The decrease in consumption of antibiotics is good news but the rise in resistant infections shows the threat is increasing and so there is more to be done. ""Antibiotic resistance is not just a matter for clinicians - the public also have a crucial role to play in helping to preserve these vital medicines."""
https://www.bbc.com/news/uk-wales-22039476,Grass fire threat to overhead wires near Pontycymer,"An electrical engineer has been called to the scene near Pontycymer, said South Wales Fire and Rescue Service. Elsewhere, three crews are tackling a 200-hectare (500 acre) grass blaze at Garnswllt, near Ammanford. There are also fires in grassland in Cardiff, Bridgend, Newport, Pontypool, Tonypandy and Ystrad Mynach. More than 180 fires have been tackled since March, with many started deliberately. Fires reported on Friday evening include Fairwood Common, near Swansea Airport, where crews were called at 18:27 BST, and land near Llangorse Lake. The alarm was raised on the Llangorse fire at 14:17 BST, and Mid and West Wales fire service said some areas of land were being allowed to burn out. Ten hectares (25 acres) of grass land have also been destroyed at Abercrave with crews called at 17:21 BST. The fires are the latest in an extremely busy period for firefighters across south, mid and west Wales. Incidents began on 18 March with 21 grass fires in Carmarthenshire, four in Ceredigion, 42 in Neath Port Talbot, 24 in Pembrokeshire, 26 in Powys and 69 in Swansea. Some fires are thought to have been started deliberately with children currently on the Easter holiday. In north Wales there were 11 deliberate fires over the Easter weekend of which three were grass blazes. South Wales fire service said it was called to about 75 grass fires on Tuesday."
https://www.bbc.com/news/business-27052236,Tesco - jam tomorrow?,"Kamal AhmedBusiness editor@bbckamalon Twitter Maybe that is deliberate. Mr Clarke thinks that customer loyalty is not only driven by what an item costs. He thinks loyalty can also be driven by deals such as higher fuel discounts the more customers spend. Some analysts, such as Louise Cooper, are sceptical. She questions whether Tesco has actually done enough on price to really move the needle for customers. A chilling statistic from a Retail Week survey yesterday was that 45% of 2,000 adults questioned thought that Tesco's prices had gone up in the last year. Only 13% thought they had come down. Aldi and Lidl are likely to be laughing up their collective, nicely tailored German sleeves at that answer. The question investors will be asking is ""has Philip Clarke grasped the nettle"" on the fundamentally changing retail market? Investors have expressed ""frustration"" to me at the pace of change, pointing to the fact that the fall in like-for-like sales and profit margin squeeze accelerated in the final quarter of the year. Introducing restaurants to stores and selling iPad-style tablets appear, to some, to be marginal issues. Mr Clarke has brought in greater capital discipline, which is welcome, a far better European distribution model and is still, of course, running a very profitable business. He is also in the right place on multi-channel distribution - the ability to buy Tesco products on any platform or in store. He will now need to show how he is going to take the battle to the discounters which are slowly but steadily eating Tesco's lunch. In the end, that will be about how much the retailer invests in bringing down prices. The danger for Mr Clarke is that he finds himself in no-man's land, neither a discounter nor a retailer that can ride the ""quality"" wave that has lifted Waitrose so rapidly. Mr Clarke says Tesco can be for everyone - but that general message may be hard to get across. Tesco also has a problem of market saturation - there aren't that many parts of the UK (where Tesco creates 66% of its profits) that don't have a Tesco. That is unlike Asda and even Sainsbury's which can build market share by simply building shops. There is no groundswell of opinion running against Mr Clarke at the moment among the investors I have spoken to. For each of the Big Four supermarkets, these are challenging times. A sobering thought is that Britain, with the arrival of Aldi and Lidl, is in a position of over-supply. Declining like-for-like sales, falling profits and lower margins may be something we are all going to have to get used to."
https://www.bbc.com/zhongwen/trad/chinese-news-46834159,習近平講話和台灣政壇：民意回歸和谷底翻身的蔡英文,習近平在中國紀念《告台灣同胞書》發表四十週年大會上強調中國人不打中國人，但不會放棄武力統一台灣，以對抗台獨以及境外勢力。其講話在台灣政壇及民間引起千層浪。蔡英文政府於習談話當天下午立即回復習近平，強調兩個政府的談判只能民主授權。在提到習近平話語中引述的「九二共識」，蔡英文說這證實了習把它等同「一國兩制」，台灣沒有人能接受，並要求各政黨應該放棄使用九二共識。 根據多數台媒分析，蔡英文的強硬回應，不只是引起國際各界關注，她在台灣內部的政治聲勢，立即「由黑翻紅」將一個月前的敗選陰霾掃除一大半。許多報道戲稱「蔡英文死裏逃生」或是「蔡英文路上撿到槍，（台灣網路用語，意指火力全開）。」蔡政府一反過去被外界評論為『謹慎近於遲鈍』的執政風格，她本人以及行政各部會迅速強勢的在記者會以及各大社交媒體回應中國以及相關批評，讓各界耳目一新，認為蔡英文引人詬病的＂無感施政＂終於有所進步。 蔡英文在發表對習近平的強烈回應之後，其發表的文章宣告以及她本人在社交軟體譬如臉書，或電子佈告欄PTT以及搜索引擎（一般使用google trends 調查）的被搜索度突然激增。大數據統計公司，DailyView網路溫度計對台灣媒體提及，根據他們的統計，習近平拋出一國兩制後，蔡英文的網路人氣飆升。原因與蔡英文的臉書經營戰略進步有關。該公司提到，蔡英文這次回應習近平的策略，是用自己的肖像壓上表達立場的文字宣言，並取得良好效果，不僅在短時間內有1萬多次的分享，14萬人點讚。 台灣總統蔡英文 谷底翻身的蔡英文 在1月2號，蔡英文回應習近平告台灣同胞書之前，沒有太多人對蔡英文施政還有信心。蔡被媒體公認為被「打趴」倒地的敗將，即將過去的政治人物。中共官媒環球時報因而註解「蔡英文第一個任期剛過半，就在九合一中輸得潰不成軍，這顯示出，蔡英文是台灣開始競爭選舉以來執政最差的一屆行政當局。」 民進黨已經被認為極有可能在2020出局。 此外，勝選的國民黨則是動作頻頻，在蔡英文聲望已經跌落谷底時，立即對2020總統選舉表示興趣。 其中，前新北市長朱立倫，在去年底已經公開正式參選國民黨黨內總統選舉初選。前總統馬英九，副總統吳敦義以及前行政院長王金平都在媒體暗示有意加入2020總統大選。而台北市長柯文哲也被各大政治評論家分析絶對參選，並有可能領先的候選人。根據去年底台灣多家媒體民調，柯文哲勝選2020總統的可能性最高。 柯文哲 然而，習近平的告台灣同胞書，卻讓蔡英文支持度逆風而起。蔡英文強硬的回應讓媒體措手不及。她對一國兩制的拒斥以及對中國政府在豬瘟議題上的高調表達，讓曾經支持她的三大板塊：深綠選民，「天然獨」年輕人，以及中間選民成功在她的言語下召喚回來。 這場習近平發言後的政治海浪，也讓對手國民黨措手不及。尤其與中共政府有所接觸的國民黨高層，亂了陣腳，一再以九二共識為全民主張為自己辯護。藍綠板塊又各自歸位，2020總統，蔡英文從被認為出局的參選人，又站回戰鬥位置。 民意回歸？ 網路聲量之外，蔡英文反對一國兩制的回應也似乎得到民意支持。「台灣兩岸政策協會」於1月9日公布當周調查的最新民調結果，有8成1的民眾不贊成一國兩制，85.2％支持蔡英文對於兩岸關係發展提出的「四個必須」，78%民眾支持蔡英文兩岸政治協商應經台灣人民授權和監督。另外，過半的民眾表示海峽兩岸沒有「九二共識」，只有三分之一的民眾認為有。 關於蔡英文的聲勢回歸，專攻兩岸及國際政治經濟關係，香港中文大學客座副教授林夏如接受BBC中文專訪時表示，習近平這次的發言，可以說他是想在兩岸關係上有所建樹，既打破現有的兩岸現狀，提供一個香港一國兩制的「進階版」（Hong Kong plus）給台灣，「也就是給台灣比香港的一國兩制更多自由自主。」 但是，林教授認為，此次習過於自信，反而給了蔡英文反擊的空間。因此，蔡英文被公認已經幾乎失去威信的總統，卻意外的在習近平談話後聲勢大漲。「也許蔡英文已經沒什麼好失去了，乾脆就說出她心底的話，同時也對黨內表示出他的決心，」 林夏如向BBC 中文解釋。林教授說她一直都告訴人不要以為蔡英文在下次總統選舉中已經出局了，習近平越打她，她就越有勝算; 「尤其現在藍綠以及柯文哲都怕中國接近他們，怕被戴上紅帽子，」 林夏如向強調。 台灣世代教育基金會執行長洪耀南接受台媒訪問則提醒，蔡英文強調的反對一國兩制的「台灣共識」的支持度並沒有回流到蔡英文身上。以前文提到的民調為分析，洪耀南認為，蔡英文的聲勢上漲，應該是曾經支持她，但對她施政失望一度背離她的民意歸來。換句話說，民眾又各自回歸黨派，因為蔡在民進黨陣營的滿意度依然高達88.2％；在藍營支持者中卻僅有38.3%，其不滿意度則超過5成。 台灣東海大學政治系副教授張峻豪向BBC 中文表示，蔡英文之前身兼民進黨主席與總統時面臨民進黨理念與政策上的矛盾衝突，有嚴重顧此失彼的問題。張表示，譬如婚姻平權，環保或勞工權益等，民進黨在理念以及施政上反覆矛盾，致使所有批評都指向蔡英文本人，最終以去年底地方選舉大敗，行政院長賴清德本周宣佈內閣即將總辭收場。 張峻豪提及，現在蔡英文辭去黨主席，減低民進黨執政內閣中所需要擔負的行政精力，轉而以總統身份掌握外交以及國防，而這也是蔡英文的強項，找回失去的綠色支持者。張分析，這也可以看到賴清德急著離開行政院長，而凖備參加2020總統大選，因為內政施政的種種不容易招致民眾的批判，嚴重折損賴清德的政治聲望。 反對者不曾停止批評 蔡英文的民意支持回歸同時也引起批評。外界評估會參選2020總統大選的台北市長柯文哲，對此譏嘲「股市也會有一日行情」，認為政治人物的聲勢有時只是曇花一現。台灣網媒風傳媒主筆專欄批判蔡英文「得意忘形」且「可惡」，刻意曲解習近平，將「九二共識」等同「一國兩制」實為誤導台灣民眾及民意，為其連任總統造勢鋪路。 此外，創建「九二共識」的前大陸委員會主委蘇起接受台灣聯合報專訪時則批評蔡英文將習近平口中「九二共識」與「一國兩制」畫上等號，是曲解。蘇起表示，九二共識的功能是「創造性模煳」，在兩岸在這模煳空間中，找到協作與維繫兩岸和平的平台。蘇起認為當今之策是將兩岸問題拉回到中間去談判，而中間最模煳的地帶就是九二共識。 不過，在台灣與中國都拋棄「模煳」的兩岸戰略之後，林夏如向BBC 中文強調，也許最需要重新創立兩岸政策的，是北京政府，因為其或許需要重新思考怎麼得到台灣人心，除了經濟紅利之外，還有什麼？ 林夏如亦認為，雖然蔡英文聲勢上揚 「但是也不要覺得國民黨是沒有希望的，兩邊都開始突然間要重新創新自己的戰略」。「台灣的認同政治已經結束，你不能站在台上用台語唱幾首歌，就說你投給我吧！這個時代已經過去。你一定要說我如何治理政府？ 你一定要說經濟要怎麼改革，才能得到認同，」林夏如強調。
https://www.bbc.com/news/uk-scotland-scotland-politics-51600554,MSPs call for action over rendition flights investigation,"The cross-party group is concerned that officials from Westminster and Washington are refusing to provide the force with an unredacted US Senate report into alleged CIA torture. They have written a letter to First Minister Nicola Sturgeon. The Scottish government said the letter would be carefully considered. It also said Justice Secretary Humza Yousaf was already seeking support from the UK government in getting the unedited report. The US government was known to have used ""rendition"" tactics during the so-called ""war on terror"", which involved the detention of suspected terrorists and removal to another country where they were allegedly tortured for information. Scottish airports It is alleged some Scottish airports were used as refuelling stops for these trips. The current inquiry was requested by the Crown Office in mid-2013 after an academic study claimed that Aberdeen, Inverness and Wick airports were used in the rendition of suspected terrorists. The study also identified the use of Prestwick, Glasgow and Edinburgh as fuelling stop-offs for these alleged rendition flights, often linking the US and the Middle East. The letter, signed by members of the SNP, Scottish Labour, the Scottish Liberal Democrats and the Scottish Greens, urges Ms Sturgeon to call on Westminster to ensure the US Senate report is made available to Police Scotland. The group also raises concerns that evidence could be destroyed by the current US administration, following a report from the New York Times in 2017 that President Donald Trump could order the unedited report to be locked away in Senate vaults or destroyed. The letter said: ""We are concerned that an ongoing Police Scotland investigation into this matter has been blocked from seeing vital evidence it needs to get to the truth. ""Specifically, officials in Washington and Westminster have failed to provide Scottish Police with an unredacted copy of the US Senate's report into torture undertaken by the US Central Intelligence Agency (CIA). ""This report contains detailed information about the CIA's rendition network. We urge you to call on the Westminster government to ensure this evidence is supplied."" 'Deeply concerning' Scottish Greens co-leader Patrick Harvie said: ""I remember calling for this probe into this use of Scottish airports 15 years ago, and Police Scotland have been investigating since 2013. ""It is disgraceful that officers are still waiting for evidence, and deeply concerning that responsibility for transparency now rests with the Trump administration. ""Without a concerted effort now by the Scottish and UK governments, we might never get the truth."" He added: ""As the UK government sidles up to Trump in the hope of a post-Brexit trade deal, it's vital the first minister pushes them on rendition."" Ch Supt Faroque Hussain, of Police Scotland, would not be drawn on the need for the force to be able to see the US Senate report. However, he said: ""Specialist officers from Police Scotland's Organised Crime & Counter Terrorism Unit have gathered and analysed all the information made available to them and have submitted a report which is being considered by the Crown Office."" A spokeswoman for the Scottish government said Justice Secretary Humza Yousaf would ""give careful consideration"" to the demands from the MSPs, and said he was already seeking support from the UK government in getting the unedited report. Dan Dolan, deputy director of human rights campaign group Reprieve, said: ""This is a major development in the investigation into how Scottish airports were used in CIA rendition flights. ""The Scottish government has made the right move today, and it must not let Westminster stonewall its efforts to get the evidence it needs. Nicola Sturgeon should tell Boris Johnson to stand up to Donald Trump on this issue""."
https://www.bbc.com/news/entertainment-arts-46777955,Golden Globes 2019: Nine talking points from the ceremony,"While there were numerous British winners and some surprise victories for Freddie Mercury biopic Bohemian Rhapsody, the Beverly Hills ceremony itself was also pretty eventful. Here are nine talking points from the night. 1. Opening remarks On social media, many viewers felt Sandra Oh and Andy Samberg gave the star-heavy audience an easy ride in comparison to previous hosts such as Ricky Gervais, Tina Fey and Amy Poehler. But the pair still had a couple of good gags in their opening duologue. 2. The absence of politics - almost This is now the third awards season since President Trump was elected, and it seems Hollywood is finally starting to tire of mentioning him in speeches. No winners addressed him by name, and hardly any got political. There was one significant exception in the shape of Christian Bale, who won best actor in a comedy or musical for his portrayal of former vice-president Dick Cheney. ""Thank you to Satan for giving me inspiration to play this role,"" he said - which is pretty much in line with how Cheney is portrayed in the unflattering biopic. The actor also joked that he was planning to corner the market on playing unpopular politicians. ""What do you think? Mitch McConnell next?"" he asked the audience, referring to the Senate majority leader who's at the centre of the current US government shutdown. 3. Emma Stone's (very loud) apology Back to Sandra Oh and Andy Samberg's monologue for a sec. One of the most notable moments actually came from a certain member of the audience after one of their jokes. ""Crazy Rich Asians is the first studio film with an Asian-American lead since Ghost in the Shell and Aloha,"" joked Oh. She was referring to two recent films - starring Scarlett Johansson and Emma Stone respectively - that were criticised for whitewashing because they cast white actresses in Asian roles. ""I'M SORRY!!"" shouted Stone from the audience - repeating her previous apologies for taking this role. There's no way this moment wasn't set up, but it was glorious nonetheless. 4. When Daniel met Idris Rachel Weisz, Emma Stone's co-star in The Favourite, attended the ceremony with husband Daniel Craig - who happened to be sitting near to fellow Brit Idris Elba. And the fact that Elba has been linked to the role of James Bond was apparently not lost on the part's current incumbent. 5. Jeff Bridges wants us to be rudders, or something Since 1952, the Golden Globes have given out the Cecil B DeMille Award - essentially a prize for outstanding contribution to film. Recent winners include Meryl Streep, Oprah Winfrey and Denzel Washington. This year it went to The Big Lebowski and Crazy Heart legend Jeff Bridges, who gave a typically far-out speech in an attempt to persuade us to change the world. After reminding us that we're all alive (""Right here, right now! This is happening. We're alive!""), he used a shipping analogy to insist we can all make a difference. He recalled how renowned thinker Buckminster ""Bucky"" Fuller had noticed how giant ocean tankers could turn faster if they had smaller rudders attached to the main rudders. ""The little rudder will turn the big rudder, the big rudder will turn the ship. The little rudder is called a trim tab,"" he said. ""Bucky made the analogy that a trim tab is an example of how the individual is connected to society, and how we affect society. And I like to think of myself as a trim tab. ""All of us are trim tabs. We might seem like we're not up to the task, but we are, man. We're alive! We can make a difference! We can turn this ship in the way we wanna go, man! Towards love, creating a healthy planet for all of us."" 6. The legend that is Carol Burnett On Sunday, the Golden Globes officially launched the TV equivalent of the Cecil B DeMille Award, the inaugural Carol Burnett Award. The first recipient of which, appropriately, was Carol Burnett. ""She is a comedy legend, the first woman to host a variety sketch show on TV,"" explained Steve Carell. As she took to the stage, 85-year-old Burnett touchingly recalled an era of television that pre-dated YouTube and Netflix. ""What fascinated me was that stars on the screen could make people laugh, or cry, sometimes both,"" she said. ""And I wished, I hoped, that maybe someday I could have the chance to do the same thing. ""This award, so generously named after me, is dedicated to all those who made my dreams come true, and all those out there who share the love I have for television, and who yearn to be part of this unique medium that has been so good to me."" 7. Regina King's commitment to women Last year, while collecting awards at every ceremony she turned up to, Three Billboards actress Frances McDormand called for movie productions to use ""inclusion riders"". In other words, to guarantee that staff working on a film both on and off camera were made up of an inclusive and diverse group of people. Regina King, who won best supporting actress for her role in If Beale Street Could Talk on Sunday night, seems to be down with this idea. ""I'm going to use my platform right now to say in the next two years, I am making a vow, and it's going to be tough, to make sure that everything I produce is 50% women,"" she said. ""And I just challenge anyone out there who is in a position of power - not just in our industry, in all industries - I challenge you to challenge yourselves and stand with us in solidarity and do the same."" 8. Maya Rudolph and Amy Poehler's 'engagement' You may remember the proposal that took everyone by surprise at the Emmys last year, when Glenn Weiss asked his partner Jan Svendsen to marry him while accepting an award. It was the most talked-about moment of the ceremony. At the Globes, appearing to reference that moment, Saturday Night Live star Maya Rudolph proposed to co-star Amy Poehler when they appeared to introduce an award. ""Amy Geraldine Poehler, will you marry me?"" asked Rudolph, her hands mock-shaking as she retrieved a ring from her pocket. ""Oh my god, I can't believe you're doing this!"" Poehler said, before adding: ""Are we stealing focus from the next award?"" Rudolph replied: ""Don't worry, it's just best screenplay."" 9. The star who brought sandwiches Melissa McCarthy may not have won a Globe for her performance in Can You Ever Forgive Me? - but she left the ceremony a heroine nonetheless. How? By smuggling a batch of 30 ham and cheese sandwiches into the Beverly Hilton Hotel and doling them out to hungry stars during the ceremony. ""I've been handing them out to everyone,"" McCarthy told Variety. ""Next year I'm bringing hot dogs."" Her generosity even generated an on-stage thank you from Olivia Colman during her award acceptance speech. Follow us on Facebook, on Twitter @BBCNewsEnts, or on Instagram at bbcnewsents. If you have a story suggestion email entertainment.news@bbc.co.uk."
https://www.bbc.com/zhongwen/trad/chinese-news-40893999,錯綜複雜的國民黨黨產問題燒向馬英九,"國民黨處理黨產的過程被形容是""匪夷所思""、""不合常理""。 除了之前的前高層蔡正元被收押之外，現在馬英九任內兩名黨產事務的高級主管也被檢察官下令禁止出境，似乎黨產問題正一步一步地向馬英九逼近。 連環爆料 有關黨產出售的問題被爆出種種細節，裏面甚至出現黑道開槍警告、教唆殺人、上百億資產價值低估之後被低價賤賣給特定的對象等等被媒體形容為""匪夷所思""的說法，雖然這些說法還有待檢察單位調查，但是看起來這把火正燒往馬英九。 相對於對手的磨刀霍霍，國民黨自然也不會閒著、等著被送上砧板挨砍。馬英九方面回應說，這在幾年前就已經經過如今已成為歷史名詞的特偵組調查""無不法""結案，國民黨也向主管機關申報財產稱資產是四億多元新台幣（約1500萬美元）、但是債務將近80億元（2.7億美元）。 國民黨還表示，遺留在中國境內的黨產還包括青島啤酒以及齊魯實業，希望民進黨政府向中國方面""追討""；至於國民黨申報資產的內容還有回應是否可信？自然也是引發了正反兩種極端不同的看法。 國民黨被指將沒收的日本在台灣資產轉為黨產，如今應該還給人民 壟斷事業 在威權時代，國民黨黨產可謂包山包海，這次被調查的例如拍電影的中央電影事業、播電視的中國電視、還有中國廣播公司這家當年台灣規模最大的廣播電台。其實除了這個所謂的""三中""之外，在當年國民黨旗下還包括了空運承攬、銀行、食品、百貨等等。 其他還有電機、電訊設備等等當年幾近壟斷的企業，甚至國民黨申報資產提到的齊魯實業其實也有一段時間在台灣經營軍火、火藥之類的特許行業。而""三中""之所以特別引人注目，就是這三家公司在台灣各大城市的精華區都有大筆價值不菲的土地。 國民黨旗下事業之多，令國民黨擔心會落入個別黨員的手中，所以在1971年成立了中央投資公司。但是從結果來看，國民黨黨產還是經由黨的""總管""主管經營，而資金流向就算到了民主化之後依然""不透明""。 在李登輝擔任黨主席期間，由於推行""南向政策""，中央投資公司成了前往越南等東南亞國家投資的領頭羊，也曾傳出到南太平洋投資漁業等等，國民黨黨產到底有有多少？至今沒人能夠說出確切的數字。 民進黨常年指責，因為背後有龐大的黨產，國民黨在選舉時能夠投入的資源就很驚人，對相對家門寒酸的其他政黨而言就""不公平""。國民黨常年也被其他政黨批評是因為選舉要""買票""、所以""抱住黨產不放""。 國民黨的黨產最輝煌的時候應該是在李登輝擔任主席的時候，一方面是因為黨營事業一家一家地曝光，另一方面是因為支持李登輝執政時期的拓展外交，許多黨營事業就成了經手投資的重要工具。 民進黨政府追打國民黨黨產，是否會揭開國民黨黨產錯綜複雜的資金流向？ 黨產歸零 公元2000年總統大選，國民黨敗北，李登輝在黨員的抗議之下辭去黨主席，後來接任主席的連戰也曾經表態要終結國民黨黨產，但是後來不了了之。再來的馬英九也是就任黨主席的時候信誓旦旦要""黨產歸零""，雖然出售了部分黨產，不過距離""歸零""還有相當的距離。 有一說是黨產利益牽涉甚廣，尤其常年因黨產挹注而得利的一批政治人物絶對不願以前垂手可得的好處就此一去不復返，所以黨內反對的壓力非常大，大到連戰還是馬英九都無法抵擋。 另外一種說法是國民黨的堅定支持者認為這是民進黨的政治追殺和打壓，國民黨絶對不能示弱低頭，這也讓黨產""歸零""派投鼠忌器，施展不開。 2008年就任總統時意氣風發的馬英九後來之所以支持率大跌，未能將黨產歸零而令人失望也是原因之一。如今黨產問題這把火在民進黨政府的導引之下似乎又要燒向馬英九，後續的發展令人關注。"
https://www.bbc.com/korean/international-45027833,"미국 법원, 3D 프린터로 만드는 총기 설계도 공개에 제동","3D 프린터로 만든 총기 총기 접근권을 옹호하는 단체 '디펜스 디스트리뷰티드'는 1일 다운로드 가능한 총기의 설계도를 온라인에 공개할 예정이었다. 이 단체는 지난 6월 총기 인쇄 방법에 대한 안내서를 발행할 수 있게끔 트럼프 행정부와 합의했었다. 그러나 8개의 주와 컬럼비아 특별구가 지난 7월 30일 추적이 불가능한 총기는 안전 위협이라고 주장하며 문제의 합의를 막아야 한다고 정부를 제소했다. 로버트 래스닉 판사는 안내서의 공개를 중지시키는 가처분명령을 내렸다. 설계도가 잘못된 용도로 사용될 수 있다는 것이었다. ""공립 대학교와 공공장소에도 3D 프린터가 있으며 바로잡을 수 없는 위해가 발생할 가능성이 있다."" 래스닉 판사는 말했다. 래스닉 판사는 다음 공판을 8월 10일로 잡았다. 디펜스 디스트리뷰티드는 1일 안내서를 공개할 예정이었으나 1천 명 이상의 사람들이 지난 7월 27일부터 AR-15 소총을 3D 프린터로 만드는 법에 대한 안내서를 다운받았다. AR-15는 미국의 총기 난사 사건에서 자주 사용된 총기다. 어느 주가 안내서 공개에 맞섰나? 트럼프 행정부에 제기된 소는 워싱턴주 시애틀에서 워싱턴주 법무장관에 의해 이뤄졌다. 뉴욕, 뉴저지, 메사추세츠, 코네티컷, 펜실베이니아, 오레곤, 매릴랜드 그리고 콜럼비아 특별구도 참여했다. 소는 총기 설계도의 공개가 돌이킬 수 없는 행위라고 말한다. 2013년에 등장한 '리버레이터'는 모든 부품이 3D 프린터로 만들어진 최초의 총기다 ""정부는 해당 합의에 대해 국가안보 차원에 미칠 영향이나 미국의 각 주가 주민들을 보호할 수 있는 능력에 미치는 영향을 고려하지 않았다."" 또한 20개 주의 법무장관들은 국무부와 법무부에 총기 설계도를 온라인에 공개하는 것을 막아줄 것을 서면으로 요청했다. 각계의 반응은? 워싱턴주 법무장관 밥 퍼거슨은 이번 판사의 결정을 두고 ""완전한 승리""라며 ""우리가 요청한 모든 것을 래스닉 판사로부터 얻었습니다.""고 말했다. 또한 그는 트럼프 대통령이 ""이 정보를 모두에게 접근 가능하게 만드는 것을 불법으로 만들어야 한다""고 전했다. 트럼프 대통령은 법원 명령이 나오기 전인 7월 31일 3D 총기를 일반에 판매하는 것이 ""별로 좋은 생각이 아닌 것 같다""고 말한 바 있다. 자신의 행정부가 디펜스 디스트리뷰티드와 6월에 합의한 이후다. 그러나 이 단체의 창립자 코디 윌슨은 3D 총기가 공공 안전에 위협이 아니라고 BBC에 말했다. ""3D 총기로 실행된 어떠한 범죄도 본 적이 없습니다."" 그는 말했다. ""제가 알기로 3D 총기 때문에 체포된 단 한 명은 일본에서 온 신사분이었는데 단지 만드는 것에 대해 호기심이 있었기 때문이었습니다."" 인쇄 가능한 총기는 어떻게 개발됐나? 3D 총기에 관한 논란은 스스로를 암호 무정부주의자로 규정하는 코디 윌슨이 2013년 세계 최초의 3D 프린터로 만든 총기를 공개하면서 시작됐다. 제조 과정을 어떻게 따라하는지에 대한 파일이 디펜스 디스트리뷰티드의 웹사이트에 즉각 공개됐고 수십만 건의 다운로드를 기록했다. 이로 인해 미국 국무부는 이 단체에 인터넷에서 파일을 삭제할 것을 명령했다. 그리고는 4년에 걸친 법적 다툼이 시작됐다. 디펜스 디스트리뷰티드는 총기를 소지할 자유를 추구하는 수정헌법2조재단과 함께 국무부에 소송을 걸었다. Cody Wilson: The man behind America's 3D-printed guns 놀랍게도 지난달 이들은 승소했다. 법무부는 미국 국민은 3D 총기의 기술적 데이터에 대해 ""접근하고 논의하고 사용하며 복제""할 수 있다고 판시했다. 윌슨은 ""다운 가능한 총기의 시대""가 시작됐다며 승소를 자축했다. 그러나 비판론자들은 소위 유령 총기의 대량 생산을 우려했다. 유령 총기란 정부가 파악을 하지 못하고 추적을 할 수 없는 미등록 총기를 이른다. 법적 행동이 시작된 이후부터 디펜스 디스트리뷰트는 새로운 총기 디자인 작업을 진행 중이었고 '고스트 거너'라는 절삭기계도 만들었다. 이 기계는 온라인에서 구입한 부품을 완전히 작동 가능한 총기로 만들어준다."
https://www.bbc.com/zhongwen/trad/chinese_news/2012/09/120912_china_japan_diaoyu,日本表示在釣魚島問題上不會讓步,中國抗議日本購買釣魚島 日本媒體報道，日本外相玄葉光一郎拒絕了中國敦促日本撤銷購買釣魚島決定的要求。 這一輪對於釣魚島主權歸屬的爭端是上個月爆發的，當時日本方面扣押了一群在釣魚島上的中國活動人士。中國大陸、香港和台灣此後爆發了關於釣魚島的抗議示威。 本周二日本政府完成了購買釣魚島的手續，引發中國強烈抗議。中國外交部發言人洪磊敦促日本「懸崖勒馬」。 中國官方媒體新華社報道，中國周二還派出兩艘海監船到釣魚島外圍海域宣示主權。 但日本海上保安廳周三說，他們在對釣魚島「毗鄰海域」進行監視時，沒有發現任何中國的海監船。 日本海上警衛隊的一名官員說，接近日本領海的外國船隻都會受到警告，被要求改變航向，如果堅持進入日本海域，日本海上警衛隊就會迫使其離開。 愈演愈烈的中日釣魚島之爭已經引發地區國家以及美國的關注。美國負責亞太地區事務的助理國務卿坎貝爾呼籲中日兩國保持冷靜，通過對話緩和緊張局面。 坎貝爾說，目前亞太地區是全球經濟發展的中心，日本和中國則是亞太經濟的兩大驅動力，維持兩國關係穩定至關重要。 與内文相關的鏈接
https://www.bbc.com/korean/news-44351577,'종전선언'이 당신의 일상에 미칠 영향,"2018년 1월 2일 논산훈련소에서 열린 입영행사 서울 용산구 전쟁기념관 군대에 가지 않아도 될까? 평양에 방문할 수 있을까? 분단의 상징인 비무장지대(DMZ)는 어떻게 되나? 한국전쟁 때문에 생긴 조직인 유엔군사령부(UNC)는 없어질까? 그렇다면 주한미군은? BBC 코리아가 정리해봤다. 1. 군대 안 가도 될까? 2018년 1월 2일 논산훈련소에서 열린 입영행사 포털 검색창에 '종전'이라고 입력하면 연관 검색어로 '군대'가 뜬다. 지난 4월 미국 도널드 트럼프가 '종전'을 언급했을 때부터 온라인에서는 종전선언이 되면 군대에 가지 않아도 되는지에 대한 질문이 이어졌다. 남성욱 고려대학교 통일외교학부 교수는 BBC 코리아에 ""군대는 다른 문제""라며 ""보통의 관계에서도 전쟁은 날 수 있다""라고 말했다. 북한이라는 안보 위협이 없어져도 군대는 필요하다는 것이다. 청와대 국민청원 게시판에도 ""모병제 전환을 희망한다""는 청원이 올라왔다. 하지만 종전선언이 있어도 이른 시일 내에 징병제가 폐지되고 모병제 도입이 되지 않을 것으로 본다. 전문가들은 독일의 경우 1990년 통일됐지만 21년 동안 단계적으로 감축해 2011년에야 모병제로 전환했다는 점도 지적한다. 1990년 통일 당시 서독은 58만 5000명의 군대를, 동독은 23만 5000명의 군대를 보유했다고 전해진다. 2. 평양 갈 수 있을까? 1989년 임수경, 문규현 신부 불법 방북 후 귀환 현재 월북은 국가보안법에 위반되는 행위다. 지난 4월 트럼프 대통령이 종전을 언급하자 역사학자 전우용은 트위터를 통해 ""'종전'이란 비무장지대가 사라진다는 뜻""이라며 아울러 평양 관광을 할 수 있다는 뜻이라고 해석했다. 하지만 종전선언만으로 평양 방문은 쉽지 않아 보인다. 정세현 전 통일부 장관은 평화체제가 완성되는 시점엔 가능할 것이라고 내다봤다. 일반적으로 종전선언은 평화체제 구축 과정의 일부로 본다. 종전선언을 별도로 하는 경우는 이례적이다. 정 전 장관은 노컷뉴스에 ""평화 체제가 완성되면, 개성공단도 열리고 평양으로 수학여행을 갈 수도 있을 것""이라면서 ""통일되기 이전 협력을 일상화 할 수 있는 상태로 넘어올 수 있다고 볼 수 있다""고 설명했다. 종전선언 후, 남북이 서울과 평양에 각각 연락대표부를 두는 방안도 논의할 수 있다고 전해진다. 연락대표부는 대사관의 초기 단계로 이해할 수 있다. 평양은 아니지만, 남북은 공동연락사무소를 지난 4월 27일 남북정상회담에서 개성공단에 설치하기로 합의한 바 있다. 3. 비무장지대(DMZ) 없어지나? 휴전회담부터 정상회담까지 이뤄진 판문점 비무장지대(DMZ)는 원칙적으로는 말 그대로 '비무장지대'여야 한다. 하지만 현실은 그렇지 못하다. 정전협정에 따르면 군사분계선에서 남북으로 각각 2㎞ 폭으로 설정된 DMZ에는 중화기를 배치할 수 없으며, 민정경찰은 1000명 미만으로 제한하도록 규정하고 있다. 그런데도 남북은 1960년대부터 DMZ에 수백 개의 감시초소(GP)를 설치하고 기관총, 박격포 등 중화기를 반입해왔다. 무력충돌의 위험이 존재하는 이유다. 남북이 판문점 선언에서 개최키로 합의한 군사 당국자 회담에서 DMZ 내 GP 및 중화기 철수방안이 논의될 것으로 전망된다. 특히 '비무장화'에 대한 개념과 절차 등에 대한 구체적인 정리가 필요하다는 것이 전문가들의 공통된 의견이다. 군 전문가들은 DMZ의 '비무장화'는 단계별 군축(군비축소)이라는 큰 틀의 일부며 이는 평화협정 프로세스와 함께 진행될 것으로 보고 있다. 종전선언과 함께 DMZ의 '비무장화'가 바로 이뤄질 가능성이 낮은 이유다. 심지어 남측은 군사분계선(MDL) 2㎞ 남쪽의 남방한계선을 따라 철책을 구축하고 있지만 북한군은 이런 철책을 DMZ 안에 설치했다. GP 및 중화기 철수 외에도 이 철책을 다시 구축해야 하는 문제도 있는 것이다. DMZ를 평화지대로 만들기 위해 엄청난 예산과 기간이 예상되고 일각에서 북측이 이에 필요한 장비나 자재 지원을 요구할 가능성도 제기하는 이유다. 4. 유엔사와 주한미군은? 지난 5월 경기도 평택시 미8군사령부 캠프 험프리스에 미군 아파치 헬기가 계류돼 있다. 이영조 경희대 국제대학원 교수는 한국경제에 쓴 칼럼에서 종전선언이 되면 북한이 유엔사령부 해체, 미군 철수, 서해 북방한계선(NLL) 폐지를 요구할 수도 있다고 경고했다. 이 교수는 ""유엔사령부는 6·25전쟁 때문에 생긴 조직이고 미군도 유엔군 자격으로 주둔하고 있다. 종전이 선언되면 문정인 외교안보특보의 지적대로 존재 이유가 약화될 것이다""며 나아가 ""NLL도 유엔사령부가 그은 선이기 때문에 더 이상 유효하지 않다는 주장을 펼칠 것이다""라고 주장했다. 유엔군사령부(UNC)는 한반도 정전협정 유지 및 관리를 책임지고 있다. 종전선언이 되면 존립 근거가 약해지는 게 사실이다. 해체될 가능성이 제기되는 이유다. 남 교수는 BBC 코리아에 ""성격이 변할 것""이라고 내다봤다. 하지만 주한미군은 결이 다른 문제라는 의견이 지배적이다. 주한미군 정전협정과 별개인 한미상호방위조약을 근거로 주둔하고 있기 때문이다. 미국이 주한미군은 한미 간 문제고 북한과 상관이 없다는 점을 반복적으로 주장하고 있는 근거도 여기에 있다."
https://www.bbc.com/news/uk-16158015,"DVLA closures plan puts 1,200 jobs at risk","The closures, due by the end of 2013, could save about £28m a year, it says. Roads Minister Mike Penning said the plans to move more services online and centralise the DVLA in Swansea would ""make dealing with the DVLA easier"". The Public and Commercial Services Union (PCS) said the plans ""make no economic sense"". The DVLA employs 6,116 staff - 1,213 of whom are potentially affected by the proposed office closures. Consultation with staff began on Tuesday. Unions are also to be consulted. The proposals affect all 39 regional offices, described by Mr Penning as ""expensive"". They are Beverley in East Yorkshire, Birmingham, Bournemouth, Brighton, Bristol, Carlisle, Chelmsford in Essex, Chester, Exeter, Ipswich, Leeds, Lincoln, Borehamwood in Hertfordshire, Sidcup in south east London, and Wimbledon in south west London. Maidstone in Kent, Manchester, Newcastle Upon Tyne, Northampton, Norwich, Nottingham, Oxford, Peterborough, Portsmouth, Preston, Sheffield, Shrewsbury, Stockton-on-Tees, Theale in Berkshire, Truro, Worcester, Bangor in Gwynedd, Cardiff, Swansea, Aberdeen, Dundee, Glasgow, Edinburgh, and Inverness will also be affected. The regional offices carry out administrative functions such as arranging trade plates for garages, vehicle inspections and personalised registration mark transfers. Ten of the 39 offices affected by the announcement are also home to regional enforcement centres. 'Choice and flexibility' Mr Penning said: ""Centralising the DVLA's services is the first crucial step towards making more of its transactions available online, allowing people to deal with the DVLA at their chosen time and place. ""This will mean quicker turnarounds and meet our customers' growing needs."" He said the centralising of services will provide ""much more choice and flexibility around how and when motorists deal with the DVLA,"" including electronically and in partnership with others. DVLA chief executive Simon Tse said the proposals were a response to the fact that ""times change and customers' needs change"". ""It's essential that we move with the times and make the best use of our services and experience to make sure we give the motor industry and the general public a service that is fit for the 21st Century."" As part of the proposed changes, a wider range of services will be introduced in Northern Ireland. Motorists there do not currently have access to all vehicle services available elsewhere, such as being able to tax a vehicle online. Leaked plan Last November, PCS claimed that it had learned of a plan to close 39 DVLA offices from a leaked government document - but the DVLA said no decision had been made at the time. The PCS said the plans would be ""fiercely"" resisted, with industrial action very likely. PCS general secretary Mark Serwotka said: ""With unemployment and inflation remaining high, these cuts to local communities are outrageous and unnecessary, and will further weaken economies crying out for investment. ""DVLA senior managers have previously denied this is what they were planning, so to announce it just two weeks before Christmas is insulting and devastating for staff."""
https://www.bbc.com/ukchina/trad/uk_life/contributions/2012/06/120625_london_fashion_twinings,倫敦時尚：英國的川寧茶香,倫敦政經學院國際關係本科生 朱潔 走進倫敦川寧茶老店，通過它優雅古樸的環境陳設，能立刻感覺到其中的歷史積澱。 川寧茶（Twinings）倫敦旗艦店提供了上佳的解決方案；小小的茶包裏有大驚喜。 川寧締造英國茶文化 18世紀初，英國最流行的飲品是咖啡、杜松子酒和麥芽啤酒。人們甚至在早餐時分也只喝這幾種飲料。厭倦了這些飲品的托馬斯﹒川寧（Thomas Twining）開始研究茶葉，並承諾售賣最優質且種類繁多的茶。 很快，他的茶吸引了大批粉絲，包括女作家簡﹒奧斯汀（Jane Austen）和英國國王查爾斯二世（Charles II）。短短半個世紀，茶就成為了英國工人階層中最流行的飲品。 如今，走進倫敦川寧茶老店，通過它優雅古樸的環境陳設，能立刻感覺到其中的歷史積澱。茶品種繁多。不同味道的茶用不同顏色的茶包裝著，遠遠看去像一片彩虹。 中國國際商品店裏也引入川寧茶，但一般只有不多的幾種經典口味，遠比不上倫敦總店的琳琅滿目。迷上英國茶的國內親朋如能看到一些「神奇」的口味，比如由蔓越莓搭石榴，或檸檬配生姜，在傳統的伯爵茶、早餐茶中嘗到一絲不凡的花果味，一定會十分開懷。 茶的包裝精緻獨特，英倫味兒與茶香一起撲面而來。慶祝女王鑽禧的禮盒精緻大氣，繪著王室的金色馬車，讓收禮人不用身處英國，也能感到歡慶氣氛和王室的典雅，或許是今年最應景的饋贈佳品。 英國茶莊裏的中國茶 總店裏專門有一塊地方介紹和售賣中國茶。 高山烏龍茶（High Mountain Oolong），產自台灣，每125克12英鎊。幾次去店裏，都看到幾位穿黑衣、拄拐杖的英國老紳士，圍著烏龍茶細細觀看。 更受年輕人喜愛的要數一種「愛之茶」（Love Tea），在傳統的中國茶裏融入一種羅曼蒂克的風情，別具匠心。這種茶的原料產自福建省，由春季最好的嫩白茶和花茶，百分之百手工製成，十分考驗茶工的手藝，是當之無愧的藝術品。 茶被製作成愛心的形狀，每一顆「心」可泡出一杯香茗。每顆心裏有50到60片白茶茶葉，包裹著兩朵茉莉花、一朵千日紅花、一朵百合花。 初泡時，白茶色味清純。幾分鐘後，茶味絲毫不變苦，反而因花茶的演繹而越來越香濃甜蜜。淡白色茶葉舒展開來，綻放出紅色的花朵，象徵著愛情的純潔與熱烈。在情人節之際，與愛人一起看茶泡開的過程，配著巧克力飲茶，必是人間美事。 前不久，國內的一些茶莊被查出茶葉農藥超標，讓愛茶者擔憂。川寧茶店員一再表示，店裏的中國茶秉承老店數百年來高質量的原則，茶葉經過層層安檢、絕無被污染之嫌，購買時大可放心。 本文不代表BBC的立場和觀點。網友如要發表評論，請使用下表： 與内文相關的鏈接 相關話題
https://www.bbc.com/zhongwen/trad/china/2013/09/130913_japan,日本前首相菅直人出席台灣反核運動,菅直人曾經在福島核災時擔任日本首相。 他同群眾分享了從一個擁核日本首相到成為反核人士的轉折，並回顧福島核災發生後的一系列驚險善後。 菅直人說他在福島核災前對核電沒有過任何懷疑，而在首相任內被告知核電站出事的當下＂背脊發涼＂。 他分享日本經驗說，專家確信沒有百分之百安全的核技術，而他認為唯一防止核災發生的方式是要靠人們的力量讓全世界零核電，這是最根本的方法。 原子彈 菅直人在晚間對群眾發表演說前，實地造訪了台灣的核電站與供應台北自來水，距核四電站僅九公里的翡翠水庫。 他對群眾說若北台灣的核一核二與核四發生事故，方圓兩百五十公里內的人都沒有退路，沒有比這更大的冒險。 此一方圓兩百五十公里撤退圈是福島核災時，日本核安專家向菅直人建議一旦核外洩的善後計劃，菅直人說當時若真發生核外洩必須撤走五千萬人，造成日本社會崩潰。 他在演說中表示全球發展核電一開始不是為了發電，每個國家的動機都是為了製造原子彈，是為了取出鈈，而鈈的半衰期達兩萬多年。 他說核癈料劇毒是要留給子子孫孫，他並形容說媽媽一般是把好吃的留給孩子，自己吃難吃的東西，而核電則是媽媽吃好的，把難吃的留給孩子。 台電 由於菅直人的反核態度，台灣國營的台電公司原本拒絕讓他到核電站實地參訪，在折衝後則讓他在核一電站短暫停留。 由於菅直人在參訪核電站隨即離去未對記者發言，台電公司對媒體說菅直人參訪時肯定台灣核電站一些設施優於福島核電站。 但這樣的說法被菅直人本人否認，邀訪菅直人到台的公民團體表示他對台電說法感到錯愕，公民團體並批評台電公司無恥公然說謊。 菅直人晚間參加中正紀念堂的＂反核五六活動＂，是台灣一群藝文界人士與公民團體的例行性小型群眾集會，群眾人數約數百人。 據邀訪的公民團體說，當時對菅直人提出邀請時他爽快答應，也不在意群眾規模大小。 菅直人在離開中正紀念堂廣場時勉勵在場群眾說，全世界都在看著他們的運動，他希望人們能持續下去，讓這個世界成為一個無核世界。
https://www.bbc.com/zhongwen/trad/chinese-news-45886706,香港「明日大嶼」填海計劃今天引發的爭議,"示威者認為香港政府的資源應投放到民生問題上，而不是用來填海。 香港媒體早前引述消息指，這個名為「明日大嶼」計劃建議在香港島和大嶼山中間的水域建造多個人工島，總面積約1,700公頃，耗資約5000億港元（約638億美元）。計劃公布後，引起外界迴響，一些香港市民在10月14日舉行遊行，要求政府取消計劃，其中不乏帶同自己小孩一起遊行的家長，香港媒體引述這些家長說，他們認為林鄭月娥的計劃將耗盡香港的財政儲備，也會進一步破壞香港的海洋生態。 填海在香港並不是新鮮事情，而香港社會對填海帶來的爭議也不陌生。過去許多的填海計劃都在香港社會引發爭議，但隨著香港的房價越來越貴，供應越來越少，香港社會對增加土地供應的討論越來越熱烈。 支持填海的意見認為填海是增加土地最直接的方法，而且在新加坡和澳門等鄰近香港的許多地方都用這方法增加土地供應。反對意見就指出，其實香港有方法釋放更多的土地作發展用途，無須填海。 香港政府建議建造多個人工島（圖中粉紅色範圍），並用多個新的道路和鐵路網絡（紫色和藍色線所示）把它與香港其他地方連接起來。 計劃為何引起爭議？ 反對「明白大嶼」填海計劃的人士主要有數個不滿的地方： 費用過高：香港官員透露，整個項目的造價高達5000億港元（約638億美元），而香港政府預計2018至2019年的政府總開支為約5500億港元。民主派立法會議員范國威形容，林鄭月娥的計劃是「燃燒」香港的儲備。 有意見認為，人工島建成後，政府可以透過出售島上的土地給發展商，取回一些建造成本。但香港前立法會議員姚松炎形容，這是一個「基建旋轉門」。他接受BBC中文訪問時指出，人工島的成本這樣高，島上土地的售價會水漲船高，最後建成的樓宇售價自然也會貴，受影響的始終是想買房子的人。 組織示威的團體指高峰期有約20,000萬參加遊行，香港警察就說參加者約5,800人。 對環境造成影響：世界自然基金會香港分會海洋保育副總監李美華指出，香港政府在推出「明日大嶼」計劃前沒有完全掌握受計劃影響地區的生態。她接受BBC中文訪問時說，香港政府至今仍沒有對建議填海的地區進行生態價值研究，但據他們所知，該水域內島嶼的天然海岸線有珊瑚群落，當地漁民也反映那是他們的重要漁場。 尚有其他選項：香港政府早前發表《香港2030+》報告，指當地長遠需要增加約4,800公頃的土地供應，而現在的發展計劃只能提供約3,600公頃土地，仍差約1,200公頃。香港民間組織本土研究社今年5月發表的一份報告指，香港各處有許多棕地、以不同方式短暫出租外界作私人用途的政府土地，其中政府可收回約1,000公頃的土地發展，興建住宅或其他有公共用途的設施。 香港中文大學地理及資源管理學系教授伍美琴也認為，香港現時並不缺乏土地，只是沒有好好利用，香港也「必須做好規劃，迫不得已才應向海洋打主意」。她接受BBC中文訪問時指出，香港政府可動用《收回土地條例》等相關條文收回土地作發展，但前提是必須做好規劃。「做好規劃後，就能知道哪些地方的土地適合發展。」 甚麼是「棕地」？ 棕地（brownfield）是泛指一些已經發展而用作不同用途的土地，包括物流後勤用地、荒廢或已被破壞的農地、工場或回收場等。香港政府在2013年提交立法會的文件強調，棕地並沒有一個「清晰統一」的定義。 這幅位於香港新界的棕地目前被用作儲存貨櫃。香港各區都有許多類似的棕地，有意見認為政府可先發展這些棕地，興建房屋。 甚麼是《收回土地條例》？ 香港的土地管理在主權移交中國前後，均跟隨英國習慣，所有土地均屬英國皇室擁有（主權移交後改為中國國家擁有，在《基本法》規定下授權香港特區政府管理）。因此，發展商在香港「買地」並不是永久買下土地，而只是買下土地的使用權。香港政府在條例授權下，可「收回任何土地作公共用途」。 新加坡在立國之初也訂立類似的法案，當地稱為《收地法案》，新加坡政府當時就大量徵收私人土地，興建房屋賣給當地人。 政府高估土地需要：香港政府統計署去年公布人口預測指，當地的人口到2024年會增至約774萬人，到2043年會到達822萬人的頂峰。但隨著人口老化和死亡率增加而慢慢回落，到2066年會降回約2024年的水平。 本土研究社研究員楊夏至接受BBC中文訪問時批評，林鄭月娥在施政報告提出的填海計劃與政府本身預測的數字已經自相矛盾。他指出，統計署預測香港人口到頂峰時，就是人工島建成可供入住的時候，而香港政府除了建議的人工島外，在香港其他地方還有其他土地供應。 他指出，這些土地發展加起來遠遠超過政府本身人口和土地的計算，「這令人思疑：要不就是政府本身的計算沒有基礎，要不就是政府暗示可能有大規模人口移入。」 填海爭議 填海在香港並不是新事物。早在1842年中國把香港島割讓給英國後，港英政府就開始填海造地計劃。至今許多住宅區、以至赤鱲角機場等的用地，都是透過填海得來。 香港目前面積約1100平方公里，當中有40%都被劃作郊野公園範圍，已發展的面積少於25%，而截止2017年末的數字，香港現時有6%的土地來自填海。 隨著香港的環境保護意識抬頭，填海開始成為香港社會內具爭議的一個爭題。香港主權移交前，當時的立法局通過《保護海港條例》，限制在分隔九龍和香港島的維多利亞港填海。 此後，香港的民間組織多次成功阻止香港政府在維港兩岸填海。其中民間組織「保護海港協會」成功引用《保護海港條例》，迫使香港政府縮減在灣仔的填海計劃。香港終審法院在2004年頒下判詞，指香港政府只能在有「凌駕性的公眾利益」下，才能推翻《保護海港條例》的規定，在維港範圍內進行填海。自此，香港填海工程的焦點此後轉移到維港以外的地方。 維多利亞港是香港一個國際知名的地標。 支持者：填海是「最直接方案」 前任香港特首董建華牽頭成立的香港智庫「團結香港基金」早前提出一個跟林鄭月娥的建議十分類似的計劃，建議在大嶼大和香港島之間的水域填海2,200公頃。林鄭月娥提出填海的計劃後，「團結香港基金」表示十分樂見林鄭月娥也認為填海是一個「比較有效的土地供應來源」。 基金的高級研究員葉文祺接受BBC中文訪問時指出，「團結香港基金」並不反對棕地、農地等其他任何可以提供土地的方案，但他認為徵用棕地或其他已出租的政府土地需時與對方討論搬遷和賠償等問題，不會是一個快的程序。即使成功徵地發展，政府也需要為那個區域擴建現時的交通設施，反而填海造地的話沒有徵地的問題，填海的同時也會建造一套新的交通基建，「不會加重現時交通系統的負擔」。 葉文祺又說，「團結香港基金」提出填海計劃時已經委托顧問公司作環境評估，發現建議的填海區域無中華白海豚等動物的蹤影。他又說，如果香港政府真的要落實填海計劃，必先作一個嚴謹的環境評核，才可以正式動工。 点击看资料 東涌等多個香港新市鎮都是建在填海得來的土地上 2006年的東涌已建成一個新市鎮 1994年，東涌與赤鱲角機場填海正在進行 葉文祺承認填海工程不是短期能完成的事情，但香港在考慮土地供應來源時，除了短期也必須做長期的工作。「我們現時房屋供應不足的原因，就是因為過去十多年沒有長期土地供應。」 「如果我們永遠不去想長遠的土地供應的方法，那麼這個循環會不斷重覆，可能十年後我們會重回現時的位置，房屋供應繼續短缺。」 香港鄰近的地區怎樣看待填海？ 新加坡透過填海，大幅增加國土面積。 香港社會在討論填海的議題時，最多引述的是新加坡的例子。新加坡1965年獨立至今透過填海，成功令國家土地面積增加20%。 當地政府2013年發表人口白皮書，預期當地人口到2030年將增長至690萬，建議透過填海、發展自然保留用地和增加發展密度等增加土地供應，預計可以提供約70萬個住宅單位。 但新加坡的填海工程並非一帆風順，馬來西亞、柬埔寨和和印尼先後停止向新加坡出售填海用的砂石。其中柬埔寨去年宣佈停止向新加坡出售砂石時，柬埔寨官員指從當地河牀挖掘沙石時對當地環境造成長久破壞，因此決定全面永久停止出口砂石。 環保人士也指出，填海工程對當地的環境造成破壞，更演化成國際糾紛。馬來西亞認為新加坡東部大士區的填海工程侵犯領土，也破壞柔佛海峽的海洋環境，影響當地漁民收入。兩國最後在2005年和解，新加坡現時的填海工程集中在南部，主要就是為了避免再次引起馬來西亞不滿。 馬來西亞、柬埔寨和和印尼先後停止向新加坡出售填海用的砂石。 世界自然基金會香港分會海洋保育副總監李美華留意到，許多國家現時都開始提出「可持續發展」，例如中國國家海洋局今年1月提出方針，禁止嚴重海壞海洋生態環境、非涉及國計民生、和用於商業地產開發的填海，被當地媒體稱為「史上最嚴圍填海管控措施」，令中國內地幾乎所有填海工程都被叫停。 中國國家海洋督察組也向河北和海南等地的填海作批評或要求整改。其中，海南省近年大興土木，目前已完成填海建設或獲批填海的人工島至少11個，總面積約1845公頃。督察組批評海南多個建在填海地上的項目「違法違規用海」，而當地的相關部門對項目「未批先建」等違法行為處罰不足。 另外，廣東省南部珠江三角洲內多個城市的填海項目因應海洋局的要求先後停工，包括珠海橫琴南部、中山市翠亨新區、東莞長安新區等。 李美華認為，當中國都已經叫停填海項目的時候，反而香港就甚麼也不管。她形容這是個「很大的矛盾，也讓人很難明白為何有其他不傷害環境的選項，卻不先走那些，而選擇填海」。 香港中文大學教授伍美琴指，外界以為保護生態的意思純粹是保育動物，她說這其實是一個「很大的誤會」，因為人身心的健康與大自然的健康十分有關，而且大自然向人類經濟提供原材料，不健康的自然生態也會影響經濟的發展。 她指，她所說的保育生態，其實不是為動物發聲，「即使是很自私地說人類，其實人類也需要」良好的生態。"
https://www.bbc.com/news/business-44006412,Alibaba's sales surge continues,"Revenues hit 61.9bn yuan ($9.7bn; £7.2bn), boosted by steady sales in its core businesses. The first three months of the year are usually slow for Alibaba, coming after the boost from Singles Day in November. Alibaba is one of the world's most valuable companies, and its shares nearly doubled in value last year. The company, which listed in New York in 2014 in what was then the world's biggest initial public offering of shares, has reported income growth of more than 50% for each quarter for the past two years. However, the internet giant's operating margin has been squeezed over the past year, falling from 25% to 15%. One threat is from rival retailer JD.com. This period is the first since Alibaba bought a 30% stake in payment business, Ant Financial. That company is gearing up to issue shares to investors and is currently investing in a bid to keep ahead of the competition."
https://www.bbc.com/ukchina/trad/vert-fut-50730380,為什麼世界正面臨沙子短缺危機？,三個兇案現場雖然彼此相隔數千英里，但都有一個叫人難以相信的共同原因：爭奪21世紀最重要但卻最不被看重的一種商品，即人們眼中再普通不過的沙子。沙子爭奪戰引發的暴力浪潮正愈演愈烈，而上述僅是其中最新的四名受害者而已。 沙子看似卑微不足道，但在我們當今的生活中卻不可或缺。沙子是建設現代城市的主要原料。我們用來建造購物中心、辦公室大樓和公寓樓房的混凝土，以及用來修建道路連接這些商業住宅大樓所使用的瀝青，大部分都是用沙子和砂礫攪拌粘接而成。每扇窗戶、每個擋風玻璃和智能手機屏幕，其玻璃都是用沙子燒融後製成。甚至我們的手機和電腦裏的硅晶片，以及我們家中幾乎其他所有電子設備，都用了沙子為原料。 你或許要問，儘管沙子是重要原料，但有何理由要為沙子爭奪得你死我活？我們的星球到處都是沙子。從撒哈拉沙漠到亞利桑那州的大沙漠都有綿延不盡的沙丘。世界各地海岸線上的海灘也都是沙子。我們甚至只需花少少錢就可以在我們附近的五金店買到幾袋沙子。 但信不信由你，今天全球正面臨著沙子短缺的危機。既然地球上幾乎每個國家都有這種物質，而這種物質似乎又取之不盡用之不竭，但這一自然資源又怎麼會快要耗盡呢？ 為全球不斷增長的城市人口建造高樓大廈和橋樑道路，需要大量的沙子（Credit: Getty Images） 因為除了水之外，沙子是地球上人類消耗最多的自然資源。人們每年要使用500億噸的「骨料」（工業術語，沙子和礫石混合的通稱）。這500億噸的量足以覆蓋整個英國。 而問題在於工業使用的沙子是有選擇的。沙漠中的沙子雖然取之不盡，但對我們基本上沒用。人類開採的沙子絶大多數用來製造混凝土。用於此目的，沙漠中沙粒的形狀不符合要求。沙漠的沙是經風而不是水的侵蝕而形成，因此形狀太光滑、太圓潤，無法粘接在一起形成穩定的混凝土。 我們需要的沙子是在河牀、河岸、河漫灘、湖泊和海岸上開採的比較粗燥的沙子。對這種沙子材料的需求量非常巨大，以至於全世界的河牀和海灘的沙都被開採一空，甚至為開採這種珍貴的建材不惜破壞農田和森林。在越來越多的國家，犯罪團伙開始涉獵盜採沙子行業，催生出一個往往會鬧出人命的沙子黑市。 聯合國環境規劃署（United Nations Environment Programme）研究員帕斯卡爾·佩度日（Pascal Peduzzi）認為，「很多人對出現沙荒感到意外，但不應該為此大驚小怪。不論任何物質，我們不可能每年開採500億噸而不會導致對地球和人們生活的巨大影響。」 造成沙荒供應危機的主要原因是全球城市化發展太快。全球人口每年都在增長，而且從農村遷往城市生活的人口也在每年增長，特別是在發展中國家。在亞洲、非洲和拉丁美洲，城市正在以人類歷史上前所未有的速度和規模大幅擴張。 從1950年代至今，全球生活在城市地區的人口已增長了三倍多，現約為42億人。聯合國預測，在未來30年裏，還將有25億人進入城市，這相當於每年增加8個紐約大小的城市。 沙漠中的沙，如撒哈拉沙漠，經過風的千年吹襲侵蝕，細微光滑，如用作混凝土材料，缺乏粘合強度（Credit: Getty Images） 要建造容納所有新增城市人口的樓房建築，以及連接樓房的交通道路，需要大量的建築用沙子。在印度，建築用沙量自2000年以來每年增長兩倍多，而且仍在快速增長。僅中國一個國家在這十年裏使用的沙子就可能比美國在整個20世紀使用的沙子還要多。對某些類型的建築用沙的需求如此之大，以至於坐落在巨大沙漠邊緣的迪拜（Dubai）要從澳大利亞進口沙子。沒錯，澳大利亞出口的沙子是賣給沙漠國家的阿拉伯人。 不過沙子不僅用於建築和基礎設施，也越來越多地用於填海造地。從加利福尼亞到香港，體型越來越大、馬力越來越強的挖沙船每年從海底吸走數以百萬噸計的沙子，堆填在海岸地區，人工建造出新的陸地。迪拜棕櫚樹形狀的島嶼可能是近年來從無到有建造的最著名的人造陸地，而全球同樣的填海人造陸地還很多。 尼日利亞第一大城市拉各斯（Lagos）正在大西洋海岸地區填海，以增加2400英畝（9.7平方公里）的城市土地。擁有的天然土地面積在世界上排名第四大的中國，也填海增加了數百英里長的海岸線，蓋了好幾座島嶼做豪華度假村。 這種新造的人工地產可帶來巨大利潤，但常常要付出高昂的環境生態代價。在海底挖沙已經破壞了肯尼亞、波斯灣和美國佛羅里達的珊瑚礁。而且還破壞了海洋生物的棲息地。使用吸沙管抽沙使水域變得渾濁，會危害到離開原棲息地的海洋生物。馬來西亞和柬埔寨的漁民發現他們的生計被海洋挖沙所破壞。在中國，填海造地破壞了沿海濕地，以及魚類和水鳥的棲息地，並增加了水污染。 還有新加坡，這個國家填海造地世界領先。為了給近600萬國民創造更多的空間，這個高人口密度的城市國家在過去40年裏填海新增加了50平方英里（130平方公里）的土地，而填海的沙子都是從其他國家進口。因此造成的環境破壞非常之嚴重，以至於印度尼西亞、馬來西亞、越南和柬埔寨等鄰國現在均限制向新加坡出口沙子供其填海。 根據荷蘭一個研究小組的報告，自1985年以來，人類總共為世界海岸增加了5237平方英里（13563平方公里）的新生人工土地，其面積相當於牙買加的整個國土。這些人造土地大部分是用大量的沙子填海而來。 用工業之規模，從河流、湖泊和海灘開採沙子，以滿足全球的需求（Credit: Getty Images） 開採沙子用於混凝土和其他工業用途更具破壞性。用於建築的沙子通常採用河沙，需要從河流中開採。用吸沙機甚至是水桶把沙子從河中抽上來是輕而易舉之事，而且船裝滿了沙子後，運輸也很容易。但挖掘河牀會破壞水底棲息生物的棲息地。攪碎的沉積物會使河水變得渾濁，既使魚類受到窒息，也會阻擋水下植被生長所需的陽光。 河沙開採正在導致越南湄公河三角洲（Mekong Delta）的緩慢消失。湄公河三角洲是2000萬人口的家園，為越南糧倉，是該國一半稻米的產區，東南亞其他地區的大部分大米也產自這裏。但現在因為氣候變化，海平面上升，湄公河三角洲每天要流失相當於一個半足球場面積的土地。但研究人員認為，土地流失的另一個原因是人們在湄公河三角洲掠奪性地開採河沙。 數百上千年以來，發源於中國青海崇山峻嶺中的湄公河崩騰而下帶來的泥沙在流入南海時形成三角洲衝積平原。但近年來，在湄公河流經的幾個國家都開始從河牀大規模挖沙。根據三名法國研究人員2013年的一項研究，僅在2011年這些國家在湄公河就開採了約5000萬噸的沙子，這些沙子足夠覆滿整個美國丹佛市達2英寸深。而同時不幸的是，近年來湄公河上已經修建了五座大型水壩，中國、老撾和柬埔寨還計劃再建12座水壩。大壩的建設進一步減少了流向三角洲的泥沙。 換言之，湄公河三角洲的土壤仍在遭受自然侵蝕而流失，但其泥沙的自然補給卻沒有繼續。世界自然基金會大湄公河項目的研究人員認為，按照這個速度，到本世紀末，湄公河三角洲將近一半的土地將會消失。 像斯里蘭卡等國家，從河岸沙場開採沙子是非常艱辛的苦力活（Credit: Getty Images） 而更壞的是，在柬埔寨和老撾兩國的湄公河和其他河流開採沙子，甚至導致河岸坍塌，農田和房屋被河流吞噬。緬甸農民表示，伊洛瓦底江（Ayeyarwady River）沿岸也發生了同樣的事情。 此外，從河流中開採沙子也給世界各地的基礎設施造成了數百上千萬美元的損失。開採時攪起的沉澱物堵塞了供水設備。將河岸的砂石開採一空，橋樑的地基就會暴露在外，得不到支撐。在加納，採砂工人挖動了太多的地面，以至於山坡上建築物的地基暴露於外，使得樓房有倒塌的危險。這不僅僅是理論上的風險，事實上確有這樣的危險發生。2000年，台灣的一座橋樑因採沙而垮塌。第二年葡萄牙發生類似因挖沙造成的橋樑垮塌事件，當時一輛公共汽車剛好從這座橋樑上駛過，結果造成70人死亡。 人類對高純度硅砂的需求也在飆升。硅砂被用於製造玻璃以及太陽能電池板和電腦芯片等高科技產品。美國蓬勃發展的水力壓裂開採頁岩氣行業也需要強度很高的高純度硅砂。其後果是美國威斯康辛州農村地區的大片農田和森林被毀壞，因為這些地方不幸恰好有很多珍貴的硅砂儲量。 因此爭奪沙子開採的競爭變得非常激烈，以至於在許多地方，黑社會犯罪團伙逐利而來也加入爭奪，開採成百萬頓的沙子在黑市上出售。根據人權組織的說法，在拉丁美洲和非洲的部分地區，兒童被迫在沙場裏充當奴隸勞工。這些黑社會團伙就像其他地方的有組織犯罪一樣，通過賄賂腐敗的警察和政府官員來為他們的非法經營開路。當他們認為有必要時，就會攻擊甚至殺害那些擋路的倒霉鬼。 黑社會犯罪團伙發現非法開採河灘和沙場的沙子，然後在黑市出售，是有利可圖的生意（Credit: Getty Images） 墨西哥南部恰帕斯州（Chiapas）的一名環保活動家何塞·路易斯（José Luis Álvarez Flores）因反對在當地一條河流中非法開採沙子，2019年6月被人槍殺。據報道說，他的屍體被發現時，其身旁還有一張威脅他的家人和其他活動人士的紙條。兩個月後，印度拉賈斯坦邦（Rajasthan）警方試圖阻止一輛裝載非法開採的沙子的拖拉機車隊時遭到槍擊。隨後的槍戰導致兩名採砂工死亡，兩名警察入院治療。今年早些時候，南非一名採砂工人在與另一組採砂工發生爭執時被人開了七槍。 上述僅為最新的傷亡事件。近年在肯尼亞、岡比亞和印度尼西亞，爭奪沙子貿易的暴力活動已奪去了許多人的生命。被印度媒體稱之為「沙子黑手黨」的犯罪團伙已造成數百人受傷和數十人死亡。遇難者包括一名81歲的教師和一名22歲的活動人士，他們分別被砍死，另有一名記者被燒死，至少三名警察被運沙車碾死。 現在人們已逐漸意識到工業建設依賴沙子危害很大。許多科學家正在研究用其他材料代替混凝土中沙子的作用，比如以煤電廠留下的粉煤灰、塑料碎片、甚至碾碎的油棕殼和稻殼來代替。其他一些公司正在研究開發少用沙子的混凝土，同時研究人員也在尋找更有效的方法來磨碎和回收混凝土。 海邊的沙灘常被形容為人間天堂，但在世界某些地方，這些人間天堂的沙子成噸地被挖走出售（Credit: Getty Images） 現在許多西方國家已基本禁止河沙開採。不過，很難讓世界其他國家效仿。世界自然基金會最近發佈的一份關於全球沙產業的報告稱：「為了防止或減少對河流可能造成的破壞，建築行業必須停止使用來自於河流的骨料。這種類型的社會轉變與應對氣候變化所需的社會轉變相似，這將迫使人們改變對沙子和河流的認知，改變城市的設計和建設方式。」 越來越多的學者呼籲聯合國和世界貿易組織採取更多措施限制採砂造成的破壞，美國科羅拉多大學海岸地理學家梅特·本迪克森（Mette Bendixen）是其中一員。他說：「我們應該有一個監控計劃，需要更多的管理。因為目前根本沒有對沙子開採進行管理。」 當下，甚至沒有人確切地知道有多少沙子正從大地上開採挖走，也沒有人知道在什麼地方，在什麼環境下被開採出來。因為大部分都是無證開採，無案可查。本迪克森說：「我們唯一知道的是，地球上的人越多，我們需要的沙子就越多。」 請訪問 BBC Future 閲讀 英文原文。
https://www.bbc.com/news/education-26450955,US universities top reputation league table,"By Angela Harrison Education correspondent, BBC News They take eight of the top 10 positions and 46 of the top 100 in a table published by the Times Higher Education magazine. Cambridge and Oxford are in fourth and fifth positions respectively - two of the 10 UK institutions to feature in the list. The table is based on academics' votes. The World Reputation Rankings for 2014 are based on 10,500 responses from 133 countries to a survey sent out last May. Academics were asked to nominate up to 15 of the best institutions in their area of expertise. Harvard University is at the top, followed by the Massachusetts Institute of Technology and Stanford University. The US, the UK and Germany have the most institutions in the list. Phil Baty, the editor of the rankings, says the list is dominated by ""super-brands"", which stand above the rest. In the UK, he says eight of those on the list come from a ""golden triangle"" in the south-east of the country. Besides Oxford and Cambridge, the institutions featured are: Mr Baty said: ""The UK has lost three big-name universities from the list of the world's 100 most prestigious institutions since the rankings were first published in 2011. ""Given how important global reputation is in attracting top international talent, collaborations and investment, this is cause for concern. The UK has some of the world's biggest university brands: we must protect them."" Nicola Dandridge, chief executive of Universities UK, said the table and other rankings suggested that the UK continued to possess ""one of the strongest university systems in the world"". ""Rankings cannot provide a complete picture and this is just a small snapshot of our sector. University reputation is also very subjective,"" she said. ""What is clear, however, is that if we want to maintain this leading position, we must start matching our competitors' increased investment in higher education."" A spokesman for the Department for Innovation, Business and Skills said the UK had a ""global reputation for excellence in higher education"", a world-class research base and dedicated staff. He added: ""To stay ahead in the global race, we are protecting the research budget, making UK research more accessible and delivering a better student experience."""
https://www.bbc.com/news/uk-northern-ireland-38183075,Titanic Belfast named world's leading tourist attraction,"It came out top at the World Travel Awards, which were set up by the tourism industry to recognise excellence. Organisers said more than one million people participated in voting online for the best attraction from a shortlist of eight. Titanic Belfast opened in 2012 at a cost of £77m and since then has had more than three million visitors. It went forward to contest the world attraction category after winning the best European prize earlier this year. Titanic Belfast beat other finalists, including the Las Vegas Strip and the Guinness Storehouse in Dublin. Its chief executive, Tim Husbands, said: ""We are delighted that this award firmly shines a spotlight not only on Titanic Belfast but Belfast and Northern Ireland. ""With the award we hope to attract more tourists to Northern Ireland to discover it."""
https://www.bbc.com/zhongwen/trad/china/2014/12/141207_china_taiwan,國民黨敗選後 中國大陸海協會長陳德銘訪台,學者認為陳德銘如期訪台意在表明兩岸關係發展不因選舉結果而改變。 中國大陸海峽兩岸關係協會會長陳德銘預定周二（12月9日）展開八天七夜訪台行程，將以花蓮、台東與屏東的生技、養生和精緻農業為主要參訪對象。 這是陳德銘2013年4月接任海協會會長後，首度訪問台灣花東地區。 這是國民黨在台灣「九合一」地方選舉大敗後，兩岸關係前景出現不確定性之際，兩岸協商交流再次啟動，備受各界關注。 「如期成行」 陳德銘此行也將參加15日至16日在台北舉行的「兩岸企業家峰會」，研討兩岸有關產業領域合作和中小企業合作計畫。 在台灣海基會邀請下，海協會前會長陳雲林預定14日來台，以「峰會顧問」身分和陳德銘一同參加。 根據台灣海基會公布的行程表，陳德銘率領的經貿交流團9日將訪問桃園、新北和台北市，接著依序參訪花蓮、台東、屏東，然後回到台北，16日下午返回大陸。 國民黨慘敗被認為是台灣民眾不滿馬英九的兩岸政策所致。 台灣淡江大學中國大陸研究所所長張五岳接受中央社訪問時表示，陳德銘訪台是選前就安排好的行程，一旦延後，將予人一種兩岸關係恐生變的想像空間。 張五岳指出，就像台灣太陽花學運後，大陸國務院台灣事務辦公室主任張志軍仍在6月來台。北京當局想藉陳德銘訪台表達，無論選舉結果如何，兩岸和平發展格局、交流和制度性協商沒有任何改變。 張五岳並說，陳德銘此行屬參訪性質，可讓兩岸兩會交流進一步常態化；大陸涉台機構重要人士在「九合一」選舉後來台考察選後政局，對進一步落實對台政策也有一定意義。 「國共論壇」延至明年 不過，原訂今年底前舉行的第十屆兩岸經貿文化論壇（國共論壇），卻因國民黨敗選以及馬英九辭去國民黨主席而延期。 據了解，這場由國民黨智庫與中共中央台辦海研中心共同舉辦的國共論壇，原本規劃12月中旬在中國大陸河南省鄭州市舉行，屆時國民黨榮譽主席吳伯雄將與大陸全國政協主席俞正聲會面。 但是國共雙方考量到台灣地方選舉之後的情勢，決定延後舉行，要等到明年1月國民黨新任黨主席選出後再舉行。 「國共論壇」象徵兩岸關係的和平穩定發展，往年都在4到8月之間舉行，今年受到台灣太陽花學運、陸委會副主委張顯耀去職事件的衝擊，遲遲未能舉辦。 （責編：葉靖斯）
https://www.bbc.com/zhongwen/trad/china_watch/2014/10/141022_china_watch_state_idea_challenged,透視中國：凝聚共識與沒有墓碑的大草原,"楊海英在日本出版了《沒有墓碑的大草原》一書，講述了內蒙古「文化大革命期間」的清洗和迫害 10月15日習近平在文藝工作座談會上講話強調文藝工作對於民族復興和實現中國夢的重要性。習近平上位伊始就提出「中國夢」的政治口號，以建立關於國家理念的共識，這次又強調了文藝在凝聚共識中的重要性。 雖然有人將習近平在北京召開的文藝工作座談會的講話同毛澤東戰爭時期在延安（1942年）文藝座談會上的講話相提並論，但習近平上位以來一直強調的理念更側重於凝聚新的國家和民族意識，而非馬列意識形態和階級鬥爭概念。儘管如此，習近平提出的國家理念仍然引起諸多爭議。 凝聚共識及爭議 習近平在文藝座談會上接見了兩位反對親西方自由派的網絡寫手，掀起了輿論波瀾。《環球時報》評論說，這次會見使兩位「自幹五」草根寫手受到自由派輿論的譏諷和攻擊。 海外自由派評論員將被習近平接見的年輕網絡寫手周小平稱作「具有戈培爾潛質的好苗子」，並指其為當局樹立的「五毛」榜樣，用來「教化群氓」。 從官方角度看，「凝聚共識」是加強國家權威和制度的一部分。中共十八大報告強調建立共識，提出要「解放思想，凝聚力量」。隨後中共又發通知強調要重視意識形態領域的工作，要求官員要有「政治意識、大局意識、責任意識和憂患意識」（《關於當前意識形態領域情況的通報》）。 此次十八屆四中全會將依法治國列為大會主題。有評論說，習近平在大力整肅腐敗官員和潛在的政治挑戰者表明他已經大權在握，現在正努力加強國家制度的權威性，為中共長久執政鞏固基礎。 政治「邊緣地區」 《沒有墓碑的大草原》：「做一個殺戮時代的傾聽者和記錄者」 最近香港發生要求擴大普選的「佔中」抗議也表達了一種不同於北京官方的敘事和理念，即追求某種不認同大陸民族主義的價值觀的民主模式。 除香港外，中國的邊疆諸如新疆和西藏的民族主義和自治運動也表現出不同意官方的國家理念的敘事。海外西藏流亡運動在精神領袖達賴喇嘛的引導下一直尋求在中國境內的真正自治，而新疆的民族主義組織更以自治和獨立為奮鬥目標。 相比西藏和新疆更少受到外界輿論關注的內蒙古，對中國邊疆問題有專門研究的作家王立雄說，「漢人普遍認識到中國存在西藏問題、新疆問題，但是一般不認為存在內蒙古問題」。即使如此，由於內蒙古的民族異見人士和海外蒙古族學者的堅持和努力，不同於官方的歷史敘事也得以延續。 無墓碑的草原 出身內蒙古的蒙古族學者楊海英在日本出版了《沒有墓碑的大草原》一書，講述了內蒙古「文化大革命期間」蒙古人口受迫害和屠殺的歷史，為此他在2011年獲得了「司馬遼太郎獎」。 旅居瑞典的作者茉莉評論說，從《沒有墓碑的大草原》書中看到了一個「走出蒙古包的小男孩對得起他所遭受的苦難，長大後，他成功地扮演了命運交給他的角色——做一個殺戮時代的傾聽者和記錄者。」 作家王力雄說《沒有墓碑的大草原》是「所有漢人都該讀的書」。他認為書中揭示了中國的少數民族不僅受害於專制政權，也受害於大民族主義的歧視和壓迫。 最近楊海英的書由劉英伯先生和劉燕子女士翻譯成漢語在台灣出版。茉莉說，譯者父女倆懷著「我們對不起蒙古人」的負疚心情，將《沒有墓碑的大草原》忠實地翻譯成中文。 凝聚社會共識和加強國家理念需要重新對歷史進行梳理和新的歷史敘事，反過來有別於官方版本的歷史敘事也不斷對國家理念提出質疑和挑戰。 (責編：路西) 網友如要發表評論，請使用下表： 讀者反饋 內人黨事件之後漢蒙和諧的一塌糊塗，再也沒有什麼糾紛，日子過得好好的。 至少我在那窩了4年是沒啥矛盾，矛盾也就是在有證據的前提下抓捕了一個外國間諜卻無法量刑只能遣返，以及藏維群毆。 時間上和文革運動確實重合，於是這個名不見經傳的小人（物）發明歷史也是絞盡了腦汁哈。 Atonwind, Harrison NJ, U.S. 楊海英個人的經歷和感覺是他個人的事，我們不可置評。也不說楊海英書中內容的真偽以及渲染的程度。單就此事而言，真的對我們蒙古族是一件好事麼？蒙古族在中國會因此生活的更簡單，方便，快樂，安全和自由麼？ PUMPKIN, QINGDAO 呵呵，沒事兒就給中國找點兒分裂的原因，撕裂的「理由」，連翻譯文章都能「代表漢族人的愧疚」，這美國民主基金和BBC還真是對搞亂中國無所不用其極，滿拼的 z aus,"
https://www.bbc.com/news/business-34127544,Paper banknotes disappearing fast as £20 turns plastic,"By Kevin PeacheyPersonal finance reporter The Bank of England has announced that the next design of the £20 note will be plastic. The new £20 note, entering circulation in 2020, will follow the polymer £5 and £10 notes. Consumers will be able to get their hands on the new plastic £5 note, the first in the polymer series, from 2016. This will feature the image of Sir Winston Churchill. The Bank argues that the polymer notes stay cleaner and are more secure than cotton paper notes, which have been used for more than 100 years. The £5 polymer note will enter circulation in the autumn of 2016, followed by the Jane Austen plastic £10 note a year later. The Bank said that the decision for the £20 note to also be made from polymer came after ""extensive research into the developments in security features"". On a more practical level for many consumers, it will also survive a spin in the washing machine. A bank committee is considering which character will appear on the new £20 note. It received 29,701 nominations from the public after it announced it wanted to celebrate an artist on the note. Some 592 eligible visual artists are being considered for the honour. The final decision will be made by the Bank's governor, Mark Carney. Favourites include the sculptor and artist Barbara Hepworth, the author Beatrix Potter and fashion designer Alexander McQueen. Whoever wins will replace the economist Adam Smith on the current £20 note. The next £50 could also be made of plastic, but it will be some time before that decision is made. The latest version of the note, featuring Matthew Boulton and James Watt, only entered circulation in November 2011. Clydesdale Bank in Scotland has issued a limited number of polymer notes. In 1999, Northern Bank of Northern Ireland issued a polymer £5 commemorative note celebrating the year 2000. A plastic note was introduced in the Isle of Man in 1983 but was withdrawn in 1988 owing to problems with the ink."
https://www.bbc.com/news/uk-england-stoke-staffordshire-13991723,Staffordshire Hoard 'to help rewrite history',"Historians believe the Staffordshire Hoard could hold vital clues to explain the conversion of Mercia - England's last great pagan kingdom - to Christianity in the 7th Century. The hoard was found buried on a farm in Staffordshire in July 2009. The 1,500 pieces of gold are thought to be the spoils of an Anglo-Saxon battle. 'Warring kingdoms' TV historian Dan Snow believes the find has the potential to rewrite the history books. Speaking on BBC1's The Staffordshire Hoard, he said the conversion of Mercia ""marked the beginning of a new era in English history"". ""The Staffordshire Hoard is helping shine a light on exactly how and when the transformation occurred,"" he explained. Historian David Starkey said: ""England, remember, isn't England at all; England has yet to be invented - the word barely exists. ""Instead, there were these rival warring Anglo-Saxon kingdoms that behaved like the worst kind of takeover bidders of the city. ""They decapitated each other - literally, not metaphorically. ""It's gang warfare, when you take over the territory of a rival gang, the lot get bumped off."" Mercia was one of Britain's largest and most aggressive kingdoms, stretching from Humber to London. The pagan kings of Mercia resisted conversion to Christianity until it became surrounded by Christian states late in the 7th Century. Historians believe the hoard could give the last glimpse of Paganism and the first of Christianity. The largest-ever haul of Anglo-Saxon gold found in Britain, the Staffordshire Hoard was discovered buried beneath a farmer's field near Brownhills by amateur metal detector enthusiast Terry Herbert. The hoard comprises more than 1,500 items, made of gold and silver, embedded with precious stones and jewels and was valued at nearly £3.3m. After the Staffordshire Coroner ruled in September 2009 that the find was the ""property of the Crown"", arrangements were made for the valuation. The money was split between Mr Herbert, and Fred Johnson, who owns the farm where it was discovered. More than 40 items from the Staffordshire Hoard are on display in this summer's Tour 2011 across the West Midlands."
https://www.bbc.com/korean/features-55930950,"인종 가면 증후군: '사기꾼이 된 기분이었다. 나는 한국에 가본 적도 없고, 한국어로 다섯 마디 이상도 하지도 못했다'","그러나 한국계 미국인 학생 아덴 염은 다른 생각을 갖고 있다. 소수 인종 이민자의 자녀들이 규정된 정체성이 아닌 완전히 다른 문화를 따르게 될 수도 있다고 말한다. 다만 힐라리아와 이민자 자녀 사이에는 아주 중요한 차이가 있다고 인정한다. 내적 정체성 힐라리아에 대한 논란이 촉발된 것은 그가 오이의 영어 단어를 기억하지 못하며 강한 지중해식 억양을 사용하고 자녀들을 스페인식 표현으로 부르는 모습이 방송되면서였다. 그의 남편은 ""아내가 스페인에서 왔다""고 말했다. 힐라리아가 스페인 사람이라고 많은 이들이 믿은 것도 이해할 수 있는 일이었다. 하지만 힐라리아의 본명은 '힐러리 헤이워드-토마스'로 미국 메사추세츠주에서 자라 뉴욕에서 대학을 다닌 미국인이었다. 다만 힐라리아의 부모님은 스페인으로 종종 휴가를 갔고, 그가 20대 후반일 때 부모님은 은퇴 후 스페인에 정착했다. 12월 해프닝은 힐라리아를 큰 이슈거리이자 SNS의 농담거리로 만들었다. 코미디언 에이미 슈머는 ""스페인에서 온 척하면 안되죠""라는 대사를 자신의 코미디 에피소드에 추가하기도 했다. 영화 '30 락'에서 남편 알렉 볼드윈의 여자친구역을 맡은 살마 헤이넥은 ""우리 모두 조금씩 거짓말을 하잖아요""라며 보다 동정 어린 시선을 표했다. 헤이넥은 본인은 멕시코인이지만 외가가 스페인계라며 힐라리아가 ""스페인인이 되고 싶어하는 것은 현명한 선택이다. 난 괜찮다""고 말하기도 했다. 힐라리아는 논란이 불거지자 인스타그램에 ""가정에서 두 문화를 모두 사용한다. 알렉과 나는 아이들을 2개 국어로 양육하고 있다. 내가 자란 환경처럼 말이다. 이건 나에게 아주 중요한 과제다. 내 이야기가 약간 다르다는 것은 알지만, 내 결정이고 매우 자랑스럽다""고 말했다. 그는 이어 뉴욕타임스에 ""자라면서 무슨 문화를 받아들이고 받아들이면 안 될지 누가 정해놓은 것이 있느냐""라며 정체성은 개인적인 것이라고 말했다. 나는 힐라리아가 내가 친구들과 자주 이야기해온 '인종 가면 증후군(Racial Imposter Syndrome)'에 대해 이야기하는 것이 아닐까 생각했다. 인종 가면 증후군 아덴은 아시아인들의 목소리를 그림, 글, 팟캐스트 등으로 담는 피스 팩트(Peahce Pct)라는 프로젝트를 시작했다 아덴의 이야기 인종 가면 증후군은 자신이 인지하는 정체성이 남들이 보는 정체성과 다를 때 오는 '자기 회의 현상(self-doubt)'을 뜻한다. 이는 나와 같이 소수 인종으로서 살아가는 이들에게 많이 찾아온다. 내 부모님은 한국계 미국인이시다. 그리고 나는 2002년 뉴욕에서 태어났다. 남동생과 나는 사람들로 북적이고 생기가 넘치는 맨해튼의 거리에서 자랐다. 이곳 공원에서 놀고, 근처 동네로 이사 다니면서 다양한 인종과 배경을 가진 사람들을 만날 수 있었다. 몇몇 지역은 특히 다양성이 두드러진다. 허드슨 강과 센트럴파크 사이에 있는 어퍼웨스트사이드는 조용하고 부유한 분위기를 가진 주거지다. 주민의 68%가 백인이며, '가십걸'이나 '섹스앤더시티'와 같은 매력적인 TV 프로그램의 배경을 생각하면 쉽다. 나는 백인이 다수인 학교에 다녔고, 대부분 학생들은 부유하고 특권 있는 아이들이었다. 그래서인지 어릴 적 집에 놀러 오는 친구들이 내가 먹는 한국 음식이나 TV에 틀어져 있는 한국 드라마에 관해서 물어볼 때마다 방어적으로 대한 경험이 있다. 그 아이들이 무례했다기보다 정체성이 아시아계로 규정지어지는 것을 내가 원치 않았기 때문이다. 미국 미디어 속 아시안계는 '클리셰(cliché·상투적인 모습)'로 도배돼 소비된다. 나는 디즈니 영화 속 뮬란을 보아도 그의 용맹함에 공감할 수 없었다. 공부에만 몰두하며 부끄럼을 많이 타는 특색 없는 '범생이' 고등학생 역할도 많이 보았다. 수학을 잘하고 바이올린을 연주하는 이들 말이다. 나는 이러한 1차원적 묘사를 싫어했다. 다들 내가 부끄러움 많은 아시아 여자아이라고 짐작했고, 그것은 나의 자기 실현적 예언이 됐다. 나는 실제로 수업 시간에 손을 들고 질문하거나, 새로운 친구들에게 다가가는 것을 두려워했다. 자신감이 곤두박질쳤다. 조용한 아이가 된 것이다. 그때 나는 아이들과 어울리기 위해 편견에서 벗어나 '백인 아이' 같이 행동해야 한다고 생각했다. 내 안의 '아시아적인 모습'을 다 씻어내고 싶었다. 백인은 아니었지만, 그렇다고 완전히 한국인도 아니었다. 빠져나올 수 없는 림보에 갇힌 느낌이었다. 7학년 때는 한 중국계 미국인 친구가 농담 삼아 나를 '바나나'라고 부르기도 했다. 속은 하얗고, 겉은 노랗다는 뜻에서 말이다. 사기꾼이 된 느낌이었다. 한국에 가본 적도 없고, 한국어로 다섯 마디 이상도 하지도 못했다. 스스로 내가 '미국인'인지 '아시아인'인지 계속해서 묻고 의심했다. 하지만 15세가 되던 해 모든 것이 바뀌었다. 어머니의 미술관 일 때문에 가족들이 다 같이 홍콩에서 잠시 살게 됐기 때문이다. 새로운 도시의 국제학교에 다니면서 처음으로 아시아 사회에 적응하게 됐다. 중국, 싱가포르, 대만, 한국 등에서 온 아이들이 함께 학교에 다녔다. 아덴은 홍콩에서 외지인 느낌을 받지 않았다고 말한다 비록 미국에서 왔지만, 외지인 같다는 느낌을 더는 받지 않았다. 점심시간 친구들과 계단에 앉아 화려한 색깔의 젓가락으로 아시아 음식이 담긴 도시락을 먹었다. 처음으로 인종적인 면을 신경 쓰지 않고 편하게 대화를 주고 받았다. 홍콩 남부의 해변에 가 놀다가 딤섬을 먹고 현지 밴드의 음악을 들었다. 뉴욕으로 돌아온 후 홍콩에서의 기억을 돌이켜봤다. 그리고는 아시아인들의 목소리를 그림, 글, 팟캐스트 등으로 담는 '피스 팩트(Peahce Pct)'라는 프로젝트를 시작했다. 피스 팩트는 2020년 3월 신종 코로나바이러스 감염증(코로나19) 팬데믹 이후 인스타그램을 통해 인기를 얻기 시작했고, 이를 토대로 독자들과 인종 가면 증후군에 관한 대화도 나눌 수 있었다. 이민자 가정에서 자란 많은 이들이 내적 자아와 외적 자아의 충돌에 공감하는 듯보였다. 미국에선 정체성을 부여하는 역사가 오래됐고, 이 때문에 유색 인종은 종종 혼란에 빠지기도 했다. 18세기 초 '블러드 퀀텀(blood quantum)'을 통해 아메리카 원주민 조상의 비율을 알아내고자 했던 것이 대표적인 예다. 미국 법에 따라 시민적 권리가 부여된 최초의 미국 원주민의 친척인 브랫 채프먼 검사는 미국이 당시 원주민 혈통이 차지하고 있는 정도를 알아내 권리를 제한했다고 말했다. 채프먼은 아메리카 많은 원주민 자녀들이 '인종 가면 증후군'을 강요받는다고 말한다 채프먼은 또 플로리다의 '미코수키 종족(Miccosukee tribe') 등이 자신의 일원으로 50% 이상의 블러드 퀀텀 결과를 가진 이들만 받아들이는 등 이 기준이 원주민 사회 내에서도 통용되고 있다고 말했다. 채프먼은 아메리카 원주민의 자녀들 역시 이민자 자녀처럼 백인들의 사회에 적응하도록 강요 당한다고 말했다. ""인종 가면 증후군을 강요 받는 것이죠. 그들의 정체성을 바꾸고 부족으로부터 거리감을 느끼게 돼요."" 힐라리아 볼드윈의 내적 정체성도 외적 정체성과 충돌했을 수 있다. 정체성이란 유연하고 어느 인종이든 자신이 속하지 않은 다른 문화와 동질감을 느낄 수 있기 때문이다. 그러나 힐라리아의 경험은 미국 내 유색인종의 경험 혹은 나 같이 뉴욕에서 자란 아시아계 미국인의 경험과는 매우 다르다. 나는 특권을 가지고 자란 백인이 히스패닉의 정체성을 주장하는 것이 부적절하다고 느낀다. 힐라리아 볼드윈은 미국 내 히스패닉의 대부분을 차지하는 멕시코인이나, 푸에르토리코인, 쿠바인보다는 스페인인이라고 주장하는 것이 확실하다. 퓨 리서치 센터에 의하면 이들 중 절반 이상은 차별을 경험했다고 말했다. 백인들은 히스패닉에게 차별 받을까 걱정하지 않는다. 우리 중 많은 이들이 백인성을 안전망으로 가지고 있지 않다. 인종 가면 증후군을 해결하는 방안은 우리 고유의 이야기와 경험을 공유할 수 있는 공간을 많이 만드는 일일테다. 이건 수학 천재이자 부끄럼을 많이 타는 아이라는 편견보다 훨씬 복잡한 문제다."
https://www.bbc.com/news/science-environment-47267081,AAAS: Machine learning 'causing science crisis',"By Pallab GhoshScience correspondent, BBC News, Washington Dr Genevera Allen from Rice University in Houston said that the increased use of such systems was contributing to a “crisis in science”. She warned scientists that if they didn’t improve their techniques they would be wasting both time and money. Her research was presented at the American Association for the Advancement of Science in Washington. A growing amount of scientific research involves using machine learning software to analyse data that has already been collected. This happens across many subject areas ranging from biomedical research to astronomy. The data sets are very large and expensive. 'Reproducibility crisis' But, according to Dr Allen, the answers they come up with are likely to be inaccurate or wrong because the software is identifying patterns that exist only in that data set and not the real world. “Often these studies are not found out to be inaccurate until there's another real big dataset that someone applies these techniques to and says ‘oh my goodness, the results of these two studies don't overlap‘,"" she said. “There is general recognition of a reproducibility crisis in science right now. I would venture to argue that a huge part of that does come from the use of machine learning techniques in science.” The “reproducibility crisis” in science refers to the alarming number of research results that are not repeated when another group of scientists tries the same experiment. It can mean that the initial results were wrong. One analysis suggested that up to 85% of all biomedical research carried out in the world is wasted effort. More from Pallab at the AAAS: It is a crisis that has been growing for two decades and has come about because experiments are not designed well enough to ensure that the scientists don’t fool themselves and see what they want to see in the results. Flawed patterns Machine learning systems and the use of big data sets has accelerated the crisis, according to Dr Allen. That is because machine learning algorithms have been developed specifically to find interesting things in datasets and so when they search through huge amounts of data they will inevitably find a pattern. “The challenge is can we really trust those findings?” she told BBC News. “Are those really true discoveries that really represent science? Are they reproducible? If we had an additional dataset would we see the same scientific discovery or principle on the same dataset? And unfortunately the answer is often probably not.” Dr Allen is working with a group of biomedical researchers at Baylor College of Medicine in Houston to improve the reliability of their results. She is developing the next generation of machine learning and statistical techniques that can not only sift through large amounts of data to make discoveries, but also report how uncertain their results are and their likely reproducibility. “Collecting these huge data sets is incredibly expensive. And I tell the scientists that I work with that it might take you longer to get published, but in the end your results are going to stand the test of time. “It will save scientists money and it's also important to advance science by not going down all of these wrong possible directions.” Follow Pallab on Twitter"
https://www.bbc.com/news/uk-wales-politics-47537511,Brexit: Stephen Crabb urges MPs to back May's deal,"The prime minister has said she has secured ""legally binding"" changes after last-minute talks with the EU. Preseli Pembrokeshire MP Mr Crabb said Brexiteers were ""holding out for perfect but perfect isn't going to come"". But Welsh Government Brexit minister Jeremy Miles said Mrs May's latest statement did not change anything. The prime minister said the changes agreed meant the Irish backstop - the insurance policy designed to avoid a hard border in Ireland - could not ""become permanent"". However some leading Tory Brexiteers, and the DUP, who keep her government in power, have rejected the deal. They said they were not convinced by the legal assurances Mrs May had secured. The UK government's senior law officer, Attorney General Geoffrey Cox, published updated legal advice stating the new provisions ""reduce the risk"" of being ""indefinitely and involuntarily"" held in the backstop. But he says ""the legal risk remains unchanged"", and the UK would have no legal means of exiting without EU agreement. He later told MPs the question of whether a satisfactory post-Brexit deal on a permanent trading relationship could be reached remained ""a political judgment"" - and he said MPs should back the PM's deal. The last time Mrs May's withdrawal agreement was put to Parliament in January, it was voted down by a margin of 230. Mr Crabb said the statement Mrs May had made on Monday night, ""just underlines that the deal on the table is really the only show in town if the Commons is going to implement Brexit"". He said the ERG group of Brexiteer Tory MPs ""need to think really long and hard about whether they want to keep blocking progress. They are holding out for perfect but perfect isn't going to come"". ""Now we need to come together and get this done,"" he said. Two documents were agreed after Mrs May flew to Strasbourg for talks with European Commission President Jean-Claude Juncker and EU chief Brexit negotiator Michel Barnier. The first is a ""joint legally binding instrument"" on the withdrawal agreement which the UK could use to start a ""formal dispute"" against the EU if it tried to keep the UK tied into the backstop indefinitely. The other is a joint statement about the UK and EU's future relationship which commits to replacing the backstop with an alternative by December 2020. Current Welsh Secretary Alun Cairns said the deal now answered concerns many had raised. ""It allows us to be an independent trading nation, to maintain access to the EU market and stops us sending vast sums to Europe. ""In effect, it protects Welsh and UK manufacturing and agriculture. ""It also answers concerns that some felt that the UK will be trapped in the backstop. There is a clear legal mechanism that will protect UK interests."" But Welsh Government Brexit minister, Labour assembly member Jeremy Miles, told BBC Radio Cymru's Post Cyntaf programme: ""The deal to be voted on is still a bad deal for Wales... the situation hasn't changed"". Speaking from Strasbourg, he said the prime minister should have been more flexible with regards to her demands from the European Union. ""I'm here in Strasbourg to convince other member states that there are people in Britain willing to negotiate an alternative agreement, which would strengthen the ability of businesses in Wales to continue to trade with other EU countries."" Torfaen MP Nick Thomas-Symonds, speaking in the Commons for Labour, said Mr Cox's advice sinks ""the government's case of securing a right under international law to unilaterally exit the protocols arrangements"". ""We've gone from having a nothing has changed prime minister to a nothing has changed attorney general,"" he added. Please upgrade your browser Your guide to Brexit jargon Use the list below or select a button"
https://www.bbc.com/news/business-24240873,Sir David Higgins to take over as HS2 Ltd chairman,"HS2 Ltd is the body developing the high-speed railway line between London and Birmingham, before being extended to Manchester and Leeds. The £50bn project has faced criticism from some business groups that it does not provide value for money. Australian Sir David takes over from Doug Oakervee, who is standing down at the end of the year. Secretary of State for Transport Patrick McLoughlin said the appointment ""ensures that we will continue to have leaders at the heart of HS2 who have a track record of delivery"". Sir David is also the former chief executive of the UK's Olympic Delivery Authority. ""This is a very significant appointment by the government,"" said the BBC's transport correspondent Richard Westcott. ""Sir David Higgins is one of the biggest players in the rail industry, with a reputation for getting things done. It's a statement of intent from the government that they are sticking with the scheme."""
https://www.bbc.com/zhongwen/trad/world-56021020,拜登與習近平通電話 表達對香港、台灣和新疆現狀的關注,白宮的聲明稱， 拜登在通話中強調自己的首要工作是保護美國人民的安全、健康和生活方式，同時保持印太地區自由開放。拜登又向習近平表達對中國當局在香港的鎮壓、在新疆侵犯人權的行為和對台灣等地越來越強硬的態度的關注。 中國官方新華社指，習近平向拜登表示中美兩國「合則兩利、斗則俱傷」，合作是雙方唯一正確選擇。新華社又引述習近平說，台灣、香港和新疆等問題都是中國內政，事關中國主權和領土完整，美方應該尊重中國的核心利益，慎重行事。 拜登早前已經與多國領袖通電話，包括加拿大、英國、法國等傳統盟友，也與俄羅斯總統普京通電話。 拜登在競選總統期間，曾形容習近平是個「流氓」。但他曾和這位中國現任領導人關係密切。2013年拜登訪華時與習近平會面。 據新華社的報道，通話中習近平向拜登指出，中美作為聯合國安理會常任理事國，承擔著特殊國際責任和義務。雙方應該順應世界潮流，共同維護亞太地區和平穩定，為促進世界和平與發展作出歷史性貢獻。 習近平又認為，中美在一些問題上會有不同看法，關鍵是要相互尊重、平等相待，以建設性方式妥善管控和處理。 白宮的聲明說兩人同時就處理新冠肺炎疫情交換意見，又討論了全球健康、氣候變化和防止武器擴散等議題。 2019年香港示威現場多次出現美國國旗，示威者又手持標語希望前總統特朗普可以「解放香港」。 白宮的聲明以「國家主席」（president）來稱呼習近平，與前總統特朗普上任初期和奧巴馬年代的做法一樣。 特朗普任內後期，前國務卿蓬佩奧等美國高級官員一度改以「總書記」（general secretary）來稱呼習近平。 當時分析認為， 英語語境中大多把中國國家主席一職翻譯為「president」，與美國總統的英語譯法一樣，美國當局改稱習近平為「總書記」， 將其與作為民選領袖的美國總統區分開。 美國國務院當時沒有直接解釋為什麼改變稱呼，只發表簡短聲明指「中華人民共和國是一個由共產黨執政的極權國家，習近平是這個黨的總書記」。
https://www.bbc.com/news/world-africa-29870009,Ebola in Sierra Leone 'spreading quickly' - campaign group,"The Africa Governance Initiative (AGI) found that in rural parts of the country the virus is spreading nine times faster than two months ago. In Liberia, however, the rate of new cases appears to have slowed. AGI's findings come after World Health Organization officials told the BBC the number of new cases is levelling off. Though Sierra Leone's rural areas have been worst hit, the group says the spread of Ebola is also increasing in the capital Freetown - which is recording six times more cases per day compared to two months ago. The virus has only started to slow in one region of Sierra Leone, Bombali in the country's north. Ebola deaths Figures up to 13 January 2016 11,315 Deaths - probable, confirmed and suspected (Includes one in the US and six in Mali) 4,809 Liberia 3,955 Sierra Leone 2,536 Guinea 8 Nigeria AGI - an organisation set up by former UK Prime Minister Tony Blair that operates in the affected countries - says it is not sure why cases are slowing in Liberia. But the group says burial management has ""improved significantly"" in both Liberia and Sierra Leone. Half of all Ebola infections are thought to come from the bodies of victims. AGI Chief Executive Nick Thompson said: ""The picture is certainly changing but that's all we can say for sure at the moment. ""The pace of the spread in rural Sierra Leone shows we still have no time to lose."" On Friday 31 October the WHO said there had been 13,567 cases since the outbreak began, with 4,922 confirmed people to have died from the disease. Cumulative deaths up to 29 October"
https://www.bbc.com/japanese/53047311,インド、鉄道車両を隔離病棟に 新型ウイルスの感染拡大で,デリー駅のホームを歩く女性（6月1日撮影） インドでは4月、パンデミックを受けて鉄道網の大半で運行を中止してから、車両を隔離病棟として利用している。 アミット・シャー保健相は新しい緊急対策の一環としてこの計画を発表。同時に、検査を急いで拡大し、介護施設も新型ウイルス患者のために利用するとした。 ＜関連記事＞ インドでは現在、毎日1万2000人近くの感染者が報告されている。当局によると、全体の感染者数は32万922人と、アメリカとブラジル、ロシアに次いで世界で4番目に多い。 米ジョンズ・ホプキンス大学の集計では、インドでの死者は9520人となっている（日本時間15日午後4時現在）。 現地紙ヒンドゥスタン・タイムズによると、デリーの感染状況はマハラシトラ州とタミル・ナードゥ州に続いて、国内で3番目に悪いという。 また、デリーでは私立と公立の病院を合わせて、COVID-19の患者を収容できる病床が9698床あり、そのうち4248床が空いている。 ホテルや宴会場も デリー首都圏のアルヴィンド・ケジリワル首相は、さらにホテル40軒と宴会ホール77カ所を臨時の病院にする計画を掲げている。 インド政府は、3月25日から続いているロックダウン（都市封鎖）の解除計画を5月に発表。制限が緩和されるにつれて自動車や飛行機の利用が増え、企業や店舗も営業を再開している。また、市場なども混在が始まった。 「260キロ歩くしかない」 インド封鎖、出稼ぎ労働者が大移動 インドのロックダウンは経済に大きな影響を与え、数百万人が失業した。特に、低賃金で働く移民労働者が大きな打撃を受けている。また、食料のサプライチェーンも危機にされされた。 （英語記事 India to use train carriages as coronavirus wards）
https://www.bbc.com/news/education-40275233,"Young deeply pessimistic about social mobility, survey says","By Hannah RichardsonBBC News education and social affairs reporter He says they ""increasingly feel like they are on the wrong side of a profound unfairness"". This is why, he suggests, young people turned out in record numbers to vote in the general election. They were particularly worried about their finances, job security and housing prospects, he added. Mr Milburn, who heads the commission that monitors progress towards improving social mobility, made the comments as he launched a new exploration of public attitudes to it. This new Social Mobility Barometer was based on an in-depth survey of 4,723 UK adults. Class gap Some 51% of the 18- to 24-year-olds polled for the barometer said they thought where people ended up was determined by their background and who their parents were. This compared with 40% of those polled who were aged 65 and over. Overall nearly half of people said they felt background determined chances of success. And four-fifths of those surveyed said there was a large gap between the social classes in Britain today. 'Sharp decline' Also, although 47% said they were better off financially than their parents, this dropped to 24% for 25- to 49-year-olds. Meanwhile, just a fifth of 18 to 24-year-olds believed they had a better level of job security than their parents. Mr Milburn said: ""Young people increasingly feel like they are on the wrong side of a profound unfairness in British society - and they are unhappy about it. ""The barometer finds that half of young people think the situation is getting worse, with only 30% of 18- to 24-year-olds believing it is becoming easier to move up in British society."" He added: ""The feelings of pessimism young people are expressing are borne out by the facts they are experiencing. ""Those born in the 1980s are the first post-war cohort not to start their working years with higher incomes than their immediate predecessors. ""Home ownership, the aspiration of successive generations of ordinary people, is in sharp decline, among the young especially."" Mr Milburn warned: ""Britain's deep social mobility problem, for this generation of young people in particular, is getting worse not better."" The government said it was committed to making sure that Britain is a country that works for everyone. The academics' union, the University and College Union, described the poll results as depressing and said young people had seen ""their pay fall, the jobs market remain incredibly difficult, tuition fees rocket and support to stay on at college disappear"". And Sir Peter Lampl, chair of the Sutton Trust charity, which promotes social mobility, said: ""The commission's barometer should be a wake-up call for policymakers. ""Political rhetoric needs to be translated into real polices to level the playing field and improve opportunities for young people, particularly for those from the most disadvantaged families."""
https://www.bbc.com/zhongwen/trad/china/2014/04/140414_taiwan_dpp_su,民進黨主席蘇貞昌宣佈退選黨主席,蘇貞昌稱因不忍撕裂民進黨而推出黨主席競選 民進黨在近期太陽花學運中被認為角色遭邊緣化，該黨內部除提出檢討的聲音外，並有呼籲包括蘇貞昌在內的三名主要黨主席候選人退選，讓年輕一代接班。 除了蘇貞昌外，民進黨的另兩名主席參選人包括了謝長廷及蔡英文，兩人此前都擔任過黨主席，且分別在2008年及2012年代表該黨競選總統敗選。 謝長廷在蘇貞昌周一早晨宣佈退選後幾個小時後，也宣佈他將退出選舉。 蘇貞昌在他退出黨主席選舉的聲明中說台灣新一波民主浪潮已經到來，人民不會等待民進黨，唯有與人民做伙（在一起），黨才有未來。 他說他退出選舉是因為「不忍撕裂，所以放手，退後一步，海闊天空」，而為台灣打拼，則永不改初衷。 他說過去一年多民進黨政黨支持度，破紀錄的持續超過國民黨固然可喜，但人民期待的是一個能堅守台灣價值、能捍衛人民權益、能無私而團結的民進黨，但顯然的該黨還沒有達到這樣的要求。 邊緣化 太陽花學運對服貿協議的立場雖然與民進黨一些方向相同，但民進黨在這場持續超過三周的佔領議場公民運動中被廣泛認為遭邊緣化。 民進黨在學生佔領立法院議場期間雖然提供協助，但其做為曾經執政八年的最大在野黨，在這場運動中被諷刺角色僅是為學生在議場外看門，連走到議場內的機會也沒有。 就台灣內部政治來說雖然國民黨被認為是太陽花學運輸家，但少有評論員認為民進黨成為贏家，有猜測太陽花學運學生與公民團體不無可能成立政團與民進黨競爭。 太陽花學運核心人士雖沒有直接對民進黨提出批評，但若用立法院外大腸花論壇的一名參與者的話來說，其會投入這場公民運動是因為感覺國民黨共產黨化，而民進黨則已國民黨化。 蔡英文 謝長廷也宣佈推選，但蔡英文似乎並無此打算 在蘇貞昌與謝長廷相繼退出黨主席選舉後，目前僅存的一名具有實力主要候選人是蔡英文，從她發表肯定兩名退選對手的聲明來看，其並無退選的打算。 蔡英文在2012年因總統選舉落敗而依民進黨慣例辭去黨主席後，仍對民進黨有相當控制力與影響力，這種與現任黨主席蘇貞昌分庭抗禮的現象被台灣評論員稱該黨存在「兩個太陽」。 引爆太陽花學運的服貿協議是馬英九政府同北京簽署ECFA的後續，蔡英文此前在擔任民進黨主席時曾就ECFA與馬英九進行公開辯論。 她當時在辯論中反對ECFA並主張必須讓人民公投決定，但她在選舉總統時則說她若當選總統將不會癈除，也不一定會對協議進行公投。
https://www.bbc.com/news/entertainment-arts-20623761,Zero Dark Thirty: More clamour for Osama drama,"Bigelow, Oscar-winning director of The Hurt Locker, was named best director by the New York-based collective of film historians, student and academics. Jessica Chastain, who plays its CIA agent heroine, won best actress. Earlier this week, the fact-based drama was named best film of the year by the New York Film Critics Circle. It is named after the military term for 00:30, the time US Navy Seals raided Bin Laden's compound in Abbottabad in May 2011. Annie Schulhof, president of the National Board of Review, described it as ""a masterful film"". ""Kathryn Bigelow takes the viewer inside a definitive moment of our time in a visceral and unique way,"" she said. ""It is exciting, provocative and deeply emotional."" The film is released in the UK on 25 January. Villainous role The NBR was established in 1909 and is one of the first groups to nominate its picks for the film awards season. Bradley Cooper was named best actor on Wednesday for his role as a manic depressive in the romantic comedy Silver Linings Playbook. Leonardo DiCaprio was named best supporting actor for his villainous role in Quentin Tarantino's western Django Unchained. The best supporting actress prize went to relative unknown Ann Dowd for her performance as a fast food restaurant worker facing a moral quandary in the independent film Compliance. Breakthrough awards went to British teenager Tom Holland for tsunami drama The Impossible and to child star Quvenzhane Wallis for Beasts of the Southern Wild. The NBR also released its Top 10 of the year, a list that included Ben Affleck's Argo, science-fiction film Looper and Steven Spielberg's historical drama Lincoln. Also featured was the film version of Les Miserables, whose cast - which includes Hugh Jackman, Russell Crowe and Anne Hathaway - received the best ensemble prize. The busy actor John Goodman - seen this year in Argo, alongside Denzel Washington in Flight and with Clint Eastwood in Trouble with the Curve - was given a special acting award. The producers of the James Bond series were also recognised to mark the 50th anniversary of the long-running spy film franchise. The NBR's annual awards gala will be held in New York on 12 January."
https://www.bbc.com/news/education-19419395,London Metropolitan University students fear deportation,"The UK Border Agency (UKBA) says student attendance at London Metropolitan University is not being monitored and that many have no right to be here. As a result, the university will no longer be allowed to authorise visas. The university said it would be challenging UKBA's claims. A task force has been set up to help students affected by the decision which means some 2,000 overseas non-EU students will have to find an alternative institution to sponsor them or they will be told that they will be removed from the UK. The government says it wants to assess how many students will be successfully reallocated to alternative institutions before the UKBA sends out notices giving them 60 days to leave. At this stage, the Home Office is unable to say when those notices will be issued. The UKBA says London Metropolitan University had ""failed to address serious and systemic failings"" identified six months ago. Immigration Minister Damian Green said London Metropolitan University had failed in three particular areas: Professor Malcolm Gillies, the university's vice chancellor, described the claims made against the institution as ""not particularly cogent"" and said it would be disputing them. ""I would go so far as to say that UKBA has been rewriting its own guidelines on this issue and this is something which should cause concern to all universities in the UK,"" he said. 'Panic and heartbreak' Although there have been other suspensions, no other UK university has been fully stripped of its ability to recruit overseas students. The National Union of Students (NUS) has contacted Prime Minister David Cameron and Home Secretary Theresa May to ""express anger at the way that decisions have been made in recent weeks and to reiterate the potentially catastrophic effects on higher education as a £12.5bn per year export industry for the UK"". NUS president Liam Burns added that the decision could have been limited to future students rather than covering existing ones. Meanwhile, a group of London Metropolitan University students have held a protest outside Downing Street. Dozens of students and supporters sat in silence in front of the gates to Number 10, with tape over their mouths, before police moved them across the street. The UKBA said allowing London Metropolitan University to continue to sponsor and teach international students ""was not an option"". It said it had been working with the university since it identified failings six months ago. It added: ""These are problems with one university, not the whole sector. British universities are among the best in the world - and Britain remains a top-class destination for top-class international students."" Universities Minister David Willetts has announced a task force to help overseas students affected by the decision, which will include UKBA and the NUS. He said: ""It is important that genuine students who are affected through no fault of their own are offered prompt advice and help, including, if necessary, with finding other institutions at which to finish their studies."" But Universities UK chief executive Nicola Dandridge said the UKBA had made ""an extraordinary decision"" which was both ""surprising and disproportionate"". ""It is one thing raising issues if they have them with London Met and, if appropriate, penalising the university. That may be appropriate or it may not be. ""But penalising legitimate international students is disproportionate and it is damaging to our international reputation. She also pointed to the ""widespread concern"" among international students at other universities that they would also be ""affected in some way"". ""It is really important they understand that what has happened today and yesterday is isolated and it only affects London Metropolitan."" The University and College Union also warned that the move would have an impact on future recruitment of foreign students."
https://www.bbc.com/news/business-35647945,Which cities have the most expensive office rent?,"Hong Kong topped the rankings followed by London and Beijing. JLL said it costs $262 per square foot per year for top-quality office space in the Chinese territory because of strong tenant demand and short supply. Shanghai, Tokyo and Delhi also made the list, with the city state of Singapore missing the top ten by just one spot. ""A large part of the global growth is now driven out of Asia and international businesses will continue to be keen to set up their presence in the region,"" Chris Archibold, head of markets at JLL Singapore said. ""We are in a new era of city competition, where cities are fighting to secure the world's most dynamic corporations, attract the best talent and pull in capital, both of which are highly mobile,"" added Megan Walters, JLL's head of capital markets research in Asia Pacific. ""Nowhere is this intense competition between cities better epitomised than in the demand for premium office buildings in the world's most prestigious commercial office districts."" The report examined 24 global cities and occupancy costs including rent, service charges and property tax."
https://www.bbc.com/news/uk-england-bristol-13681651,Land near Temple Meads named as Bristol enterprise zone,"Plans to establish 21 Local Enterprise Zones in England were announced in the last Budget. The new zone in Bristol, covering 70 hectares, will offer reduced business rates and simplified planning rules. The government said the zones would also be given direct support through a regional growth fund, especially in areas with ""particular challenges"". Colin Skellett, the chairman of the West of England Partnership, said the zone in the area known as Temple Quarter, would be an advantage to Bristol businesses. 'Excellent news' ""We set ourselves the task of removing the barriers to the creation of new jobs and the government gave us the opportunity to do that, in part, by creating an enterprise zone. ""It brings a number of advantages to businesses by reducing both the amount of planning red tape and the cost of their rates. ""But it also generates benefits for the area as a whole since we are able to retain the business rates that are generated which can be used to improve the other five areas we have identified."" Bristol City Council leader Barbara Janke said the move would bring new jobs to the area. ""This is excellent news for Bristol and the whole region because the Temple Quarter site is a major gateway that has huge potential to generate jobs and investment. ""In five years alone almost 4,000 jobs will be created in around 40 businesses - with more to come in the long term."""
https://www.bbc.com/zhongwen/trad/chinese-news-55555656,香港《國安法》：警方出動千餘警員拘捕逾50名參與民主派初選人士,香港警方此次行動拘捕53人，包括參與統籌去年民主派初選的戴耀庭（圖中）。 香港警方在周三（1月6日）清晨開始的行動中，拘捕了53人，他們多有參加去年的初選，包括前立法會議員涂謹申、胡志偉、鄺俊宇、楊岳橋等。另外，負責舉行初選的前香港大學法律系副教授戴耀廷也被拘捕。 其他目前已知被拘捕的包括劉頴匡、袁嘉蔚、何桂藍、梁晃維、范國威、朱凱廸、岑敖暉、黃子悅、伍健偉、馮達俊、王百羽、林卓廷、尹兆堅、鄒家成、張可森、梁國雄、岑子杰等人。此次抓捕是國安法實施以來，被捕人數最多的行動，多名被拘捕人士自己發佈的視頻顯示，參與上門拘捕有香港國安處警員。 警方在同一天據報拘捕了在香港工作的美籍人權律師關尚義（John Clancey），他是參與協調民主派初選的「民主動力」的司庫。 香港媒體引述消息指，拘捕行動與部分候選人競選時聲言要阻撓香港政府施政有關，涉嫌違反《港區國安法》第22條第三款的規定。根據此法，組織、策劃、實施或參與「嚴重干擾、阻撓、破壞」中國中央或香港政府機關履行職能的行為，屬於「顛覆國家政權罪」，最高可以無期徒刑。 香港國安法：戴耀廷等53人 涉及民主派初選被捕 早前因為另一案件而被判囚的黃之峰，據報也因為這次案件在監獄中被警方問話。 香港保安局局長李家超今日對媒體表示，被捕的民主派人士「以歹毒計劃」希望癱瘓香港政府的運作，警方的行動是必要和必須。他又認為如果計劃成功，香港社會、經濟和民生都會受到極嚴重衝擊和破壞。 香港民主派同一天召開記者會回應事件時批評說，香港當局的做法等於褫奪市民的投票權，又形容事件「荒謬至極」，呼籲公眾不要以為妥協的話，北京政府的態度就會軟化。 2019年民主派初選吸引逾60萬人投票，多個票站大排長龍。 「達到威嚇效果」 另外，警方今日上午也到數家香港媒體辦公室派送要求索取文件的法庭命令，包括《蘋果日報》、 《立場新聞》和《獨立媒體》，警員沒有進入這些媒體的辦公室搜查。命令內容據報是要求這些媒體提供有關民主派初選組織聯絡人等資料。 根據《立場新聞》的直播片段，警員表示需要對方協助調查一宗涉及違反香港《國安法》的案件，香港媒體引述《立場新聞》的總編輯鐘沛權說，目前正就文件內容尋求律師意見。 警方也到去年主辦初選的香港民意研所辦公室搜查。研究所負責人鐘庭耀據報收到警方電話，要求他周四（1月7日）到警署協助調查。研究所副負責人鍾劍華說，去年參加初選選民的資料早前已經按原定計劃銷毀，又形容警方的行動是要「達到威嚇效果」。 香港民主派去年七月舉行初選，以決定派出哪些人士參加原定去年九月舉行的立法會選舉。 《港區國安法》自去年6月30日實施，香港民主派之後在七月中按原定計劃舉行初選，以決定派出哪些人士參加原定去年九月舉行的立法會選舉，當時有約60萬人參加投票。 勝出的民主派參選人大多支持在議會中採取更激烈抗爭，他們希望得到過半數議席「35+」的目標，即獲得立法會過半數議席，增加民主派在關鍵議程上的談判籌碼，並以否決政府財政預算議案等方式來迫使香港政府做出更大的讓步，遭到港府和中聯辦批評。 香港行政長官林鄭月娥當時警告，如果初選人士目的是阻撓政府所有政策，可能違反香港《國安法》中的「顛覆國家政權」。中聯辦發言人譴責民主派初選，形容此初選是「非法」，並指控「反對派少數團體和頭面人物」有「外部勢力支持」，點名批評協調初選的香港大學學者、「佔中」發起人戴耀廷，指他目標是奪取香港管治權，想上演港版「顏色革命」。 警務處國安處高級警司李桂華在同一天向傳媒指出，審議立法會財政預算案的確是立法會議員的責任，但被捕人士聲稱不論議案內容如何都會否決，這是「最大的問題」，認為看待這宗案件時應看全部的事情和行為最終的意圖。他又透露警方已經凍結了與案件有關的金錢，涉及約160萬港元（約合20.64萬美元）。 警務處國安處高級警司李桂華指出，警方在行動中出動約1000名警員。 他強調警方不會對去年初選當天參加投票的市民作出刑事調查。建制派議員周浩鼎回應事件時也說，他認為大多數投票的市民沒有組織或進行違法行為，未見他們有觸犯法例。 香港中聯辦發表聲明表示，堅決支持香港警方嚴正執法， 以及將有策略組織或實施癱瘓政府的涉嫌違法人員與一般受誤導參加所謂「初選」投票的民眾區分開來，相信市民能夠看清戴耀廷等人險惡居心以及對社會的危害，共同自覺維護國家安全和社會整體利益。 但行動也引來多方批評。其中，早前獲美國候任總統拜登提名為國務卿的布林肯（Antony Blinken）在社交網站說，香港警方的拘捕行動是「針對那些勇敢地推廣普及權利人士的攻擊」。他又說拜登和候任副總統哈里斯（Kamala Harris；中文名賀錦麗）將會「與香港人站在一起面對北京對民主的打壓」。 人權組織國際特赦也發表聲明形容，拘捕行動顯示這是國安法作為「打壓膽敢挑戰政權的武器」至今最強烈的證據。 台灣大陸委員會就指，香港警方的行動令香港從「東方明珠」變成「觸目驚心的東方煉獄」。 有參加去年的初選、目前在英國尋求政治庇護的民主派人士羅冠聰在社交網站批評，香港當局根本無法確定所有參選人都認同以否決議案方式阻撓政府施政的做法，又指否決財政預算案是《基本法》設計容許的做法，形容香港當局的說法「錯漏百出」，是為了製造「政權就是可以無法無天」的形象。
https://www.bbc.com/zhongwen/trad/world-40358248,王位傳子不傳侄 沙特王室圖變革,"2015年，沙特國王登基時，曾任命57歲的侄子納耶夫王子（右）為王儲，31歲的薩勒曼王子（左）為副王儲。如今副王儲成為王位第一繼承人。 薩勒曼國王現年81歲，自2015年繼任王位後，曾任命侄子納耶夫王子為第一王位繼承人，自己當時默默無名的兒子薩勒曼王子為副王儲。 如今，國王決定將王位傳給兒子，而不是侄子，身為侄子的納耶夫倒是表現得非常服從。據沙特官方通訊社SPA報道，納耶夫表示他將效忠新王儲。 後起之秀 多年來，統治沙特的國王年歲都不輕。現任國王薩勒曼2015年從同父異母兄長手中繼承大位時，已經年近80歲。而前任國王阿卜杜拉登上王位時，已經是81歲高齡。 31歲的薩勒曼王儲在最近兩年迅速上位，被沙特年輕的一代認為是大變革的前兆。 薩勒曼王儲在擔任副王儲期間，已經總管沙特的能源政策和經濟改革。以沙特為首的海灣國家對也門的軍事打擊行動，也是由擔任國防大臣的薩勒曼王子主導。 成為王位正式繼承人後，薩勒曼王儲權力更是如日中天：他在保留國防大臣的同時將兼任副首相。 1932年創立沙特王國的阿卜杜拉齊茲國王身後留下幾十個兒子。現在沙特王室中的王子和公主多達1萬5千人。 2016年1月，中國國家主席習近平訪問沙特阿拉伯，當時擔任國防大臣和副王儲的薩勒曼王子曾到機場歡迎。 2006年，沙特王室成立了負責選擇國王和王儲的委員會，成員都是沙特王室成員中位高權重的王子。 薩勒曼成為王儲，在該委員會34名成員中，共贏得31票支持。 新星 BBC防務記者弗蘭克·加德納分析認為，薩勒曼王儲在權力之路的攀升彷彿「流星般迅速和燦爛」。 加德納2013年曾與薩勒曼王子在沙特城市吉達有過一面之緣。當時，薩勒曼王子稱自己「不過是個律師」。時隔僅4年，他離掌控阿拉伯世界最強大的國家只有一步之遙。 每年都有上百萬信徒前往麥加朝聖 加德納認為，儘管外界對沙特主導的也門軍事行動尚無定論，但在沙特國內，特別是沙特年輕人當中，薩勒曼王儲廣受歡迎。套用一個說法，沙特是人口紅利豐厚的國家：三分之二的人口在30歲以下。 薩勒曼王儲利用手中的權力，清除了政府部門中很多不作為混日子的官員，起用了一批年輕、接受過西方教育的技術型官員。 他的另一項政績是推出了沙特「願景2030」計劃，同時宣佈改革沙特龐大國有石油公司——阿美石油。 在外交層面，他與美國以及特朗普政府建立起密切關係，與英國的關係也很緊密。 不過，BBC防務記者加德納分析認為，他最大也是最危險的挑戰，仍然是對國內事務的處理。他希望能分化削減沙特保守宗教勢力的影響。此舉雖然很為華盛頓歡迎，但在沙特國內卻阻力重重。 沙特「願景2030」 沙特，多年以來一直是世界第一大產油國，石油出口佔國家出口總額的95%，國家收入的75%和GDP的45%。 但是，最近幾年世界石油價格持續下跌，使沙特的國家收入減半。被稱為""黑色金子""的石油，讓沙特成為阿拉伯世界最強大的國家，現在也成為沙特這個古老王國改革的動力。 隨著石油收入的減少，沙特社會生活的方方面面都面臨艱難的選擇和改革。 「願景2030」正是在這樣的艱難時局下出台的未來國家藍圖。 儘管沙特向石油輸出國組織歐佩克提供的數據認為，沙特共有2112億桶石油儲備，即便按照每天開採230萬桶，沙特石油儲備仍然可以開採240多年，但是包括薩勒曼王儲在內的決策層已經看到，石油終將有枯竭用完的一天。另一個不得不面對的現實是：雖然離石油耗盡的那天尚遠，人們已經開始轉用電動汽車。 薩勒曼王子在父王2015年登基以來發揮了越來越大的作用。 「願景2030」在薩勒曼王子的主導下，由多個外國諮詢公司參與聯手制定。薩勒曼王子在「遠景2030」序言中這樣描述他的「沙特夢」：我們所追求的並不僅僅是重振經濟或固成守舊。我們致力於構建一個朝氣蓬勃的國家，讓所有的國民都能在此實現他們的夢想。 為實現「願景2030」，沙特表示計劃實施一系列將產生重大影響的行動，其中包括：將世界最大的沙特國有石油公司阿美石油戰略轉型、國家轉型、加強公共部門管理、 私有化等。其中要建立適應21世紀新型戰略伙伴關係，力求將沙特打造成連接三大洲貿易樞紐的計劃，與中國推出的""一帶一路 似乎不謀而合。 沙特與中國 沙特在1990年與台灣斷交，與中國建交。過去10年，兩國關係發展尤其密切，這與中國對沙特石油的需求大增不無關係。 2016年，中國國家主席習近平曾訪問沙特，簽署涉及共建「一帶一路」及產能、能源、等方面的14項合作文件。2017年3月，沙特國王薩勒曼訪問中國時，雙方簽署的經貿備忘錄和意向書金額高達650億美元。 薩勒曼王儲曾在2016年8-9月間訪問中國，並出席在杭州舉行的二十國集團峰會。 薩勒曼王子在短短幾年時間內躍升成為沙特王位繼承人，結束了過去一段時間以來外界的諸多揣測。 BBC中東事務分析員傑拉德·巴特(Gerald Butt)認為，沙特王室的這一決定意義深遠。如果說2015年沙特薩勒曼國王繼位標誌著沙特王室頂層變革的序曲，那麼年輕的薩勒曼王子正式成為王儲則是王室變革的高潮。"
https://www.bbc.com/news/uk-scotland-highlands-islands-34806683,Swimming with sharks on top 20 adventure holiday list,"Oban-based Basking Shark Scotland has been put above volcano trekking in Iceland and bungee jumping ""like James Bond"" at Switzerland's Verzasca dam. Owner Shane Wasik said he was ""delighted"" his company was listed. He said the giant fishes' welfare was of the ""highest priority"" during the guided swimming tours. Basking sharks are the world's second biggest fish - the whale shark is the largest - and can grow to 11m (36ft) and weigh up to seven tonnes. They have no teeth and feed on microscopic plankton by opening wide their huge mouths. Every summer the sharks gather in large numbers around small islands off Scotland's west coast where they are sought out by scientists and wildlife watchers. 'Alternative tourism' Basking Shark Scotland's code of conduct only allows four people at a time to go snorkelling, but not scuba diving with the sharks. Mr Wasik said: ""We're delighted with the interest as we strive to promote Scotland's natural assets for authentic and eco-friendly alternative tourism activities. ""There are many varied shark experiences worldwide but Scotland is unique in that it is the best place in the world to see basking sharks. ""We've had people from all over the world come to us to observe them from as far away as Australia, New Zealand, Singapore, Canada, US and Europe-wide."" He added: ""We have marine biologist staff and have an active science programme. Shark welfare is our highest priority."" Scottish government-funded Scottish Natural Heritage, which promotes care for and improvement of Scotland's natural heritage, said the welfare of the sharks and the tourists was important. It said: ""Under the Marine Wildlife Watching Code swimming with animals in itself is not illegal, but there does exist the potential to cause disturbance. Safety is another factor."" Number one on the easyJet list is stand-up paddleboarding in the Algarve in Portugal and zip-lining in southern Italy."
https://www.bbc.com/korean/international-51540631,신종 코로나: 흉기를 든 강도가 홍콩에서 수백개의 휴지를 훔쳐 달아났다,"강도들은 휴지 일부를 버려두고 달아났다 홍콩에서는 휴지가 품귀 상태다. 코로나19 바이러스의 창궐로 사람들이 사재기를 한 탓이다. 칼을 소지한 남성들이 17일 몽콕 지구의 수퍼마켓 바깥에서 배달부로부터 휴지를 빼앗았다고 경찰은 밝혔다. 경찰은 두 명의 남성을 체포했고 훔친 휴지 일부를 회수했다고 현지 언론은 전했다. 사건이 발생한 몽콕은 폭력 조직 삼합회가 활동하는 것으로 알려진 곳이기도 하다. 현지 언론 보도에 따르면 강도들은 웰컴 수퍼마켓 바깥에서 휴지들을 내리고 있던 배달부를 위협했다. 홍콩 신문 애플데일리에 따르면 1,695 홍콩달러(약 26만 원)에 상당하는 휴지 600롤이 도난당했다. 품귀 사태 때문에 홍콩의 상점들은 새로 물건이 입고되면 사람들이 줄을 서서 기다린다. 정부가 바이러스로 인한 공급 부족은 없다고 발표했음에도 불구하고 주민들은 휴지를 사재기하고 있다. 쌀, 파스타, 세제 등의 식량, 생활용품들도 품귀 상태다. 마스크와 손 소독제는 구하기가 거의 불가능하다. 이미 1700명 이상의 목숨을 앗아간 코로나19로부터 스스로를 보호하려는 사람들이 앞다투어 구매하고 있기 때문. 당국은 온라인에서 번지는 헛소문 때문에 사람들이 사재기를 하고 있다고 말했다. 75명의 확진자가 나온 싱가포르에서도 휴지와 마스크, 손 소독제 사재기 현상이 벌어지고 있다."
https://www.bbc.com/zhongwen/trad/china/2015/09/150901_ana_lienchan_china,分析：「連爺爺」看閱兵和國民黨的分歧,"連戰和習近平：連戰每次組團到中國，都能見到高層領導人。 這次當年被暱稱為「連爺爺」的連戰到北京參加中國政府為紀念抗日戰爭勝利70週年的閱兵，雖然不見得能夠重演當年盛況，倒是顯示出了國民黨內部的分歧。 從台灣政壇的反應來看，國民黨總統候選人洪秀柱雖然出面緩頰說，連戰心中「自然有一把尺」，但是總統府除了事前大力勸阻之外，也對連戰抵達之後的言論作出了似乎有點不太客氣的回應。 抗日戰爭立場 台灣總統府發言人陳以信直接以不論正面或者敵後戰場「都是國民政府領導」是「絕對不能否認的事實」反駁了連戰所說的「毛澤東領導敵後戰場」。 連戰的說法，自然是北京所願意聽到的，也符合北京這次慶祝或者紀念「對日抗戰與反法西斯戰爭勝利70週年」的調子。 可是到北京參加閱兵這個最具象徵意義活動，看起來就連堅決反台獨的前國防部長、台灣擔任參謀總長任期最長的老軍人郝柏村也不能接受。 中國國台辦主任張志軍稱讚連戰無視壓力，應邀到北京參加閱兵。 和連戰幹冒大不韙的風險、被扣上「賣台」的帽子一樣，郝柏村拒絕應邀到北京參加閱兵，也是需要承受相當的後果。 例如中國官媒《環球時報》說與連戰相比，「郝柏村更像是一個怯懦者」、說郝柏村「討好綠營選民」。 但是知道台灣政治生態的人大概都很清楚，不論郝柏村說什麼、做什麼，應該都「討好」不了綠營選民，郝柏村自己大概也很清楚這一點。 國民黨的不滿 一直堅持國民黨政府領導抗日的台灣總統馬英九還有國民黨，面對明年即將來臨的總統大選，對一個國民黨前主席到北京參加閱兵，其心中的著急和不悅，也沒有隱忍不發。 國民黨內非連戰一派的政治人物，基本上都表現了不認同連戰做法的態度。 除了擔任總統的馬英九在通過發言人表態之前，雖然沒有指明，但是就已經多次表示「不宜」參加。 國民黨主席朱立倫則是強調「堅持對等，而且堅持中華民國的史觀，堅持我們抗戰是中國國民黨所領導的」。 郝龍斌則是以其父郝柏村為例說，退休的高層不應該去中國參加這次的閱兵。 國民黨和民進黨這次難得出現的一個共識，就是都不贊成連戰去中國。 歷史地位 為什麼連戰堅持要去？有的人說是為了在中國做生意，也有的人說是為了能夠繼續在台灣政壇生存。 台灣《風傳媒》主筆夏珍對BBC中文網表示，她認為連戰可能就是想要在歷史上留下他的地位，但是自由、民主、基本人權上的差異才是兩岸無法更進一步的問題，「連戰應該更用點力氣，讓北京了解這些價值都在中共建政憲法裏，誰能讓其實現，才是真正的歷史定位。」 夏珍指出，連戰每次組團到中國訪問，企業界都樂於隨行，因為跟著連戰就可以見到中國的高層。 而在台灣的政治人物當中，有這種能耐的的確也是不多見，夏珍覺得也許連戰認為自己還是能夠在兩岸之間扮演重要的角色。 夏珍說，連戰可以算是名列台灣富豪，在錢財方面應該無法合理解釋成他執意登陸參加閱兵的原因。 台灣綠營人士在連戰前往北京的時候到機場示威。 而去年11月29日的九合一選舉，連戰的兒子連勝文競選台北市市長大敗，夏珍說如果說想要從北京來恢復連戰家族在台灣政壇的影響力，在台灣是不可能的。 多元化社會 馬英九曾經說，在台灣每個人對抗戰的經歷是不一樣的，所以應該彼此尊重。 但是先前前總統李登輝的「日本是祖國」，還有這次連戰的北京之行，馬英九都作出了相當強硬的表態。 抗戰是誰領導的？這個問題的答案其實很簡單，不少的觀察人士也認為中國大張旗鼓地舉辦閱兵，其實是「項莊舞劍、意在沛公」，對象是日本，根本不是國民黨。 奉中華民國為正朔的國民黨卻不能不作反應，尤其是作為總統的馬英九，而反應就會和連戰的打算發生衝突。 所以從這個方面來看，其實就像李登輝的「日本是祖國」一樣，連戰應邀參加北京的閱兵並不讓人意外，至於能有多少影響？那大概就是見仁見智了。 （責編：董樂） 如果您想要發表意見和看法，請用下列表格 網友反饋 中共確實有參加抗戰，但是在抗戰中佔的分量小，而且抗戰過程中和抗戰結束時，中國的政府都是國民黨的政府。但是不管怎樣，既然有抗戰，自然是有資格可以舉辦紀念慶祝典禮，最多只能批評說你功績這麼小還好意思搞這麼隆重。 其實台灣只要自己願意，完全可以聯合美英法等同盟國舉辦更加盛大的典禮。不過現在台灣不願舉辦：內部分歧太大；也不敢舉辦：怕同盟國不同意而批評自己；除此之外甚至今年還有前領導人去日本自稱臣民。這些就是不折不扣的自我矮化了。既然是自我矮化，就不該怪別人比自己長得高。批評聲再強烈，聽起來也感覺毫無底氣。 未署名 國民黨和共產黨在對日抗戰上都是配角而已.真心抗日的是東北軍.東北鄉土被日人佔領.老帥張作霖被日人炸死.激起東北軍同仇敵槪殺日寇.相較蔣中正的不抵抗政策.一再的撤退.共產黨的先求壯大.真是無法相提並論.只是現實地政治舞台不可能講實話.這是中國人的大不幸。但願將來的中國歷史能說真話.記載真事.而不是被政客操弄的工具。 林忠標, 台灣基隆 這是中華民族對抗外族侵略的戰爭史，當時的國民軍或共軍，為了他們自己的生存不想跟日軍拼命都不行，當家的國民政府控制大部分的江山，對外仍是代表中國政府的合法當權者，當然肩負起大部分對日本鬼子作戰啦！ 此時此刻爭論誰打的抗戰是沒太大意義的，就讓二岸的歷史學家們去寫出來吧！ 就讓中華⁈7女們好好慶祝這個日子吧！ Eric, Australia 台灣是一個民主法治國家，連戰一未有國會授權代表台灣人民；二末有台灣政府指派作為代表；三未有國民黨委任出席，所以他的發言倒底代表誰？是他個人，還是中國的傀儡唸稿機呢？ 中日抗戰史與台灣無關，我們台灣人也不想捲入漩渦，而今年也剛好是台北大轟炸70週年紀念，這才是台灣人的二戰史。 奉勸連戰夫妻轉往真正的祖國美加避難到2016後吧！否則遲早被丟大便，斯文尊嚴掃地。 可惜！本來台灣人還想留你藍軍30℅，但連這一場醜戲，連本土藍都被全部激怒了，所以30℅沒指望了，而國民黨最終只是10℅上下，而蔡可能會過60℅，嬴爆了！ 中國的習江鬥也聯結了馬連鬥，總有人要輸不是嗎？ 台灣人不管你們誰輸誰嬴，剷掉國民黨就會切斷這種危害台灣安全的連結。 戴珍珠, 台灣國 國民黨少給自己戴高帽，當時的蔣介石頂多就是一個掛名最高領導 和三國討董時袁本初一樣的貨色罷了。 真正抗日的是各路諸侯， 一路軍二路軍 八路軍等等。 蔣介石剋扣軍餉自肥，給偽軍送錢 的事沒少幹，和臘肉一樣，說是領導的抗日，說出來也不嫌丟人。 Kknd, Usa"
https://www.bbc.com/zhongwen/trad/china/2013/09/130919_ta_taiping_lsland_pier,台籌建太平島碼頭 可泊3000噸軍艦,"太平島周邊屬淺水區（中央社圖片） 台灣海岸巡防署副署長兼發言人王崇儀接受BBC 中文網電話訪問時表示，基於國安需要，海巡署從明年度起編列太平島交通基礎設施整建預算，以三年為期編列總經費33億7377萬元，進行碼頭興建及機場跑道改善工程。 根據海巡署提報立法院的預算書，明年度先編列十億餘元預算，主要用於興建碼頭。海巡署和國防部已完成太平島周邊海域和地形會勘，確認新建碼頭位置與工法。未來將先在台灣興建重達3600噸的沉箱，然後拖曳到太平島沉放，組合成一座L型碼頭，可停泊3000噸軍艦或救難船。 王崇儀指出，預算書必須經過立法院審查並且三讀通過才能實施。 立法院新會期已於17日開議，但受到九月政爭影響，議事處於停擺狀態。由於立法院長王金平涉及司法關說，馬英九總統以國民黨開除王金平黨籍的方式，企圖把王金平拉下院長寶座，引爆國民黨九月政爭。馬、王雙方目前正在透過司法訴訟，解決爭端。 王崇儀並且表示，新建碼頭工程經過環境評估後才定案，以降低對於當地生態的衝擊。 由於太平島北方淺海有珊瑚礁，東南方沙灘是綠蠵龜上岸產卵地，再經過地形、海底水文與海流分析後，決定選擇機場跑道盡頭的西南角海岸作為興建地點。 有關太平島碼頭工程，未來將會透過一座210公尺聯絡橋，自岸際延伸海面，然後接合一段110公尺堤岸，再與另一段210公尺堤岸垂直，構成L型碼頭。 由於太平島周邊屬淺水區，但向外推60公尺，深度陡降至數十公尺，新建碼頭足夠停靠數艘大型軍艦或數百噸的新型飛彈巡防艦。 王崇儀說，由於工程浩大，技術複雜，未來是由交通部發包施工。 太平島是南沙群島中最大的島嶼，台灣、中國大陸、越南和菲律賓等國均宣稱擁有其主權，目前由台灣實際控制。台灣在太平島建造新碼頭，旨在鞏固南海戰略位置。 網友如要發表評論，請使用下表： 讀者反饋 南沙群島恰如其名有若散落大海的散沙，居中央位置面積最大的太平島也不逾1平方公里，備有小型碼頭、機場跑道儼然停泊在海中央一艘不動的航空母艦，它的戰略位置無疑是重要的，惟它的地理環境卻是易攻難守。台灣籌建可停泊3000噸船艦碼頭可以大大加強它的海空補給能力，南中國海假若有朝戰雲乍起，其戰略價值更不可小睹。際此南海紛爭不斷且有升級之勢，守土有責的台灣如何因應，豈能不慎之重之？孟光, Hong Kong"
https://www.bbc.com/zhongwen/trad/china/2016/03/160301_taiwan_dalai_lama_tibet,台灣政界再掀邀請達賴聲浪 官方態度保留,國民黨籍立委陳學聖提案聯署，希望馬政府再給宗教領袖達賴喇嘛簽證(CNA) 表達台灣和平期盼 國民黨立委，同時身兼國民黨主席參選人陳學聖，周二（3月1日）在立法院召開記者會，表示他將提案推動立委聯署，希望在馬英九卸任總統前，能夠給予藏傳佛教領袖達賴喇嘛簽證，讓他再度來台「弘法」。 而對於有人懷疑他是想借著達賴議題，炒作他最近參選國民黨主席選情，他也否認。他表示他以前就「兩度組團」前往尼泊爾探視西藏難民，也曾營救在台灣的西藏難民。他自認一直與西藏和達賴喇嘛「關係深厚」，甚至他還說2001年達賴來台時，還曾召見他表達感謝之意。 陳學聖說，在2015年達賴喇嘛的80大壽時，就曾透過管道表達想來台灣的意願，「達賴也說台灣對他來說很親切，就好像家的感覺」。希望大家一起跨越政治，單純就宗教來「不分黨派」的歡迎達賴喇嘛。 但如果達賴喇嘛應邀來台，恐怕會觸及敏感的兩岸關係底線，陳學聖認為「國民黨一直倡導兩岸和平，且中華民國也是主權獨立、愛好和平的國家」，因此他認為中華民國「有權利邀請達賴喇嘛這位愛好和平與自由的人士」。他期盼馬英九總統在卸任前，能以「人道立場」核准達賴來台。 陳學聖2月29日就先發聲明，表示將要提案聯署希望給予達賴喇嘛簽證，聲明中呼籲「不該拒80高齡高僧於千里之外」，希望馬政府能主動。他認為這樣才能「一圓佛教界期盼，並表彰台灣對人道的高度關懷」。 蔡英文的新難題 曾經在台灣舉辦「西藏自由音樂會」，並且是達賴喇嘛信徒的時代力量立委林昶佐，在接受BBC中文網記者訪問時，則直接坦率響應「很好啊，樂觀其成」。 他表示，達賴喇嘛一直就是很受世界各國歡迎的宗教領袖，「台灣沒有理由不歡迎他來」。他認為國民黨委員都釋出善意，表示各界對達賴喇嘛的支持和景仰是「不分黨派」的。 長期支持達賴喇嘛的國會議員林昶佐，辦公室後方就是達賴圖騰(BBC Chinese) 林昶佐認為，達賴喇嘛很友善、慈悲，甚至對他來說像是「精神導師」。他表示台灣很多人都受到達賴喇嘛啟發，連他的國會辦公室背後，都放著達賴喇嘛的圖像。 英國路透社則在新聞中指出，若是馬政府未核准，到時候蔡英文的新政府，也會面臨是否要批准達賴來台的問題。而路透社也引述民進黨高層人士的談話表示，達賴喇嘛有可能在10月10日「雙十國慶」時來台，但「有可能不會跟他直接會面」，避免與北京的對話空間被中斷。 官方「按既定流程」 行政院長張善政，在1日答覆立委質詢時，表示達賴喇嘛訪台則是要看其目的，「不是不能來，而是要來做什麼事情」。張善政表示如果收到申請，會與外交部、內政部跟陸委會協商。「現在很難馬上答應到什麼地步」。 台灣外交部回應，尚未收到達賴喇嘛的申請，並表示政府對於簽證申請都有完整規定，只要當事人提出申請就會審核。陸委會主委夏立言表示還不曉得狀況，也沒收到訊息，到時候「就照著規定走」。 根據台灣《蘋果日報》的實時在線民調，顯示有75%的選民贊成達賴喇嘛「應該訪台」。達賴喇嘛的藏傳佛教信徒，粗估在台灣已經有超過100萬，儼然已經成為台灣本土宗教信仰。 達賴喇嘛上次造訪台灣是2009年，當時台灣發生八八風災，造成小林村被淹沒的慘劇，達賴喇嘛在當時政商界的邀請下來台灣替罹難者及家屬祈福。但在此後，達賴喇嘛數度想再來台，並未獲得馬英九政府批准。 （責編： 路西） 網友如要發表評論，請使用下表：
https://www.bbc.com/zhongwen/trad/china/2015/06/150603_tw_china_history_wound,觀點：圖騰化的「歷史的傷口」,1989年，中國學生群聚北京天安門前要求改革 然而，這樣的宣傳是否也擦槍走火，給予許多台灣的「政治素人」和青年學生一個可能的模仿想像，引動了來年大規模發生的3月學運?一樣是熱血青年關心時政，一樣有個集結眾人以長駐的廣場，但歷史的機遇不同，野百合青年得以高度參與台灣重要的民主轉型期，對國政及個人的影響直至今日仍深，而中國的六四學生及民運人士卻須奔逃香港乃至海外。 我不是那代人，卻不禁在想，野百合中年與六四中年是否彼此間會有種「同期之櫻」的相惜情誼。 當我們再也不都是中國人 而當香港維園六四紀念晚會持續25年，始終有上萬人參與，2009年以後更經常在10萬人左右之際，台灣在接下來的20年(1990-2010)裏，卻因為台灣人意識蓬勃發展，抽掉「我們都是中國人」的想法之後，六四事件與光州事件對台灣人差別並不大。於是，台灣的六四紀念晚會參與人數鮮能突破萬人，甚至連千人都不一定達標。近幾年台灣紀念六四晚會主辦者與參與者多是社運圈內關注中國人權議題的同溫層，雖然也有不少年輕大學生參與其中，但與其說紀念六四，不如說找名目讓彼此打氣，並分享當代中國的人權侵害狀況，中老年人說毋忘「歷史的傷口」，但年輕人並沒有這些早在出生之前就存在的「歷史的傷口」。 台北二二八紀念碑 圖騰化與真實的追尋 另一方面，在網絡世界，「歷史的傷口」也在圖騰化，對90後的台灣年輕人而言，「六四」是捉弄中國「五毛」(台灣現稱「婉君」)的好用工具，當「五毛」一來胡鬧，鍵盤打出「六四」這個敏感詞，對方就會立刻斷線，這個動作說的是「我們可以講的，你們不行」。多戲謔!但這不正體現了六四作為一種台灣民主的防衛機制? 2010年，台灣開放大陸籍學生就讀，陸生來台之後，看似語言相通，但文化衝擊卻可能遠大於至歐美日留學者。2013年，有一百多位陸生戴著口罩參加六四紀念晚會，這讓人想起1970年代，台灣民主運動者在台灣戒嚴不得談論的禁忌下，於海外紀念二二八事件的場景。圖騰化的「六四」與天安門母親們所追求的有血有肉(地上的血、身上的肉)的事實真相，是完全不同的認知，但在真相(仍)無法言說的年代，圖騰化的六四與圖騰化的二二八一樣，只得先作為反對運動的神主牌，引領一波波運動想像，召喚一代代青年投入，直到撼動甚至翻覆當權者，真相才可能得以公開談論。 （責編：路西） 文章不代表BBC的觀點和立場。如果您對這篇報道有任何意見或感想，歡迎使用下表給我們發來您的意見：
https://www.bbc.com/zhongwen/trad/china/2014/12/141213_ana_hk_occupy_dai,觀點：香港民主運動的新一頁,"「雨傘運動」是香港民主運動的新里程碑，必會影響香港民主運動以至香港未來的政治及社會發展。 過去30多年上兩代的香港民主派人士，努力在香港不斷耕耘播下民主的種子。經濟發展帶來世代價值觀的轉變，孕育了港人對民主的強烈渴求，超越純看經濟利益的思維。中共政權在香港民主普選的問題上，不單寸步不讓更要收緊香港所享有的高度自治。香港警察無理地使用超乎比例的武力，以催淚彈驅散爭取民主普選的和平示威者。最後引爆了佔據了主要交通要道（而不是廣場或公園），及為期75天的大規模佔領行動。在世界的抗爭史上也屬罕見。 「雨傘運動」是香港民主運動的新里程碑，也因「雨傘運動」所帶來的轉變，必會影響香港民主運動以至香港未來的政治及社會發展。 一、與「雨傘運動」一起誕生的，是新一代的民主派人士——「雨傘新世代」。大部分的「雨傘新世代」都能堅守和平非暴力的精神，但較之他們的前輩，「雨傘新世代」顯得更堅韌、進取、靈活、而且有創意。香港的民主運動並不會因佔領行動結朿而完結，反而因注入了新的民主力量，爭取以至抗爭的行動必會堅毅地繼續下去。 當權者不要以為清除了街道就是解決了問題。到現在為止，當權者對引發佔領街道的根本原因仍沒有實質回應。一天中共不能對港人的民主訴求有積極及正面的回應，和平抗爭必會持續下去。佔領街道的抗爭行動或會再次出現，但抗爭也可以是議會拉布及其他公民不合作的行動。支持真普選的香港市民，更可以在區議會及立法會的選戰，以選票踢走建制派議員。 二、由於特區政府並不是由真正的民主選舉產生，管治一直欠缺認受性。特區政府因而缺乏足夠的認受權威去推行能妥善處理社會深層次矛盾的政策，令特區政府不時陷入管治困難甚至危機中。解決不了管治上碰到的各種問題，令特區政府的管治威信不斷受損，進入惡性的循環。抗爭及不合作的行動也必會令管治更加困難。 按現在的發展，特區政府將提交的政改建議，差不多肯定會被立法會中的泛民主派議員否決，那麼2017年的行政長官就會繼續以不民主的選舉辦法產生，特區政府的認受性就會進一步受到質疑及挑戰。一天制度的基本規則還是不公平及不公義，管治危機只會持續下去。若要讓特區政府能有效管治，中共不可能不改變其治港思維。不然，就只能看著香港的管治繼續爛下去。 三、「雨傘運動」後的香港的民主運動會變得更加多元。香港的民主運動包括了各方力量，不少更是在「雨傘運動」中新生的力量。他們對具體的政制方案及爭取的策略、步伐及手段都有不同的看法。怎樣才能協調好這些不同的民主力量，以組成相互配合而非互相攻擊的聯合陣線，來增強抗爭的整體果效，將是香港民主運動當前最大的挑戰。但多元的性質也令中共更難處理香港的民主運動。即使中共想提出解決當前危機的政改方案，若不能同時滿足得到各個派系的訴求，或是以一個具公信力的程序去讓港人共同決定，也不可能化解危機。 四、因為價值觀的差異，「雨傘運動」的確激化了社會的分歧。上一代成長於社會資源貧乏的時代，故較重視物質富足及生活安穩。但新生的一代成長於物質遠為富足的時代，導致他們所重視的價值，超越物質的需要，更看重個人表達、可持續發展及公民參與經濟及政治決策的權利等。在佔領時期藍絲帶與黃絲帶之爭，正反映了這一代人價值觀之間的衝突。 但兩代人之間的差異不一定要變成衝突。上一代人未必反對制度改變，而只是擔心制度改變而帶來社會動蕩。新生一代覺得這種社會動蕩是不可避免的社會代價，但長遠來說卻能為整個社會帶來更大的得益。如何妥善處理由「雨傘運動」所引發的社會衝突，把紛爭化解，是香港未來發展能否走向美善的關鍵所在，各方都有責任。但若中共能展示善意，接受香港可以實行真普選，能重建真正的和諧社會關係的機會將大大提升。 （責編：路西） 文章不代表BBC的立場和觀點， 網友如要發表評論，請使用下表： 讀者反饋 只不過是一味地給自己添脂抹粉罷了，果然是立場決定腦袋啊。筆者所述情況只有在經濟大發展中，民眾的生存需求可以得到滿足時才會發生，這也符合馬斯洛的需求理論，台灣，韓國，甚至更久遠些的西方民主典範國家(受外力影響的除外)也都是這種情況，生存需求的滿足才引發了民眾對於更高層次的需求。在香港日薄西山，民眾生存越來越困難時，何以民眾的覺悟反而更高了呢？此次運動與其說是民主運動，不如所是不滿生存現狀與將來壓力的騷亂式發洩罷了。 Zheng, Sydney 從不關心政治，甚至不知道真普選和所謂的假普選是什麼，似乎不應該說什麼的。但是聽到很多人說大陸人被洗腦之類的話還是很不爽，實話說自己在十七八歲的時候也這樣想，但是現在想想其實是很愚昧的。也跟朋友辨論過，他說之所以你不關心政治是因為你被洗腦了，但是我想說，我（我相信很多人跟我一樣）真的不喜歡政治，在我看來（可能有些人覺得愚昧）政治事務本來就是政府的事，政府的工作就是做好它，而如果有些事你還讓我來選，那我就覺得是政府工作沒做好。而我的任務，就是享受生活（生存和發展權在發展中國家來說確實是最迫在眉睫的。當然，香港另當別論），另外，我過的挺好，不要因此就覺得我們大陸人都生活艱辛。而至於大陸的問題，我覺得更多的是法制的問題。至於以社會制度抨擊或者貶低他人的人，我只 會覺得他才是真的愚昧。對於中國特色社會主義的前景，我真的抱有很大的希望，因為我覺得中國大陸真的是在走一條特別的路，而這條路的前景是充滿人情味而誘人的，並且是現實的。至於那些抨擊我愚昧被洗腦的人，我想說你應該多走走看看，長長見識，並且摒棄偏見之心，對於你不理解的事物，其實只有一個解釋，那就是你不願意理解。另外我對站中還是挺支持的，雖然個別自以為是的年輕人的言論聽著就可笑，但我想並不具有代表性。而且我不了解事情原委，也不好說什麼，但是尊重你們的行動，並且直覺覺得是一件很好的事。最後說一句我自認為很受益的話：少些戾氣，對這個世界保持寬容。另外，如果有港人看到，希望抨擊我一下，萬一真的把我打醒了，也是一件樂事，哈哈（但是不要罵我哦） 未署名 香港某些人要自殘，我們大陸人只能遠觀了，可悲啊！ 未署名 失敗了不甘心，寫出這麼一篇亂文，只能讓人覺得其可憐而又太不通情理。可以理解，教授怎麼能自認是給香港帶來禍亂的罪魁呢。可以肯定的是香港要想獲得安寧是不容易的，教授還會找機會鬧的。哎，真為香港難過。 Dlc 其實每個社會在治理上都有各種問題，因為最好的制度隨著時代進步社會變化也會落伍的。所以政府和掌權者就必須得懂得與時俱進以滿足社會的需求，社會的進步必須靠年青人大力推動，老年人觀念太保守害怕變化這點大陸香港都一樣。 未署名 戴耀廷聲稱：「中共政權在香港民主普選的問題上，不單寸步不讓更要收緊香港所享有的高度自治。」 戴耀廷能不能給出證據，證明中共政權要收緊香港所享有的高度自治？ 戴耀廷是法學教授，應該很清楚：作無證據的指稱，不是法律界正直人士作為。 未署名 ""世上從來沒有完美的制度"" 這是普通常識. 所以隨口說 ""雖然許多人幻想能依靠完美無暇的制度解決一切問題，但是他們卻不可避免地要陷入一個悖論"" 的人, 要麼本身就是幻了妄想症, 要麼就是自以為智商超人, 但更可能其實就是自創悖論, 然後插贓給別人. ""世上從來沒有完美的制度, 祗有更好的制度"" 這也是普通常識 但是要先搞清楚所謂 ""更好"" 是指什麼, 跟誰比較. 例如中共政權將 ""人的生存與發展權"" 定為中國大陸人民的人權標準, 那麼以此標準跟飼養牲畜比較, 可能稱得上十分優厚, 即使跟一些非洲, 南亞, 中東落後國家的人權標準比較, 也算不錯. 但是以此標準跟歐美及亞洲的先進國家相比就顯得十分落後了. 由此可見, 一國兩制的精神, 就是要尊重事實. 香港無論從人均收入, 教育水平, 社會建設, 資訊自由, 國際化等各方面都與國內大大不同. 香港的政治制度與它本身的社會現實必須配合, 這根本就是常識. 世上沒有完美的制度, 但有較好的制度. 民主政治制度並不完美, 但對香港而言, 這是較合適的制度. 所以請不要用那些似是而非的謬論來混淆視聽. 香港仔, 香港 答覆：中國人, hk 菜做的好不好吃，不是只有廚師才能品評，不會做菜的食客也有權力說話。 有人在理論上思考，有人解決一個兩個實際問題，這很好啊，為什麼要一個人既要建立理論基礎又要解決實際問題，我們真的需要這麼一個人嗎？這種人真的存在嗎？ 戴教授此文闡述了一些理論基礎，希冀能看清一個前進方向，已經盡到前進方向上一個角色的力量，完全無需求全責備。該接力的、該修正的，會有其他人繼續。 另外，請你發言時修正一下錯別字，會有助於你的闡述清楚。 未署名 人們總是讓簡單的事情變複雜，自從清政府被推倒了之後，中國人就開始爭取民主自由，爭取的一百年了，從原來的一直懷抱希望，不知道為什麼走著走著就變成了也許我們跟本就不需要它，若是不需要它，又何苦之前受了那麼多的苦浪費那麼多時間去尋求它呢，若是真的需要它，為什麼有突然改變想法了呢，無論如何，都一百年了，卻還停留在我們是否需要它的討論上，這是什麼原因？ Michelle 寫的基本認同，抗爭的主體是具有國際價值觀的年輕人，上一代的人更重視物質利益，並不怎麼關注政治權利。這個跟大陸的情況類似，期待著80後成為社會的脊樑後，中華大地勢必民主自由。 huandy618, hangzhou 上術評論者為反對而反對，什麼當下香港有很多問題，並不是僅僅港府和中央的責任？香港民生政策管理不是港府和中央責任是誰的責任？誰來平衡社會利 益？市民有意見，政府當然要溝通想辦法解決，難道坐著等發薪酬是政府的責任，沒能力解決社會問題的政府，所以得不到市民認同。戴耀庭不是在提議出用普選來 解決問題嗎？如果你是反對普選的，我沒話說了。 中國人, hk 看了戴教授的文章，真的非常失望。同篇文章只是在讚美自己發起的運動。而對於香港問題的產生卻僅僅是責怪香港政府不是普選產生這一既定事實。沒有任何深層次的對社會問題分析，沒有任何數據調查作為分析的證據，可以說僅僅是意識形態上的一種標榜。更進一步的，自然也沒有任何有實質性的建議。確實，當下香港有很多問題。但是這並不僅僅是港府和北京的責任。現在更加關注的應當是如何去解決問題。我想恐怕戴教授自己都不知道如何去解決問題，甚至讓他自己說出可以被廣泛接受的「真普選」方案他都做不到吧。既然如此，做這種意識形態標榜又有何意義吶？民主是需要相互妥協的。看看學生們的所作所為，除了罵CY就是罵警察，這樣和港府又有何區別？ 未署名 戴教授，你活著太累，真可憐。 未署名 古往今來，人類的任何一個文明，其政治與制度，習慣的力量都是無比強大的。制定所謂「完美的制度」是容易的，但是即使是在一個有普遍尊重制度傳統的時代，制度亦常常會被種種因素有意無意地破壞。雖然許多人幻想能依靠完美無暇的制度解決一切問題，但是他們卻不可避免地要陷入一個悖論——他們在建立他們完美的制度之時，必然會破壞掉舊有的制度。一群破壞固有制度的人，卻妄想自己設立的制度可以永遠不被破壞，這種一廂情願的想法即使在童話中都顯得有些荒謬。幻想有一套能自己完美運行，具備超強糾錯能力的制度體系，與期待一個完美無暇的統治者永遠統治著人民過著幸福的生活，其實並無本質的區別。這永遠都只能是普通民眾的一種懶惰與依賴。抱著這種想 法的人，他們並不明白，好的制度與好的婚姻一樣，都必須要持續不斷的去付出巨大的努力甚至犧牲去維護，稍有懈怠，便可能前功盡棄。 然而，不幸的是，明白這個道理的人並不多。 未署名 文人論政真有點搔不著癢處! 香港回歸後的問題, 混雜著政治, 經濟, 文化, 社會等因素. 但引發今日大規模政治抗爭和社會分裂的, 不就是689上台後採取的 ""敵我 矛盾"" 的管治手段一手造成嗎? 更深層次的問題就是 ""誠信"" 兩字. 一個毫無誠信的政府, 永不可能獲得人民的支持, 充其量祗能靠權術, 打壓勉強維持穩定. 689打從競選開始, 乃至上台後的言行, 其語言偽術和政治欺騙, 已讓人看清楚什麼是 rule of law, 什麼是 ""rule off law"", 就如看清什麼是 ""富有中國特色的社會主義"" 一樣. 中共政權, 對 ""一國兩制, 港人治港, 高度自治""的踐踏, 讓台灣人覺醒, 讓全世界大開眼界. 香港人的抗爭還有什麼可以厚非之處?! 要解決問題其實一點不難, 就是 ""誠信"" 兩字. 香港仔, 香港"
https://www.bbc.com/news/uk-38538631,"Yegna, Ethiopia's 'Spice Girls', lose UK funding","International Development Secretary Priti Patel reviewed the funding after reports that pop group Yegna had received millions from UK taxpayers. The government planned to give Girl Effect, the organisation which created Yegna, £11.8m between 2015 and 2018. Girl Effect said its aims had been ""wilfully misrepresented"" in the media. The organisation was created by the Nike Foundation and given funding by the UK's Department for International Development (DfID) to help promote women's rights in developing countries. It used some of its funding to create and promote Yegna. The band, dubbed ""Ethiopia's Spice Girls"", has been the subject of a long-running campaign by the Daily Mail, which claims grants to the group were a waste of money. Girl Effect founded the five-strong girl band in 2013 to tackle issues including domestic violence and forced marriage through songs and online videos. The DfID said its partnership with Girl Effect has ended following the review, but insisted that ""empowering women and girls around the world remains a priority"". It said the decision had not been influenced by press coverage of Yegna. ""We judge there are more effective ways to invest UK aid,"" a spokeswoman said, adding that the government will ""deliver even better results for the world's poorest and value for taxpayers' money"". They perform a weekly drama and talk show on Ethiopian radio, as well as running a YouTube channel. They released their first song, Abet, meaning ""We are here"" in Ethiopia's official language Amharic, four years ago. Girl Effect said Yegna aims to ""change the culture of Ethiopia in a good way, to explain the problems in the society"". Who are Yegna? Source: Girl Effect Shadow International Development Secretary Kate Osamor said it was ""really unfortunate"" the project ""was being rubbished"". Humanitarian aid was ""not just about food parcels"", she said. But Conservative MP Nigel Evans said the decision was about stopping ""vanity projects"" in favour of causes such as children's education and life-saving vaccinations. ""It is a victory for common sense"", he told BBC News. ""As well intentioned as it may have been, the fact is it does not measure up."" Girl Effect said the UK had broken ""new ground"" by investing in Yegna but that ""new ideas are often resisted and sometimes wilfully misrepresented"". ""[The department] has consistently recognised Yegna's impact,"" Girl Effect said. ""All too often we treat the symptoms of poverty and overlook the cause."" Britain is a significant contributor to Ethiopia, which is the biggest recipient of UK foreign aid behind Pakistan, at £334.1m. But the government is under pressure to prove that the more than £12bn it sends overseas each year is being well spent, particularly as domestic budgets are being squeezed. The Daily Mail backed the UK's decision to end ties with Yegna on its front page on Saturday, with the headline: ""Aid: Now they're listening"". It said British taxpayers would no longer fund ""Ethiopia's version of the Spice Girls"". Nearly half of Ethiopian women have experienced physical violence from their partner, according to the UN. Some 74% of women in the country have also undergone female genital mutilation, Unicef says. Ethiopia is partway through a a six-month state of emergency in the face of a wave of unprecedented anti-government protests in October."
https://www.bbc.com/news/uk-england-32314639,Death row Briton Lindsay Sandiford's 'strong argument' for appeal,"Lindsay Sandiford, from Cheltenham, has been in jail since 2012 after arriving in Bali from Thailand with the drugs. International lawyer Craig Tuck said the legal arguments were clearly in her favour and a final appeal would be filed ""very soon"" by his team. Any punishment is then expected to be delayed by up to three months. Mr Tuck, who is spearheading the campaign to raise funds for the appeal, said there was ""probably about 20 different points"" that will be put before the Indonesian Supreme Court. He says there is a strong argument for the downgrading of her death sentence to 15 years or less in prison, which he said is ""exactly what the prosecution asked for"". ""We don't want to file without having everything prepared because we could find ourselves on the fast-track to appeal without the necessary documents, which is why every day we are spending considerable time getting the disclosure, the material together and working on the various appeal points of which there are many,"" he said. Around $420 (£285) has been donated to the fund in its first few weeks. Ms Sandiford, who is originally from Redcar in Teesside, has previously sought financial backing from the UK government claiming she has had little or no help from the Foreign Office. But a Foreign Office spokesman said there had been regular contact with the 57-year-old until September last year when she declined to accept any further support. ""We stand ready to offer her consular assistance and we would, of course, visit her in prison if she changed her mind,"" he said. ""We have repeatedly made representations to the Indonesian government on this matter and we will continue to do so."""
https://www.bbc.com/news/uk-england-northamptonshire-55404448,'Vile monster' who killed estranged wife in Earls Barton jailed,"The body of Marion Price, 63, was found in a car park in Earls Barton, Northamptonshire, on 15 December 2019. Michael Reader, 70, of Booth Rise, Northampton, was found guilty of murder with accomplice Stephen Welch, 61, of Addlecroft Close, Kingsthorpe. Judge Adrienne Lucking described the crime as a ""cold-blooded execution"". Ms Price was in her car when Reader shot her dead, having pulled up alongside her on a motorbike. According to mobile phone records shown in court, the two defendants met up near a car repair garage in Moulton, about seven miles (11km) from Earls Barton, shortly after Ms Price died. 'Abusive relationship' The prosecution said Welch was a ""willing and knowing accomplice"" who disposed of Reader clothes after the murder. Welch was given a minimum term of 27 years. Judge Lucking said the murder was ""an act of revenge, for the financial consequences of the divorce and punishment for the fact that Marion had moved on with her life after an abusive marriage"". A victim personal statement from Ms Price's son Gary, read in court, described Reader as a ""vile monster"", who ""preyed on [Ms Price's] good nature"" He said: ""We would find out he was obsessed with money, manipulating, controlling, disgusting and very sad."" Mr Price said his mother was ""the most amazing, kind, bubbly, excitable, beautiful human being"". ""I really hope that people will read or hear about my mum's story and help at least one other person to spot the signs they are in an abusive relationship,"" he added. Find BBC News: East of England on Facebook, Instagram and Twitter. If you have a story suggestion email eastofenglandnews@bbc.co.uk"
https://www.bbc.com/zhongwen/trad/entertainment/2014/11/141122_tw_goldenhorsefilms,第51屆台灣電影金馬獎揭曉,第51屆台灣電影金馬獎周六晚在台北頒獎，台灣演員陳湘琪獲最佳女主角成為金馬影后。大陸知名演員陳建斌獲最佳男主角成為金馬影帝。 在台北國父紀念館舉行的頒獎典禮上，大陸導演婁燁憑借《推拿》榮獲的包含最佳劇情片、最佳新演員、最佳改編劇本、最佳音效、最佳剪輯、最佳攝影六項大獎，成為本屆金馬獎的最大贏家。 陳建斌首次自編自導自演的《一個勺子》榮獲最佳男配角（《軍中樂園》）、最佳新導演、最佳男演員三個獎項。 香港女導演許鞍華憑借《黃金時代》第三次獲得最佳導演獎；大陸演員萬茜憑借《軍中樂園》獲得最佳女配角。 大陸影片《棉花》獲得最佳紀錄片，耿軍的《錘子鐮刀都休息》獲得最佳創作短片，韓寒、朴樹憑借《平凡之路》獲得最佳原創電影歌曲，陳其鋼憑借《歸來》獲得最佳原創電影音樂。 台灣電影人易智言的《行動代號：孫中山》獲得最佳原著劇本，梁婷婷憑借《繡春刀》獲得最佳造型設計，劉強憑借《白日焰火》獲得最佳美術設計。 今年一共有劇情片138部、創作短片186部、紀錄片35部、動畫長片5部，共計364部影片報名角逐金馬獎，比上屆增加了近百部，再創歷史新高。 以下是全部獲獎名單： 最佳男主角：陳建斌 《一個勺子》 最佳女主角：陳湘琪 《回光奏鳴曲》 最佳劇情片：婁燁《推拿》 最佳導演：許鞍華 《黃金時代》 最佳新演員：張磊 《推拿》 最佳男配角：陳建斌 《軍中樂園》 最佳女配角：萬茜 《軍中樂園》 最佳原著劇本：易智言 《行動代號：孫中山》 最佳改編劇本：馬英力 《推拿》 最佳原創電影歌曲：朴樹《平凡之路》 最佳原創電影音樂：陳其鋼 《歸來》 最佳造型設計： 梁婷婷 《繡春刀》 最佳美術設計： 劉強 《白日焰火》 最佳紀錄片： 《棉花》 最佳攝影：曾劍《推拿》 最佳剪輯：孔勁蕾、朱琳《推拿》 最佳創作短片：耿軍 《錘子鐮刀都休息》 最佳視覺效果：唐家偉、羅偉豪、梁展鋒《那夜凌晨，我坐上了旺角開往大埔的紅VAN》 最佳動作設計：黃偉亮 《救火英雄》 最佳音效：富康《推拿》 年度台灣電影傑出工作者：黃志明 終身成就獎：田豐 （撰稿/責編：立行）
https://www.bbc.com/news/uk-politics-12409426,MPs reject prisoner votes plan,"The House of Commons' decision is not binding, but could put pressure on ministers to go against the Strasbourg court's decision. MPs backed a motion opposing the move by a 234 to 22 - a majority of 212. The government says it has to end the ban on inmates voting, or face being sued for tens of millions of pounds. Senior Tory backbencher David Davis and former Labour Home Secretary Jack Straw tabled the motion, urging ministers to defy the ruling from the European Court of Human Rights that a blanket ban on prisoners voting was illegal. 'Thoughtful' Mr Straw said: ""I am delighted with both the fact and the scale of the vote, which underlines the strength of feeling in the House. ""It was a very sober and thoughtful debate. The motion was very carefully phrased so that it should strengthen the hand of the government in going back to Strasbourg saying we have now met one of the objections of the court that the House of Commons had not held a substantive debate on this issue."" Ministers say they have no choice but to comply with the ruling, but they will do the ""minimum necessary"" under European law, restricting the right to vote to inmates serving sentences of four years or less. They have until April to say how they will respond to the court ruling. During the debate, Mr Davis said he did not believe enfranchising prisoners would ""stop one crime in this country"" and he said he would not be satisfied with a compromise allowing those serving terms of less than a year to be given the vote. This, he said, would permit thousands of people who had committed serious crimes to vote - something he said the public would ""recoil from"". David Cameron said he did not see why the UK should have to change its policy, adding: ""But I'm the prime minister. We're in a situation where the courts are telling us we are going to be fined unless we change this. ""I find it thoroughly unsatisfactory. In my view, prisoners should not get the vote, and that's that. But we are going to have to sort this out one way or the other."" Government ministers and Labour shadow cabinet members were ordered to abstain in the Commons vote, which is not binding on the government. Backbench MPs were given a free vote. At present in the UK, only prisoners on remand are allowed to vote. In 2005, the European Court of Human Rights ruled that blanket ban unlawful, and in June, the Council of Europe, which enforces the court's decrees, urged the coalition to rectify the situation. For the government, Attorney General Dominic Grieve said he was ""frustrated"" by the current situation, but the judgement was an ""international obligation"" since the UK had been a signatory to the European Convention on Human Rights. ""How can we find a way in which we may be able to persuade the court to respect the views of the legislature... without ending up, for example, with having to withdraw from the Convention... which, I have to say, would not come without cost or consequence for this country?"" But a number of MPs, including Labour's Jeremy Corbyn and Lib Dem MP Tom Brake, warned that the UK could not ""pick and choose"" which parts of the European Convention of Human Rights it subscribed to. Mr Brake said a ban on prisoners voting was ""illogical"" and the right to vote should be seen as part of the process of rehabilitation. ""Release from prison is not the point at which prisoners should re-engage with society,"" he said. ""I do not want to shut the door on prisoners ready and willing to re-engage with society and sign up to the tenets that underpin it. ""As anyone who has visited a prison will know, there are some prisoners seeking that engagement."" The voting rights of prisoners is a UK-wide issue and will affect Scotland and Northern Ireland, even though the administration of justice is devolved."
https://www.bbc.com/zhongwen/trad/world-46420116,英國和歐洲：直布羅陀，香港與堅如磐石的愛（上）,"直布羅陀岩石山上生活著很多小猴。當地的傳說只要小猴在，直布羅陀就是英國的領土。圖為一隻小猴鳥瞰直布羅陀。 2018年深秋，英國與歐盟在「鬧離婚」過程中尚未解決「愛」（爾蘭）的問題之際，西班牙將直布羅陀問題單挑出來，牽扯出英國與其它歐洲強國近代歷史關係中許多不堪回憶的愛恨交織、恩恩怨怨。 香港曾有「東方直布羅陀」的外號，但直布羅陀不同於香港，或者其它英國殖民地或海外領地，它在西班牙人統治兩百年後易主交給英國人。英國人統治這一地區已經300多年，期間曾經歷過西班牙多次巨大規模的武裝圍困和進攻，經歷了無數次的政治、經濟和外交反圍剿。 直布羅陀是英國現有的14個海外領土中最小的一個，但其牽扯到英國人對直布羅陀 「堅如磐石的愛」。 2018年11月下旬，英國首相特里莎·梅在英國下議院解釋說明她提出的英國脫歐草案時專門用了一分多鐘談直布羅陀問題。她動情地強調：英國和直布羅陀將永不分離。 到底直布羅陀的歷史主權歸屬起源在那裏？ 英直哪來的感情問題？感情問題如何與歷史、國際關係、國際法與現實糾纏到一起去了？ 要搞清直布羅陀問題的核心，就需要了解大英帝國與歐洲大陸強國錯綜複雜的近代歷史關係。而歐洲的近代史，可謂是歐洲王室的婚戀史，這段近代史和國家關係或許可以借用一段有""華語流行樂教父""尊稱的台灣歌手羅大佑的歌詞來形容一下： 你曾經對我說，你永遠愛著我 愛情這東西我明白，但永遠是什麼 姑娘你別哭泣，我倆還在一起 今天的歡樂，將是明天永恆的回憶…… 「生死之戀」 直布羅陀是位於伊比利亞半島最南端，是一個只有5公里長、1公里寬的小半島，背依巨大的直布羅陀岩石。因此該地有「磐石」的外號。 在歐洲近代史中，大英帝國為了直布羅陀與歐洲列強刀來劍往百年滄桑，可謂用鮮血凝成了對直布羅陀的愛。 英國人的長期建設把直布羅陀徹底開發成為一個可以自給自足城市， 能說直布羅陀是西班牙不可分割的領土嗎？從歐洲史來看，直布羅陀自古就有，但西班牙國家並非自古就有。 遠古洪荒時代就有了直布羅陀，這個地處伊比利亞半島尖端的小地方的考古還發現了5萬年前歐亞大陸早期人類尼德蘭人的生活遺跡。 在歐洲古代到近代歷史中，古羅馬帝國、北歐汪達爾人、阿拉伯帝國的非洲摩爾人等分別在不同的歷史階段佔據和統治直布羅陀地區。到了15世紀時，伊比利亞半島的幾個分裂的公國統一，趕走了摩爾人、形成了西班牙帝國時，直布羅陀1501年才易主正式成了西班牙帝國的領土。 貿易戰、英法恩仇與西班牙王位繼承戰 在古代和近代史上，歐洲王室本一家。各國君主通過聯姻嫁娶，加強國家間和地區間的關係。但這種愛情婚姻關係不穩定，國王和大公之間、民族國家和地區之間時戰時和，英國則在歐洲列強之間奉行平衡政策，阻擋任何國家獨霸歐洲。 17世紀下半葉，一度稱霸歐洲乃至世界的西班牙帝國開始衰落。1700年，沒有直系子祠的西班牙老國王去世，留下遺囑讓法國波旁王朝的法國國王路易十六的孫子來接任西班牙國王的位置。 但老國王的另一親屬奧地利哈布斯堡王室堅決反對，並聯合當時正在崛起、並與法西展開貿易戰的大國英國與荷蘭等，雙方兵戎相見，展開了長達13年的西班牙王位繼承戰爭。 1701至1714年，長達13年的西班牙王位繼承戰爭在整個西部歐洲爆發，奧地利聯合英國荷蘭等擊敗了法國西班牙等國聯軍，西班牙將直布羅陀正式割讓給英國。 如果允許法國國王路易十六的孫子來接任西班牙國王的位置，可能就會導致法國和西班牙合併為一國。當時，正在崛起的大英帝國早已和西班牙與法國陷入貿易戰，當然不能坐視法西合併的前景。 1704年，英國荷蘭皇家海軍聯合艦隊一舉拿下直布羅陀，從南北兩方夾擊法蘭西帝國和西班牙帝國。西班牙戰敗後，終於在1713年正式簽署國際和約，永久割讓其已經統治兩百年的直布羅陀給英國。 為何大英帝國精凖攻擊直布羅陀，而非西班牙的其它地點呢？這是因為崛起的大英帝國與西班牙的貿易戰中著眼全球的戰略思路。 堅如磐石 直布羅陀面向伊比利亞半島與非洲大陸之間的直布羅陀海峽，這是連接地中海與大西洋的唯一通道，是全球最重要的黃金水道之一。海峽全長不過約90公里，最窄的地方僅有約12公里，成為連接非洲與歐洲的跳板，歷史上一直是兵家必爭要地。 西班牙在丟掉直布羅陀後，在過去三百多年裏，多次聯合法國等歐洲其它強國，發動過軍事、政治、經濟、外交等各種文武進攻和圍剿，試圖奪回這塊寶地。 1727年的英西戰爭期間，以多達2萬5千西班牙重兵和艦隊重重圍困僅有5千英軍守衛的直布羅陀，但長達5個月的圍攻最終失敗。 1779年，正值大英帝國陷於美國獨立戰爭期間，西班牙又在法國的支持下，出動3萬5千重兵、47艘戰艦、一百多門各式重炮，圍困攻擊有7千英軍守衛的直布羅陀長達3年7個月。英軍則面對西班牙軍的優勢兵力和炮火，拿出了堅如磐石的精神頑強死守，做到了""敵軍圍困千萬重，我自巋然不動""，在英國皇家海軍的支援下，挫敗了西班牙最大規模和最長時間的軍事進攻。 即使到了現代歷史時代，英西之間仍沒有放下直布羅陀的爭議。二戰期間，西班牙弗朗哥政權曾考慮過借助希特勒拿下直布羅陀的建議。甚至到了第二次世界大戰結束後，弗朗哥都曾斷水斷電斷郵斷航封鎖直布羅陀16年，但最終仍未能動搖英國人堅守直布羅陀的意志。 而在英國方面，英國人拿下這個扼歐非之咽喉、兩洋通衢的要地後，立即將其不斷建設，成重要的英國皇家海軍和空軍基地。 除了武力保衛以外，英國人的長期建設把直布羅陀徹底開發成為一個可以自給自足城市，整個半島擁有自己的電力供應、電話系統、肉類冷藏庫、海水淡化系統、食品加工廠和醫院等全套生活必需的設施一應俱全。 敬請關注：英國與歐洲：直布羅陀，香港與堅如磐石的愛（下）"
https://www.bbc.com/news/world-asia-42956176,Rohingya crisis: Reuters journalists held 'for investigating Myanmar killings',"Wa Lone and Kyaw Seo Oo are awaiting trial, charged with violating the country's Official Secrets Act. The news agency claims they uncovered evidence the 10 Rohingyas were killed unlawfully in Rakhine state last year. It hopes this will demonstrate the pair were acting in the public interest. Warning: This report includes a photo below of the men after they were killed, which some readers may find distressing. Reuters editor-in-chief Stephen J Adler said: ""When Wa Lone and Kyaw Soe Oo were first arrested, our primary focus was on their safety. Once we understood their legal situation, we, in consultation with Wa Lone and Kyaw Soe Oo and their relatives, decided that it was our responsibility to publish an account of what happened in the village of Inn Din. ""We published this ground-breaking investigation because it is in the global public interest."" The BBC has been unable to independently verify all the details of the alleged killings - access to the area is restricted - but it comes in the wake of a series of allegations of massacres in Rakhine last year based on eyewitness testimony. The crisis in mainly Buddhist Myanmar's north-western Rakhine state hit global headlines late last year when hundreds of thousands of Muslims fled a deadly military crackdown. The military says it is fighting Rohingya militants in Rakhine, but rights groups say thousands of civilians have been killed. What happened to the journalists? Wa Lone and Kyaw Soe Oo are two Burmese journalists credited with some powerful reporting. They were arrested on 12 December after meeting police and receiving documents from them. Authorities say they were ""arrested for possessing important and secret government documents related to Rakhine State and security forces"" and that the information had been ""illegally acquired with the intention to share it with foreign media"". But ever since their arrest there has been speculation that the men were working on a highly sensitive investigation. Reuters have now decided to publish details to support their claim the men were working on a story with clear global public interest. What do we know about the investigation? It centres around an episode in the village of Inn Din in northern Rakhine on 2 September last year. Reuters says its two journalists had been collecting evidence of the execution of 10 men based on interviews with Buddhist villagers, security personnel and photographs. The agency says it has pieced together what happened to them. According to Reuters, a group of Rohingya men seeking safety on a beach were singled out as their village was raided. Buddhist men from the village were then ordered to dig a grave and then the 10 men were killed, at least two hacked to death by the Buddhist villagers with the rest shot by the army. The agency claims this is the first time soldiers have been implicated with photographic evidence and by fellow security personnel. They also claim to have confessions from the Buddhist villagers. After the arrest of the two journalists the Burmese military carried out their own investigation into the incident. The investigation corroborated what the two journalists had found - that there had been an execution. However, the military described the 10 men as ""Bengali terrorists"" and said that they were executed because they could not be transported due to attacks on police stations by Rohingya militants. Reuters claim the two journalists found no evidence the 10 men were connected with terrorism - with several witnesses saying the men had been picked out of a crowd. Reuters says the two journalists spoke to a number of witnesses in the village of Inn Din, police officers and relatives of the men killed- who are now living in refugee camps in Bangladesh. One man admitted to the murder of a Rohingya Muslim, the news agency says. Reuters 'taking a calculated risk' Analysis: James Clayton, BBC Newsnight By publishing the story of what the two jailed journalists were investigating Reuters is taking a calculated risk. The news agency believes the investigation the two journalists were working on is in the international public interest. It is this story, Reuters claim, that explains why Wa Lone and Kyaw Soe Oo were arrested. Reuters says it has consulted the two journalists and their families. The journalists ""strongly supported"" the decision to publish. But to what extent will this help or hinder their case? Reuters editor-in-chief told the BBC they ""weren't guided by legal considerations"", though the agency believed the account would ""aid the court in evaluating whether Wa Lone and Kyaw Soe Oo were acting as journalists, and not in violation of the Official Secrets Act"". It could have the opposite effect, though, enraging the Myanmar authorities, who currently have the two journalists incarcerated. What does Myanmar's government say? The BBC contacted the Burmese authorities about the Reuters investigation and is awaiting a response. However, government spokesman Zaw Htay told the news agency: ""We are not denying the allegations about violations of human rights."" If there was ""strong and reliable primary evidence"" of abuses, the government would investigate, he said. ""And then if we found the evidence is true and the violations are there, we will take the necessary action according to our existing law."" He defended the military operation in Rakhine. ""The international community needs to understand who did the first terrorist attacks. If that kind of terrorist attack took place in European countries, in the United States, in London, New York, Washington, what would the media say?"" On the incident at Inn Dinn, authorities published a full statement on the findings of their investigation into the killings. It said that action would be taken against villagers who took part and security personnel who contravened rules of engagement. On the journalists, the government has always said they were detained only in relation to a breach of the Official Secrets Act. A spokesman for Myanmar's de facto leader Aung San Suu Kyi has previously said the men will be afforded the protection of the law. What is the background to the crisis? Nearly 700,000 Muslim Rohingya have fled mainly Buddhist Myanmar since August 2017 after a brutal military crackdown responding to Rohingya militants attacking police posts and killing members of the security forces. The crisis erupted suddenly after years of tensions and sporadic violence between the communities. Reports by the BBC have shown widespread burning of Rohingya villages and have contradicted military claims that no Rohingya are forced to flee. The United Nations human rights chief Zeid Ra'ad al-Hussein has said an act of genocide against Rohingya Muslims by state forces in Myanmar cannot be ruled out. He previously had said the conflict seemed ""a textbook example of ethnic cleansing"". The Burmese military has repeatedly denied allegations of massacres, and has exonerated itself in an internal inquiry."
https://www.bbc.com/news/uk-wales-politics-56919393,"Covid passport app would need to be UK-wide, says Mark Drakeford","Mark Drakeford was responding to comments from Transport Secretary Grant Shapps who said officials are working on such an app. The first minister said the application would need to conform with Welsh laws and be bilingual. The UK government was asked for comment. Mr Shapps told Sky News that the UK government was working on ""an NHS application"" which would show ""that you've had a vaccine, or that you've had testing"". ""I'm working internationally with partners across the world to make sure that system can be internationally recognised."" The UK government said the NHS app - which provides a means to book appointments in England and is not currently used in Wales - is being considered as part of a ""digital route"" to demonstrate individuals' ""Covid status"". The European Union is working on its own digital certificates. Under current plans the UK government may resume overseas travel for people in England from 17 May - with a traffic light system to assess the risk of travelling to specific countries. The Welsh government has said it is in discussions with the UK government on the matter. Whether or not Mr Drakeford gets to help implement a Covid-passport system will depend on the result of the Welsh Parliament election, which is taking place on 6 May, and if he returns to power. ""I have for many weeks raised in the weekly meeting we have with Michael Gove and the other first ministers the need to make sure that the development of that app is equally available in all parts of the United Kingdom,"" said Mr Drakeford. ""Here in Wales, it would need to conform with the laws in Wales. It would need to be bilingual, as well as available in English. ""That development has to involve officials of governments across the United Kingdom, and it has to have an outcome that allows the whole of the United Kingdom to act together on this matter."" Mr Drakeford had a meeting with Mr Gove, the UK government's cabinet office minister, on Wednesday and hoped to ""hear what progress has been made."" ""If they're required for international travel, and you're travelling on a British passport, then anyone who lives in the United Kingdom should have equal access to the facilities that will be needed to allow that travel to happen,"" added Mr Drakeford. A UK government spokesman said: ""The government is working on providing individuals with the means to demonstrate their Covid status easily - through a digital route as well as a route for people who don't have access to a smart phone. Security and privacy will be at the core of our approach. ""Use of the NHS app is being considered as part of the digital route."" WALES ELECTION: THE BASICS What's happening? On 6 May, people will vote to elect 60 Members of the Senedd (MSs). The party that can command the support of a majority of MSs will form the Welsh government. Find out more here. What powers does the Senedd have? MSs pass laws on aspects of life in Wales such as health, education and transport - and have some tax powers. Who can vote? Anyone who lives in Wales, is registered to vote and aged 16 or over on 6 May is eligible. What was the political reaction? The Welsh Liberal Democrats said it opposed ""any form of passport of certificate for accessing venues or services"" and it had successfully opposed the introduction of ID cards in the UK. ""The introduction of these would not only be divisive and discriminatory but unworkable and illiberal"" said a spokesperson. ""Plans to use the NHS app would discriminate against anyone who neither has, nor can afford, a smartphone."" A spokeswoman for Plaid Cymru said the vaccine app raised ""more questions than it answers"". ""We do not know how equal access will be ensured, we don't know how data will be protected, and we don't even know in what context the governments foresee this app to be used. ""A Plaid Cymru government will continue to engage with other governments to ensure all these questions are answered before a final decision is made."""
https://www.bbc.com/news/uk-england-manchester-55235706,Alex Rodda death: Blackmailed man 'killed boy in self defence',"Matthew Mason, 19, denies murdering Alex Rodda, 15, in Ashley, Cheshire, on 12 December 2019. Chester Crown Court has heard Mr Mason had paid more than £2,000 to stop Alex revealing their ""sexual relationship"". Gordon Cole QC, defending, said jurors should consider the killing to be self-defence or a loss of control. He said Mr Mason had been ""persuaded"" by Alex to engage in sexual acts and then been blackmailed into giving him money to stop him telling everyone about their ""relationship"". He said the then-18-year-old had agreed to meet Alex on 12 December with the intention of telling him ""this behaviour, this blackmail, had to stop"". The jury heard Mr Mason had picked up the 15-year-old shortly before 17:30 GMT and drove him to the remote woodland, where his car remained for at least 35 minutes. Mr Cole told the jury Mr Mason had armed himself with a wrench, which was used to kill Alex, to frighten the boy, but the ""violence that commenced in the woods was... violence started by Alex Rodda"". 'Normal happy self' Earlier, Ian Unsworth QC, prosecuting, told the court Mr Mason had had ""murder on his mind"" and had searched the internet on 6 December for ""what would happen if you kicked someone down the stairs"", ""everyday poison"" and ""mysteries of Cheshire unsolved deaths of missing people"". He said after battering Alex to death with the wrench, the then-18-year-old drove to the Red Lion pub in Pickmere, where he told his friends that spots of blood on his jeans had come from a nosebleed. The prosecutor said Mr Mason had then met the Young Farmers' Club at the Golden Pheasant pub in Plumley at about 20:00 GMT, where someone who knew had said he ""appeared to be his normal happy self"". He said the then-18-year-old left after about 90 minutes and the jury was shown CCTV of his car returning to the woods at about 01:00 where it remained for about an hour. Mr Unsworth said the jury should consider whether Mr Mason had intended to move Alex's body at that time. The trial continues. Why not follow BBC North West on Facebook, Twitter and Instagram? You can also send story ideas to northwest.newsonline@bbc.co.uk"
https://www.bbc.com/news/world-asia-china-22782347,Obama and Xi: The agenda,"Building trust More than any political or economic issue, the two leaders need to work on building trust, analysts say. The summit comes at a time when relations are strained over multiple issues, from alleged Chinese cyber hacking to security issues in Northeast Asia and the Middle East. In Foreign Policy magazine, veteran Chinese diplomat He Yafei spoke of ""a huge deficit of strategic trust"" between the two nations, saying a ""new type of great-power relationship"" was needed. Kenneth Liebertahl, in a blog entry for the US think tank Brookings Institution, says that each leader developing ""a serious sense of the other"" is ""perhaps the most important purpose of the summit"". Over the course of the two-day meeting, reports suggest Mr Obama and Mr Xi will have time to get to known each other in informal surroundings, share meals and even take walks. Cyber hacking Cyber hacking has been a growing point of contention. The US has long suspected China of a role in cyber attacks, with a US congressional report last year naming the country as ""the most threatening actor in cyberspace"". In February, US security firm Mandiant linked a Chinese military unit to prolific hacking of more than 140 mostly US-based organisations. Then in May, the Pentagon for the first time directly accused Beijing of targeting US government computers. China has repeatedly denied the allegations, saying Mandiant's report was flawed. It also called the Pentagon report ""groundless"". Days ahead of the summit, China's internet security chief Huang Chengqing told state media China had been the target of ""serious cyber attacks"" from the US, saying : ""We have mountains of data if we wanted to accuse the US."" Writing in Foreign Policy, He Yafei said cyber hacking should be ""treated as a global governance issue"", as China and the US ""are both victims, and there is no point in accusing each other"". North Korea and Syria The US wants closer co-operation with China on North Korea in the wake of its 12 February nuclear test. China - Pyongyang's nominal ally - has in the past shied away from measures that could destabilise the regime. But Jonathan Pollack, director of the China Center at Brookings Institution, said that the US and China were now seemingly on the same page on North Korea, with China openly recognising Pyongyang's behaviour posed a ""distinct problem"" to its interests. Washington also wants more co-operation from Beijing on Syria. China, along with Russia, has repeatedly blocked tougher action against President Bashar al-Assad's regime, vetoing security council resolutions last year. It says it wants a peaceful solution to the conflict. Regional security The announcement of the US ""pivot to Asia"" policy has contributed to tensions between the two giants. The California meeting is a ""critical opportunity"" for the US to explain America's strategy and goals on this, writes Kenneth Lieberthal for the Brookings Institution, given the ""understanding of many Chinese that this strategy is targeted against China and seeks to complicate, slow down and perhaps even disrupt China's rise"". China's ongoing maritime territorial disputes with its Asian neighbours, some of which are strongly allied with the US, are also a potential problem. Beijing has overlapping claims with Japan, the Philippines and Vietnam, amongst others. If these maritime rights issues in the region are not resolved, the destabilisation could possibly lead to war, Richard Bush, director of the Center for Northeast Asian Policy Studies, said in a video for the Brookings Institution. Trade ties With pressing political issues for the two countries to address, their usually tense trade relationship is expected to fall lower on the agenda. However, analysts do still expect the ongoing economic flashpoints between the two superpowers to be discussed. The currency issue could well be broached by Mr Obama. The US wants China to allow the renminbi to more closely reflect its market value. The US runs a huge trade deficit with China, hitting an all-time high of $315bn (£204bn) last year. The US and other countries accuse China of devaluing its currency, so that its goods are cheaper when sold overseas. China has maintained it is moving towards a more market-determined exchange rate. Chinese export industries including car parts, cars and solar panels are the subject of investigations by US trade officials. US industry groups allege Beijing subsidises manufacturing for Chinese companies, allowing them to price their product so cheaply in export markets that domestic firms cannot compete. The US and other countries have responded by imposing levies on some products coming in from China. The newest twist in the trade dynamic comes from a surprise announcement last week that China was studying the possibility of joining the Trans Pacific Partnership trade talks, a US-led trade pact. Countries already involved include Japan and 11 others. However, some experts have questioned whether China would be welcome, as some see the pact as a counter-balance to China."
https://www.bbc.com/news/uk-england-hampshire-55952810,"Man tries to snatch girl, 2, out of pushchair in Basingstoke","The girl was being pushed by her mother near Eastrop Park in Basingstoke, on Thursday at about 16:00 GMT. An unknown man approached the woman and started talking to her before trying to abduct her daughter, police said. Officers said the mother managed to get away and escaped unharmed. The man is described as black, of stocky build, 5ft 6in (1.7m) and about 40 years old. He has black hair, a thick beard and a moustache. He was wearing a white mask, a royal blue puffa jacket, grey jeans and white trainers. Officers have appealed to anyone with information to come forward. Follow BBC South on Facebook, Twitter, or Instagram. Send your story ideas to south.newsonline@bbc.co.uk. Related Internet Links Hampshire Constabulary"
https://www.bbc.com/news/uk-england-london-45482370,Extra officers added to London's Violent Crime Taskforce,"The Violent Crime Taskforce, funded by City Hall, has made 895 arrests and carried out 1,400 weapons sweeps since it was launched in April. The 122 additional officers will transfer from the Met's Roads and Transport Policing Command (RTPC) for three months. Mr Khan said violent crime levels in London were ""unacceptably high."" However, London Assembly Conservative police and crime spokesman Steve O'Connell described the move as a ""knee-jerk reaction"" and ""just sticking plaster"". ""Rather than temporarily shifting officers around, the mayor should be setting out a robust, long-term plan for tackling violent crime,"" he said. There have been 100 murder investigations launched in the capital so far this year, with about a third of the victims aged 16 to 24. The existing taskforce of 150 officers was launched by the Met using £15m of funding from City Hall to make arrests and remove weapons from areas with the highest levels of crime. It followed the surge in violent crime in the capital this year. City Hall said the additional officers will give the force ""a greater presence in areas with high levels of violent crime, as well as allowing more intelligence-led and targeted stop and search"". The officers will join the taskforce from the RTPC by Monday, taking overall staffing to 272. The RTPC is the largest policing unit in the UK with more than 2,300 officers. Mr Khan said: ""This is drastic action that I would rather we didn't have to take, but the government's persistent refusal to give our police service the funding they desperately need has left with us with no choice."" He said it was ""a temporary measure"" and the Met would ""work to minimise the impact"" of officers being moved away from policing of roads. Responding to the plan, a spokesperson for the Home Office said ""police have the resources they need to carry out their vital work"". They added that funding for the Met is ""increasing by £110m this year compared to 2017/18"" meaning the force ""will receive over £2.5 billion in direct resource funding this year"". The Met Police has not yet commented on the move."
https://www.bbc.com/ukchina/trad/51415146,武漢肺炎：沒有特效藥 全球在嘗試哪些藥物,一家意大利實驗室在研究治療新型冠狀病毒的藥物。 目前還沒有針對該病毒的特效藥，臨牀普遍採用幫病人提高免疫力，維持機體功能的治療方式。鑒於新藥從研發到批量生產需數年時間，如果採用現有藥物，能大大節省時間。因此，目前全球各國救治新型冠狀病毒病人（以下稱新冠病人）的藥物主要是已研發或已面市的藥物。 尚無特效藥 一家用於收治新冠病毒感染病人的歐洲醫院病房。 中國媒體《財新》引用在一線治療感染病毒的武漢大學中南醫院重症醫學科主任彭志勇稱，新冠病毒最大的危害是攻擊人的免疫系統，導致淋巴細胞下降，肺功能受損，呼吸衰竭。很多危重症病人因為呼吸衰竭而死，也有很多病人因免疫力系統下降，導致併發症，多器官衰竭而死。 彭志勇稱，目前沒有針對該病毒的特效藥。搶救重症患者的原理是幫病人維持機體。 具體來說，針對不同病人的症狀，呼吸困難的就給病人供氧，腎功能衰竭就給病人透析，休克就用ECMO（體外心肺支持）搶救，病人缺什麼就補充什麼以維持其生命。 這種情況下，病人康復或者治癒，全靠自己的免疫力恢復，將病毒消除。 彭志勇稱目前所謂的「特效藥」可能是病人使用某種藥物再加上其他治療，情況有所好轉，但個案不代表普遍有效，和該病人的病重程度、身體素質等有關。 泰國方面的用藥包括抗流感病毒藥奧司他韋和抗艾滋病病毒藥洛匹那韋和利托那韋。 美國藥物已在中國開展臨牀試驗 美國公司吉利德（Gilead）研發的抗病毒藥物「瑞德西韋」（Remdesivir）曾於24小時內在美國首位重症新冠病毒患者身上療效顯著。目前該藥已完成審批和註冊工作，從周四（2月6日）開始在中國進行臨牀試驗，將在武漢一線醫院接診的761例患者身上試驗。 國際醫學期刊《新英格蘭醫學雜誌》（NEJM）的論文稱美國首位新冠患者為男性，35歲，入院第七天後，其胸部CT顯示非典型性肺炎特徵。醫生決定為其提供「瑞德西韋」藥物。入院第7日晚，這名患者接受「瑞德西韋」的靜脈輸注。第8天，其臨牀症狀出現立竿見影的改善。該名患者無需吸氧，氧飽和度也恢復至94%至96%的水平。除了乾咳和流鼻涕外，無其他症狀。 「瑞德西韋」臨牀試驗項目負責人、中日友好醫院副院長曹彬稱，該藥在前期的細胞和動物實驗中均顯示出對非典冠狀病毒、MERS冠狀病毒有較好的抗病毒活性。 但中國工程院副院長、中國醫學科學院院長王辰表示，有無效果還需要等待嚴格的科學試驗結果。吉利德公司也在聲明中指出，「瑞德西韋」是一種試驗性藥物，迄今為止僅有極少數感染新冠的患者使用過，因此對其療效尚無足夠充分的了解，且目前不足以確保藥物能被廣泛使用。 中國：抗艾滋病藥+中醫 中國官媒《人民網》引述武漢市金銀潭醫院院長張定宇稱，在診治過程中該院醫護人員發現，他們以往用於抗艾滋病的藥物「克力芝」，對新型冠狀病毒有一定療效。很快，這種藥便在金銀潭醫院率先用於治療。 中國國家衛健委專家組成員王廣發確診感染新冠病毒後，在1月23日接受採訪時稱，艾滋病治療藥物「克力芝」對他很有效，服用後一天體溫就好轉。 「克力芝」是美國製藥巨頭艾伯維（AbbVie Inc.）生產的艾滋病抗逆轉錄病毒藥物，它可以阻斷某些病毒複製所需的酵素。 中國國家衛健委的診療方案也指出，要注意與克力芝相關的腹瀉、噁心、嘔吐、肝功能損害等不良反應，同時要注意和其它藥物的相互作用。 中國新冠狀病毒疫情持續擴散，中國大陸社交媒體出現大量有關疫情的短片。有人因未有佩戴口罩被捕，有人因為發佈有關疫情的訊息而被相關部門上門訓示，亦有警察將懷疑染病的人鎖在家中。 泰國：流感藥+抗艾滋病藥 泰國公共衛生部官網2月2日的消息稱，一名新冠病毒感染者在泰國接受抗流感病毒藥和抗艾滋病病毒藥的聯合用藥48小時後病情好轉，病毒檢測結果為陰性。 泰國方面的用藥包括抗流感病毒藥「奧司他韋」和抗艾滋病病毒藥「洛匹那韋」和「利托那韋」（商品名：克立芝）。 但泰國的醫療團隊強調，這種用藥方案可能並不適用於所有新冠感染者。有一名病人接受同樣療法，卻出現過敏反應。因此，未來還需更多研究聯合用藥方案目前還不是一種標凖治療方法。 武漢肺炎：患者家屬講述就醫艱難路，無法確診死亡迅速火化 台灣：支持性療法 台灣2月6日宣佈，首例新冠病毒感染者女台商已解除隔離限制，可安排出院。台灣稱目前沒有特效藥，對該位患者使用的是支持性療法。但並未解釋或透露更多關於支持性療法的細節。 台灣指在治療過程中，有請教中國國內專家，觀察患者症狀和生命跡象，每天測其心跳血壓、血氧狀況；每天都做喉頭試紙採樣，並觀察肺部變化。
https://www.bbc.com/news/uk-england-leeds-51944670,Levi Ogden death: Man admits manslaughter charge,"Levi Ogden, 26, was discovered in Silver Street, Halifax, in November, and died later in hospital. Lloyd Birkby, 27, was initially charged with murdering Ms Ogden, but prosecutors accepted his plea of guilty to a charge of manslaughter. He also pleaded guilty to common assault in relation to another woman on the same night. Appearing via video-link at Bradford Crown Court, Birkby, of Langdale Street in Elland, West Yorkshire, was remanded in custody and told he would be sentenced on 8 April. Prosecutor Dafydd Enoch QC said the intended pleas were considered in detail both with the team involved in the investigation and Ms Ogden's family. ""The bottom line is that plea is acceptable to the Crown,"" he said. Mr Enoch said the prosecution intended to offer no evidence on the murder charge. Birkby's defence barrister Stephen Wood QC told the judge that a psychologist's assessment of his client was ongoing. Judge Jonathan Rose said Birkby would be sentenced for the manslaughter and common assault by the Recorder of Leeds next month. ""You know full well a custodial sentence will follow,"" he added. Follow BBC Yorkshire on Facebook, Twitter and Instagram. Send your story ideas to yorkslincs.news@bbc.co.uk."
https://www.bbc.com/news/uk-politics-56759634,Line of Duty: Who is the Ted Hastings of Westminster?,"By Kate WhannelPolitical reporter, BBC News Everyone in Westminster aspired to be as idealistic, witty and worthy as the characters in Aaron Sorkin's fictional White House. If you lingered for too long in the corridors of Parliament, you risked being stampeded by young staffers trying to emulate the show's famous ""walk and talk"" set pieces. Then came Brexit, where the parliamentary machinations, backroom negotiations and vitriol drew Game of Thrones comparisons. Suddenly, MPs wanted to be Tyrion Lannister - the clever, cunning and cynical power behind the throne. This week, it seems, politicians are fighting over who is Westminster's answer to Ted Hastings. Attacking the government over alleged cronyism, Labour leader Sir Keir Starmer said it was time to call in the upstanding, seemingly incorruptible police chief from the BBC's crime series Line of Duty. Boris Johnson told MPs that it was his government that was ""getting on with rooting out bent coppers"". Conservative MP William Wragg also weighed in, saying he was ""more than happy to take up the role of the AC-12 of Whitehall"". But which politician can really claim to be the true Ted Hastings of SW1? Lord Pickles The former Conservative minister Eric, now Lord, Pickles, has said he would be happy to take on the Ted Hastings role, after watching Line of Duty on a Sunday evening with a cup of tea. He already chairs the AC-12 of Whitehall also known as Acoba (the Advisory Committee on Business Appointments). That's the body which advises former ministers and civil servants on outside employment and warns them against taking on inappropriate roles. But unlike AC-12, the anti-corruption unit at the centre of the show, Acoba has no legal force and cannot impose harsh fines on those who don't abide by the letter of the law. Lord Pickles told MPs that if they wanted Acoba to be as forceful as AC-12, the committee needed more staff. He admitted to feeling envious of Ted Hastings' workforce, sadly telling MPs he only had four members of his team. Margaret Hodge MPs who chair select committees often like to see themselves as fearsome inquisitors in the Ted Hastings mould. And there have been a handful over the years that have inspired real fear in the witnesses hauled before them. For many years, Labour MP Margaret Hodge chaired the Public Accounts Committee - and her brutal questioning of witnesses made an AC-12 interrogation look like a tea party. For Ted Hastings, it's rooting out police corruption, for Ms Hodge it was tax avoidance and wasting public money. She tore a strip off executives from Amazon, Google and Starbucks for not paying a ""fair amount of tax"". She called BBC bosses ""either naive or totally incompetent"". And she told HMRC senior civil servants she wanted ""to put a bomb under you guys"". Jim Shannon When it comes to accents alone, the DUP MP for Strangford, has a strong claim to be the real Ted Hastings. Not only that but like the copper, played by Northern Irish actor Adrian Dunbar, he is also interested in the secretive, dark corners where few of his colleagues will venture. Ted Hastings explores the seedy underbelly of police corruption. Jim Shannon attends the end-of-day Commons adjournment debate. By the time the adjournment debate begins most MPs have long-since left the chamber, but Mr Shannon can usually be relied on to be sitting on the green benches, listening intently and expressing an interest in the topic no matter how niche or seemingly parochial. He is also the MP who has most often used the word ""fella"" apart from... John Bercow The former Commons Speaker left Parliament more than a year ago but he gets an honourable mention for his dedicated and consistent use of one of Ted Hastings' favourite words. Mr Bercow has called his colleagues ""fella"" a massive 70 times - far more than any other MP. So those are just some the contenders for the Ted Hastings of Westminster. But who is the ""H"" of Westminster? Well, at this point several of the BBC's lawyers have suggested we don't go any further..."
https://www.bbc.com/zhongwen/trad/china/2014/11/141102_china_corruption_military,習近平評徐才厚腐敗案：要肅清影響,"古田會議講話是習近平首次就徐才厚案發表公開評論。 身兼中央軍委主席的習近平上星期五（10月31日）出席在福建上杭縣古田鎮召開的全軍政治工作會議時發表有關講話。《人民日報》星期天（11月2日）以頭版全版刊登有關內容。 在習近平出席會議前三天，中國解放軍軍事檢察院宣佈偵結徐才厚案，移送審查起訴。新華社稱71歲的徐才厚對受賄犯罪事實供認不諱。 報道說，軍事檢察院偵查查明，徐才厚利用職務便利為他人晉升職務提供幫助或謀利，其本人與家屬收受賄賂數額特別巨大。 古田會議 新華社通稿提及習近平與軍隊基層幹部簡樸聚餐。 習近平出席這次全軍政治工作會議之際，正值中國工農紅軍1929年古田會議召開85週年臨近，以及1934年紅軍長征開始80週年之際。 《人民日報》刊登的新華社通稿稱，習近平在會議上強調，必須正視軍隊建設特別是思想政治建設方面存在的突出問題，特別要高度重視和嚴肅看待徐才厚案件，深刻反思教訓，徹底肅清影響。 報道說，習近平「深刻剖析了部隊中特別是領導幹部在思想政治和作風上存在的10個方面的突出問題」，但報道沒有說明具體包括哪些問題。 不過報道稱，習近平要求解放軍「要從政治工作的角度進行反思」，「把我軍政治工作的優良傳統恢復和發揚起來，把軍隊各項建設和工作更好推向前進」。 習近平還要求著力抓好五個方面的政治工作，其中包括作風建設和反腐敗鬥爭，「以鍥而不捨、馳而不息的決心把作風建設和反腐敗鬥爭引向深入」；要求抓好戰鬥精神培育，「發揚一不怕苦、二不怕死的精神」。 通稿還提到，習近平在參觀1929年古田會議會址之餘，午餐時還與一批部隊基層幹部代表吃「紅軍飯」，其中有紅米飯和南瓜湯上桌。分析認為此舉是要與媒體曝光的領導幹部奢華生活形成鮮明對比。 當前中國正加快軍事現代化以應對東海與南海爭端，路透社報道指出，一些反腐倡議者認為，軍中腐敗猖獗，將對解放軍的作戰能力構成危害。 軍事檢察院在習近平出席古田會議前三天公布偵結徐才厚案。 （撰稿／責編：葉靖斯） 如果您對這篇報道有任何意見或感想，歡迎電郵至 chinese@bbc.co.uk。 您也可以使用下表給我們發來您的意見： 讀者反饋 習近平在參觀1929年古田會議會址之餘，午餐時還與一批部隊基層幹部代表吃「紅軍飯」，其中有紅米飯和南瓜湯上桌。分析認為此舉是要與媒體曝光的領導幹部奢華生活形成鮮明對比。 Revolutionary Sr., 習近平反腐若不到江澤民 國際上僅僅當他在為自己的王朝打天下 中國的社會主義需英明的領導者才走的出盛世 期待他思想遠見和悲心遠超過一般領袖 陳佐ㄐㄩㄣㄅ, 台灣台北 要肅清影響，太搞笑啦吧！這是共產黨的制度性腐敗，除非改革政治制度。 八千里, 澳大利亞 悉尼 習近平哪裡是在肅貪?他是在整肅異己. 徐才厚又不是第一天貪汙,解放軍裡面也絕不只有徐才厚會貪汙.周永康,徐才厚都只是代表而已,他們貪了至少十幾年(甚至幾十年),為何以前貪污沒被發現? 習近平懲罰他們一方面是騙取民心,另一方面是剷除江澤民勢力,最後就是鞏固自己的地盤. 這是盡人皆知之事.什麼肅貪! 根本是騙人的把戲 fernando, Taiwan"
https://www.bbc.com/news/uk-wales-politics-40240552,Circuit of Wales: Ministers accused of 'misleading' detail,"By Daniel DaviesBBC Wales political correspondent The Welsh Government will decide soon whether to guarantee half the cost of the Circuit of Wales, after rejecting a plan to underwrite 80% of it. At first it said the 80% figure was proposed by the project's developers, but now admits it had been under discussion for some time prior to that. Plaid Cymru has called for an investigation and an apology. The overall cost of the Ebbw Vale circuit is about £425m and the developers are asking the Welsh Government to guarantee around £210m. The earlier proposal to help underwrite 80% of the total cost with public money was rejected last year. In a written answer to Plaid AM Adam Price, the Welsh Government said this idea was first set out by the Heads of the Valleys Development Company - the firm behind the circuit - on 15 April 2016. But an email obtained by Plaid Cymru showed a senior civil servant wrote to the company on 7 April, saying the first minister's office had approved discussions about a ""Plan B"", based on this guarantee. Mr Price called for an ""an immediate investigation into the misleading answers with the first minister taking direct responsibility for this project and apologise for the many mistakes that have been made"". The Welsh Government said: ""Various face-to-face, phone and email discussions on the risks and legalities of the project took place over a number of months prior to this date [15 April] between officials, other key organisations including the Heads of the Valleys Development Company and their advisors. ""The level of guarantee would have been part of those discussions."" Mr Price has already called for an investigation into how the Welsh Government responded to a damning report by the Wales Audit Office about funding."
https://www.bbc.com/zhongwen/trad/science-56562828,人工智能背後的「幽靈工人」為何也需要工會,除了科學家，還有成千上萬的低收入工作者，他們的工作是對數據進行分類和標記——這是人工智能這類系統的生命線。 但越來越多人質疑，這些所謂的「幽靈工人」是否受到剝削。 當我們把機器訓練得更人性化時，是不是也在讓人類像機器一樣工作？ 當人工智能系統越來越多地控制生活的方方面面，這些工人究竟扮演著什麼角色呢？ 在眾包平台中，最成熟的是亞馬遜土耳其機器人（Amazon Mechanical Turk，簡稱MTurk），由線上零售巨頭亞馬遜網絡服務（Amazon Web Services）運營。 還有Samasource、CrowdFlower、Microworkers等其他公司。這些平台都允許企業遠程僱用來自世界各地的員工，來完成計算機目前無法完成的任務。 這些任務包括，標記圖像、幫助改進計算機視覺算法、為自然語言處理提供幫助，甚至擔任YouTube或Twitter的內容主持人。 18世紀的土耳其機器人愚弄了國際象棋選手，讓他們以為自己在與一台機器競爭。 MTurk是以18世紀曾在歐洲巡演的國際象棋機器人命名的，但後來發現，這個機器的背後其實是人。 該平台在其網站上被標記為眾包市場，是「將機器學習開發的每一階段所需的成本和時間最小化的好方法」。 在這個平台上，下單者要求工作人員執行特定的任務。 亞馬遜網絡服務的發言人表示：「大多數員工將MTurk視為兼職工作或有償愛好，他們享受可以選擇任務的靈活性，可以隨心所欲地加班，或者少量工作。」 但對於已經在這個平台工作了六年的謝莉·斯坦利（Sherry Stanley）來說，這更像是全職工作。這份工作幫助她在經濟上撫養三個孩子，也讓她覺得自己是巨大機器上的一個小齒輪。 她告訴BBC：「土耳其機器人是我在西弗吉尼亞為數不多的一個工作機會，和許多工人一樣，我們為自己的工作感到自豪。」 「但我們是亞馬遜一時衝動下的產物。亞馬遜是世界上最大的公司之一，需要像我這樣的員工對工作條件保持沉默。」 她說，如果說出自己被如何對待，就會一直活在「遭報復的恐懼中」。 很難描述斯坦利生活中的典型一天，因為正如她所說，「每天的工作時間都不一樣，工資也不一樣。」 這種工作的好處是，可以想做多少就做多少，也可以在家工作。 但她被要求完成的任務多種多樣，包括圖像標記、幫助智能助手Alexa理解地區方言。 還有一系列她不理解的問題，比如： 「土耳其機器人應該在我們的工作對象、內容、原因和地點等方面擁有更大的透明度：為什麼我們的工作（成果）被拒絶，這份工作到底在建設什麼，為什麼賬戶被凍結，不付費時數據去了哪裏，以及我們在為誰工作。」 Turkopticon是Mturk的工人擁有的最接近於工會的東西，這個組織正在努力讓工人們感覺不那麼隱形。 斯坦利表示：「Turkopticon是讓土耳其機器人變成組織的工具，讓他們就工作條件相互交流，並使工作變得更好。」 她正在籌集資金，以幫助該組織創建由工人操作的服務器，承包商可以在那裏討論工作條件。 亞馬遜回應BBC，它在2019年推出了一項功能，允許員工看到「下單者的活動水平、批准率和平均付款審核時間」。 它在一份聲明中說：「儘管工人的成果被下單者拒絶的整體率很低（小於1%），工人們也獲得了一組標凖，可以幫助他們確定想要的工作任務，包括下單者接受任務的歷史記錄。 「MTurk繼續幫助各種各樣的工人賺錢，並為他們社區的發展做出貢獻。」 YouTube禁令 在YouTube上，與LGBTQ相關的內容在沒有明顯原因的情況下被禁，但到底是算法還是背後的人應該受到譴責呢？ 賽飛·薩維奇（Saiph Savage）是西維吉尼亞大學人機交互實驗室的主任，她的研究發現，對於很多工人來說，工資可能低至每小時2美元，而且他們通常不知道需要在一個特定任務上工作多少個小時。 她在接受BBC採訪時說：「他們被告知，這份工作值5美元，但可能需要兩個小時。」 「僱主比工人擁有更大的權力，可以突然決定，否定工作（成果），而工人卻沒有辦法對此採取任何行動。」 她還表示，人們往往對這些平台上的員工是誰，以及他們的偏見是什麼知之甚少。 她引用了最近一項與YouTube有關的研究，該研究發現，算法已經禁止了一些LGBTQ的內容。 「深究下去，並不是算法有偏見，而是幕後的工作人員，他們在一個需要審查LGBTQ內容的國家工作。」 這種有關偏見的觀點是蒙特利爾人工智能倫理研究所（Montreal AI Ethics Institute）的亞歷山大·羅耶（Alexandrine Royer）提出的，她寫道，迫切需要對這些員工進行更多監管。 她說：「數據工作者負責全球平台上的數據標籤和內容審核，非洲和其他地方的數據工作者做出的決策，反饋給了世界各地的互聯網用戶，並塑造了每天與之互動的算法。」 「在數字經濟的陰影下工作，這些所謂的『幽靈工人』作為在線內容的仲裁者負有巨大責任。」 她還說，谷歌的搜索、推文、產品評論都依賴於這種「看不見的勞動力」。「我們早該監管並適當補償這些工人了。」
https://www.bbc.com/news/uk-wales-north-east-wales-43196727,Mystery jumper dumper helps homeless in Wrexham,"It comes as homeless charity bosses warned people will die without help. Sweaters are being tied to lampposts and shop doors in Wrexham town centre with labels stating ""I am not lost"" and ""Please take me"". Forecasters have issued yellow weather warnings for snow across Wales for Tuesday - with overnight temperatures dropping to -5C. Homeless shelters were overwhelmed during the last cold spell in December. The Huggard Homeless Centre in Cardiff took in 39 people from the streets of the capital on Sunday alone and chief executive Richard Edwards warned people will die. Frances Beecher, of charity Llamau, said it was not scaremongering but the ""likelihood and expectation"" is people on the streets for prolonged periods could die. She said most people have no idea what it is like to really be cold - only experiencing it for a few hours, while wrapped up with coats and gloves and after a warm meal or drink. Ms Beecher described the situation for those on the streets as ""bone cold"", adding: ""Our bodies are healthy and able to withstand it for a couple of hours. ""If they are not, and if they are wet, hypothermia will set in very quickly. ""Very few of us know how cold it is to be homeless."" She said without basic human rights such as shelter and a warm meal, ""your body will not withstand that trauma"", pointing to life expectancy of a homeless person being 47 years. Describing provision of help as ""spasmodic"" across Wales, Ms Beecher said there were good levels in Cardiff, for example, but not everyone could access it because of issues with things such as drugs and alcohol. She called on people to help by offering blankets, sleeping bags and money for hot drinks and to phone for help."
https://www.bbc.com/news/world-europe-50060759,Bulgarian football and its problem with racism,"By George WrightBBC News For years Bulgarian football has been plagued by racism in its stadiums. In 2011, the Bulgarian Football Union (BFU) was fined after England players Ashley Young, Ashley Cole and Theo Walcott were subjected to racist abuse from fans during a European Championship qualifier. On 20 April 2013, halfway through a match, fans of Levski Sofia unveiled a banner wishing Adolf Hitler a happy birthday. And last year the club was fined after photos from the Bulgarian cup final showed a child making a Nazi salute, alongside another with a swastika drawn on his chest. While many have been quick to point out the problem is not only a Bulgarian one - top leagues have faced scandals involving racism in the not-so-distant past, including the English Premier League - it is one of the worst offenders in Europe. How big a problem is racism in Bulgarian football? ""I've spoken to some of the ordinary football fans and they feel ashamed of what's going on because this is the image of the country,"" said Yana Pelovska, a Bulgarian journalist based in Sofia. Despite obvious examples of racism in the Bulgarian league, Ms Pelovska said that most of the worst abuse is saved for the international stage. Hardcore fans of clubs like CSKA Sofia told her that they wouldn't racially abuse local opposition teams because they had black players on their own side. ""It's complicated. I can't say this racist chanting is normal in Bulgarian matches,"" she said. Kamen Alipiev, a sports reporter based in Sofia, said there were wider societal issues over why racism was still a problem among Bulgarian fans. ""We have problems with communications with our Roma Gypsies in the area, with refugees coming from Asia and Africa... so maybe sometimes it sounds like it's normal."" The fans ""can't imagine that they are racist,"" he explained. Tihomir Bezlov and Dr Atanas Rusev, researchers at the Centre for the Study of Democracy (CSD) in Sofia, believe the behaviour is not only driven by racist attitudes, but also financial interests. Some supporters with a history of racist behaviour demand payment from clubs in order to stop, they say. Who are Bulgaria's hooligans? In 2015, the CSD produced a report entitled Radicalisation in Bulgaria: Threats and Trends. It documents widespread racism among the country's football supporters. ""A famous Levski supporter explained that he does not like African-Americans, Turkish people and Arabs, but he does not mind the dark-skinned football players of Levski,"" the report notes. Although ""skinheads sharing racist views used to be very popular in CSKA factions"", the report says their influence has been diminished, partly because of the interventions of a fan leader, Rossen ""the Animal"" Petrov. The CSD researchers, Mr Alipiev and Bulgarian reporter Momchil Indjov, told the BBC they suspected there were links between football hooligans and far-right nationalist movements. Dr Rusev said hooligans had been mobilised during protests and to attack Roma communities. Mr Indjov said he believed many of those involved in the racist abuse on Monday were part of SW99 - a hooligan faction belonging to Levski Sofia - and said the behaviour appeared planned. Mr Bezlov said police had told him that CSKA Sofia fans were involved. The final straw? While Bulgaria has faced criticism for its efforts - or lack thereof - at combating racism in football in the past, Monday night's scenes appear to have been taken more seriously. The match was halted twice, and on Tuesday the president of the BFU, Borislav Mihaylov, resigned after being told to quit by Prime Minister Boyko Borissov. The president of European football's governing body Uefa, Aleksander Ceferin, said the ""football family and governments"" need to ""wage war on the racists"". ""There were times, not long ago, when the football family thought that the scourge of racism was a distant memory,"" Mr Ceferin said. ""The last couple of years have taught us that such thinking was, at best, complacent."" The British government said it had written to Uefa to demand more action, and Uefa has opened disciplinary proceedings against Bulgaria. The shame many Bulgarians have felt from the behaviour of some of its fans on Monday could result in a long-overdue discussion about racism in the country, Mr Alipiev said. ""It will definitely create a discussion, especially after the reaction of our prime minister today... I think a red light is going on across the country,"" he said. ""It's not just about the football fans. We need to speak about our ability to accept others, not only in the stadiums. ""I really hope there will be a public discussion because it's a discussion about the state of the nation."""
https://www.bbc.com/zhongwen/trad/china/2014/11/141116_taiwan_election_kaohsiung,台灣高雄市長選舉：「小巨人」再戰「南霸天」,楊秋興（左）本屆二度挑戰陳菊（右）。 高雄市是台灣六都（直轄市）之一，由原高雄市與高雄縣於2010年底合併而成。早在日治時期，高雄發展成為港埠城市與軍事要地，向來是南台灣政治、經濟及交通中樞，和首都台北市遙遙相對，其重要性不言可喻。 現任市長陳菊早年投身民主運動，也曾因「美麗島事件」（近代台灣民主運動史上的重大政治事件）入獄服刑，民主進步黨成立後，逐步成為黨內要角。 在民進黨目前擔任公職者中，陳菊是位階最高者。她擔任高雄市長九年來，深耕南台灣，贏得「南霸天」稱號。 由於陳菊外型神似日本動畫《我們這一家》女主角母親——花媽，支持者喜愛暱稱陳菊為「花媽」，可見她頗受愛戴。 現年65歲的陳菊志在爭取連任，她的對手是披上國民黨戰袍的楊秋興。 事實上，這已是兩人第二次對壘，這次再度上演「秋菊大戰」，成為台灣今年「九合一」地方選舉中的熱門話題。 陳菊穩坐高雄市長寶座九年。 楊秋興（左二）得到了馬英九（中）的支持下易黨參選。 盟友決裂 陳菊和 楊秋興原本情同姊弟，也都是民進黨人，陳菊擔任高雄市長，楊秋興則是高雄縣長，兩人合作無間，為民進黨在南台灣撐起一片天。 楊秋興苦讀出身，身高156公分的他，九年縣長任事勤勉，為自己贏得「小巨人」的稱號。 但是，四年前高雄縣市合併，地方父母官兩席合併成一席，兩人變成競爭關係。之後，陳菊在民進黨黨內初選中擊敗楊秋興，代表民進黨角逐市長寶座。楊秋興心有不甘，決定脫黨競選，從此兩人形同陌路。 在改制後的首次高雄市長選舉中，陳菊贏得82.1萬餘票，得票率達52.8%；楊秋興以無黨籍身分參選，獲得近41.5萬票，他和國民黨候選人黃昭順的近32萬票加起來，還差陳菊一截。陳菊大獲全勝，成為台灣首位女性民選直轄市市長。 四年來，陳菊執政瑕不掩瑜，不但努力打造宜居城市，也成功化解石化管線氣爆造成重大傷亡的執政危機，聲勢依然強大。 相形之下，楊秋興輔選馬英九連任總統，並且加入國民黨執政團隊，出任行政院政務委員以及行政院南部聯合服務中心主任。在國民黨徵召下，楊秋興再戰陳菊。 楊秋興此次主打「改變高雄」競選策略，他認為高雄條件不輸新加坡，但高雄卻是台灣六都中經濟最為低迷的，問題就在領導人。 高雄是台灣「六都」之一。 不過，楊秋興的縣長光環已不若先前閃亮，如今似乎只能回歸藍（國民黨）、綠（民進黨）基本盤應戰。 傳統上，大高雄地區的選民結構呈現綠大藍小，基本盤大約在55%比45%左右，楊秋興略遜一籌。再者，國民黨在中央執政成效不彰，對於楊秋興的選情有如雪上加霜。 陳菊和楊秋興的對決態勢，民調也提供了佐證。從今年1月迄今的各式民調顯示，陳菊的支持度都在50%至60%之間，只在今年石化管線氣爆意外發生後一度跌到48%，隨後又回升。楊秋興的支持度在兩成上下徘徊，未表態選民有20%至30%左右。 由此觀之，一般普遍看好陳菊能夠連任成功，楊秋興恐難扭轉頹勢，除非本月底投票前出現致命性的震撼彈。 事實上，自1998年謝長廷險勝尋求連任的吳敦義（現任副總統）以來，民進黨迄今已在高雄連續執政長達17年，國民黨想要把「綠地」換成「藍天」，一時之間恐怕不容易。 （責編：葉靖斯） 如果您對這篇報道有任何意見或感想，歡迎電郵至chinese@bbc.co.uk。您也可以使用下表給我們發來您的意見：
https://www.bbc.com/news/world-europe-guernsey-11755917,Aurigny to reintroduce online booking fee,"So far this year it has made a loss of nearly £1.4m, more than double the £600,000 estimated for 2010, which follows a loss of £1.6m in 2009. The loss has led the airline to bring back charges for online booking and debit cards that had previously been removed. Aurigny said it was also investigating charging for baggage in the future. Financial director Peter O'Donovan said the online charges had been removed earlier in the year, but had not seen ""the positive reaction"" they had hoped for. He said: ""If we do introduce the charges, and I must stress we have not made that decision yet, it will be made very clear to customers at the start of the booking process."" On the company's loss, Mr O'Donovan said: ""One of the major factors was the volcanic ash earlier in the year, which not only grounded us for quite a while but also shook the public's confidence in booking and that's had a major impact. ""Together with some very strong movements in exchange rates and really just the continued economic recession, which is far deeper than I think anyone was expecting. ""Over the last couple of years the economic conditions have been appalling, we've had firefighter strikes, snow, ice, volcanic ash... there's been no good news at all."" He said: ""We're looking at every aspect of the business and looking for opportunities. ""The new routes [Guernsey to East Midlands and Jersey to Stansted] we started are still developing - they will start to make a bigger contribution - [and] the fifth pair of Gatwick slots will make a greater contribution as time goes on. ""It's something you can't turn around overnight. ""We're certainly expecting to make a loss next year, although we're looking at a range of options to reduce that loss."" The company is underwritten by its shareholders, the States of Guernsey. Earlier in the year a possible sale of the airline, by the States to Blue Islands, was ended over concerns that the London Gatwick Airport slots would not be safeguarded. Mr O'Donovan said this would be the case in any sale. ""The stumbling point really is the Gatwick slots as we've proved again this summer,"" he said. ""In order to have control over the slots we have to own the airline... that's the most significant issue."""
https://www.bbc.com/zhongwen/trad/china/2014/06/140611_pressreview_hongkong_whitepaper,香港報章紛紛就一國兩制白皮書發表評論,"香港媒體說，白皮書是香港主權移交17年以來首次闡述香港對國家的從屬關係和中央對香港擁有的權力。 《明報》的社論表示，該白皮書是香港主權移交17年以來首次闡述香港對國家的從屬關係和中央對香港擁有的權力，並認為這揭示了中央處理香港事務的分水嶺。具體而言，由過去的寬鬆變為收緊，中央全面掌控香港事務。 《明報》指出，30多年前，北京方面制定對港特殊方針政策時，根本不著眼於中央應有什麼權力掌控香港，而是聚焦在中央盡量不插手香港事務，由港人組成的特區政府實行高度自治。 社論還質疑說，即使實施由中央全面掌控和管制，難道這樣的香港，就是國家需要的香港？並指出，香港處於歷史轉折關口，而這次北京發表白皮書看不到有任何積極因素，負面因素則罄竹難書，情況令人擔心。 由港區政協委員何柱國擁有的《星島日報》的社論則認為，白皮書的發表顯示中央政加強防範香港管治脫軌，社會離心，逐步削弱中央對香港主權的行使，並擔心會出現「奪權」的場面。 《星島日報》指出，《白皮書》提到中央擁有對香港的「全面管治權」沒有什麼新意，只是中央首次如此詳盡地闡釋對香港的權力，是為了打破一些人的幻想。 而《蘋果日報》頭版頭條的標題是《高度自治變北京全面管治》。報道引述時事評論員林和立表示，白皮書是國家主席習近平對《中英聯合聲明》及《基本法》的修訂版，而新的演繹違背了鄧小平的原意，而且《中英聯合聲明》和《基本法》都是國際認可的法律條文，習近平這樣做也違背了國際法精神，將會使國際投資者對香港失去信心，破壞香港作為國際金融中心的地位。 《信報》的社評則表示，在香港政局紛擾動蕩，各方勢力為政改纏斗不休，志在癱瘓金融重地的佔中運動如箭在弦之際，國務院新聞辦發表白皮書，強調中央擁有對香港特區的全面管治權，猶如北京對港政策一錘定音—調子就是以硬碰硬，在普選特首的問題上將堅守安全底線。 親中報章《文匯報》的社評則認為，中央通過白皮書全面表達了對香港政改的原則立場，清楚厘定依照基本法和人大決定落實普選的法律底線和普選產生的特首人選必須愛國愛港的政治底線，對香港普選討論具有正本清源、立牌指路的作用。 英文《南華早報》以「北京在白皮書中強調對香港的完全控制」為題報道說，儘管中國大陸官員此前曾發表類似觀點，但中國發表香港白皮書的時機以及方式，顯示北京已決心涉足香港的政治發展進程。 （撰稿：李文 責編：蕭爾） 網友如有評論，請用下表： 網友反饋 中共現在連表面文章都懶得做了，不看好香港的明天 未署名 回復「焚燒和尚傘, 澳洲悉尼」:公投不一定能決定全民意志，那要看是誰在操控公投！可以想見泰國和敘利亞還有烏克蘭的形勢，就知道了。全民意志變得更加透明的這樣的過程是非常緩慢的，哪怕是把美國的模式全部搬到我們身上來，我們也無法保證自己的權利爭得得到了全面的保護，或許相反，會變成全面的動亂也未可知。至於國台辦的發言，他們其實根本就沒有按照自己的思維發言，而是在發言之前就早已經背好了書，該說什麼不該說什麼都已經有了嚴格的限制，當然發言人會顯得沒有邏輯，但是這不代表整個體制就沒有邏輯。事實上，中共的體制雖然不僅完美甚至違背常理，但是從文革到現在，他畢竟是在不斷的完善，還算得上是一個上升的過程！ 張某人, 中國 四川 用中G自己聲稱的「實事求是」原則說----今天大陸對香港的政策，早已偏離了鄧小平的本意。這恰恰說明了當今執政者沒有鄧小平的膽識、勇氣和寬容的氣度。 焚燒和尚傘, 澳洲悉尼 在中國的前途並非由中國十三億人民決定的當兒，國台辦發言人【范麗青】竟然臉不紅耳不赤，煞有介事說台灣前途要由包括台灣同胞在內的全中國人民決定。請問范麗青中華人民共和國可曾舉辦過【全民公投】嗎？年前香港立法會搞的的五區公投，中共【跳腳】之餘還要明令建制派【杯葛】投票呢？衷心【殷切期盼】全中國人民有權決定中國前途的一天早日來臨。中共官員的說話，往往是欠缺邏輯，漏洞百出的，從國台辦發言人范麗青之言可見一斑。 孟光, Hong Kong 反對派和英美互相勾結，中央和港府看的一清二楚，英國殖民主義不死。有一天就會有報應。一旦阿根廷有強硬政府上台，中國可免費提供炮艇，導彈，培訓技術，看看馬島還是不是英國的。 pan, 中國廣東 在中國的治下不要幻想蘇聯解體、烏克蘭動蕩。以國家為本、以民族利益為重為傳統的國度，局部意見就往後放放吧，一個寄養在別人家的孩子，回家後怕你不適應，盡量給你寬鬆、優越。但你要明白你是這家的孩子，要遵守家規、尊重傳統、要孝親、敬長。你要以為你自己跟洋爸爸混過幾年，就可以超越傳統、不敬尊長，那你錯了，家法對你也不例外。 未署名 一句話：請大家看看中國共產黨對待 ""中華人民共所國憲法"" 的態度, 便知道 ""一國兩制"" 和 ""基本法"" 的真實程度. 香港仔, 香港 【孟光】偉大評論家請來【此處】發表言論，【謝謝】，不勝感激 LOL, Hong Kong 6月10日，中國國務院新聞辦發表了《香港白皮書》，中共在香港回歸17年後，終於按捺不住，露出了【猙獰】的面貌。畢竟港人與疆藏民族有異，沒有與爾皆亡與自焚明志那份勇氣。在專權底下，有條件的港人將會移民他去，沒條件的唯有睜著眼睛目睹香港沉淪衰敗。香港人又確實比不上台灣人，沒有掌握自己命運的客觀條件與實力。尚幸香港此刻仍是一個【開放】的【國際】都市，只要港人鬥志不失，不畏強權，【勇於】站出來，【敢於】發聲，【團結】可團結的力量，【結合】可取得奧援的勢力，敢信中共是不敢【造次】的。 評論【不須偉大】，但求切中時弊，言之有物，一語中的。偉大的桂冠，留給那些嗜權好名、好大喜功的人戴上好了！多謝LOL指教，謹覆。 孟光, Hong Kong"
https://www.bbc.com/news/business-39415681,Tesco fined £129m for overstating profits,"Its subsidiary, Tesco Stores Ltd, reached what's known as a deferred prosecution agreement with the Serious Fraud Office after a two-year probe. Tesco said there was ""regret"" over the issues of 2014 and said it has been working hard to ""restore trust"". The firm also agreed with the Financial Conduct Authority (FCA) to spend £85m on compensating investors. The money will go to those who bought shares or bonds between 29 August and 19 September in 2014. Investors misled Those investors would have had misleading information from a trading statement on 29 August, which gave a rosier assessment of its performance than was actually the case. Tesco issued a corrected statement before the markets opened on Monday 22 September, which estimated it had overstated profits by about £250m. The revelation sent the retailer's share price plunging and sparked two internal inquiries. Even that was not the full story, the overstatement was subsequently revised up to £326m. 'Regret' The compensation order is a first for the FCA, although it has not imposed its own penalty, and Tesco has accepted the regulator's finding of ""market abuse"". The SFO said Tesco had co-operated with the investigation and had undergone an ""extensive"" period of change. Tesco's current chief executive, Dave Lewis, said: ""Over the last two-and-a-half years, we have fully co-operated with this investigation into historic accounting practices, while at the same time fundamentally transforming our business. ""We sincerely regret the issues which occurred in 2014 and we are committed to doing everything we can to continue to restore trust in our business and brand."" Analysis, Simon Jack, business editor A Deferred Prosecution Agreement (DPA) is a fairly new way (introduced in February 2014) of punishing a company for criminal behaviour without the collateral damage of a conviction. DPAs may be fairly new, but they are instruments the SFO is warming to. Just last month it announced a DPA with Rolls-Royce which saw the company pay a UK fine of £500m. In that case, the judge agreed that a criminal conviction for the company could disbar it from securing contracts - particularly in the US - which in turn could threaten the jobs of thousands of UK workers. A DPA also avoids lengthy and costly trials and puts the offending company on probation to ensure full co-operation in the future. It also does NOT mean that individuals escape scot free while shareholders pay the price for their conduct. Three former executives from Tesco face criminal proceedings. The SFO also quizzed the former chief executive Phil Clarke, before dropping any further action against him. Read more from Simon here: The DPA with Tesco Stores still needs approval by the High Court, which is scheduled to make its decision on 10 April. This potential DPA agreement only covers Tesco Stores and does not address whether liability of any sort applies to the larger international group Tesco plc or any of its employees. To pay for the penalty, compensation scheme and related costs Tesco will charge £235m to its results for the 2016-17 financial year, which are due to be published on 12 April. Tesco shares were little moved on Tuesday. Laith Khalaf, senior analyst, at Hargreaves Lansdown stockbrokers, said the accounting error uncovered was ""exceptionally rare"" in the UK stock market. ""This is a big slap on the wrist for Tesco, reflecting the seriousness of the offence and its impact on the share price in 2014,"" he said. ""Dave Lewis underwent a baptism of fire when he took over as CEO in 2014, just as the accounting scandal struck. He and the supermarket will now be hoping to draw a line under the matter, and concentrate on nurturing Tesco's nascent recovery. Analysis, Ian Pollock, personal finance reporter The Tesco scandal contains a real novelty. It is a compensation scheme for about 10,000 professional and personal investors. They bought shares or bonds at artificially inflated values after the supermarket group put out its misleading trading statement on 29 August 2014. They suffered a loss if they were still holding those investments, when their values fell, after a correction from the company was issued a few weeks later on 22 September. To qualify, you have to be a so-called ""net purchaser"" - someone who during that period bought more shares or bonds than they sold. The compensation is 24.5p per share, plus interest. Various values, plus interest, are on offer to bond holders. The compensation scheme will be run by the accountancy firm KPMG, and should start before the end of August this year. KPMG will try to contact all eligible claimants. If you are one of them you will need to provide evidence of your purchases and any sales. You will have six months to lodge a claim. Details are available from Tesco."
https://www.bbc.com/zhongwen/trad/world/2016/09/160903_us_china_bilateral,中美元首「坦率討論」南海人權網絡問題,儘管中美在一些問題上存在分歧，奧巴馬和習近平在舉行了3個半小時的會談後乘夜色在西湖邊花園中散步並一起飲茶。 美國白宮在會後發佈聲明表示，奧巴馬重申「美國將和亞太區域內所有國家共同努力，維護國際法、合法順暢的商業活動、自由航行和飛行活動」。 奧巴馬敦促北京作為《聯合國海洋公約》簽字國，應該遵守根據這一公約在南海地區的國際承諾、兌現美中雙邊制止網絡攻擊和維護網絡安全的承諾，維護包括宗教自由在內的人權凖則。 中國官方的新華社報道說，「兩國元首就中美關係和共同關心的重大國際地區問題坦誠、深入、友好交換了意見，達成一系列重要共識。」 報道引述習近平說：「中美共同利益遠大於分歧，中美合作可以辦成許多有利於兩國和世界的大事。」 習近平「強調，中美要牢牢把握兩國關係發展正確方向，堅持不衝突不對抗、相互尊重、合作共贏的原則，……以建設性方式管控分歧，推動中美關係持續健康穩定發展」。 報道說，「兩國元首就一些雙方存在分歧的問題交換了意見，同意以建設性方式加以處理和管控。習近平闡述了中方在台灣、涉藏、人權等問題上的原則立場。」 關於南海問題，習近平說：「中國將繼續堅定維護自身在南海的領土主權和海洋權益，同時堅持通過與直接當事方協商談判和平解決爭議，同東盟國家一道維護南海和平穩定。希望美方為維護南海地區和平穩定發揮建設性作用」。 白宮的聲明說，美中兩國領導人同意共同合作建立一支第三世界伙伴維和部隊，華盛頓提供工程與軍事後勤支持，這將確保這支隊伍的快速部署。 此外，兩位領導人還討論了「改善對外國恐怖嫌疑人的信息分享、打擊網絡黑客和知識產權盜竊、打擊象牙走私、遏制北冰洋中部公海海域不受管制的商業捕撈」等議題。 儘管中美在一些問題上存在分歧，奧巴馬和習近平在舉行了3個半小時的會談後乘夜色在西湖邊花園中散步並一起飲茶。 周六早些時候，習近平和奧巴馬在一個專門舉行的儀式上，代表兩國聯合正式向聯合國秘書長潘基文交存中國和美國氣候變化《巴黎協定》批准文書。
https://www.bbc.com/news/uk-wales-46127388,Women's football: Girl 'a champion' against sexism,"Darcie, 13, from Cwmbran in Torfaen, has been called a ""lesbian"" because she wants to play football professionally. She was also told she could not play football in PE in school and has to play hockey and netball instead. The Football Association of Wales (FAW) praised her for speaking out and said it is reviewing football in schools. On Wednesday, Darcie was given the opportunity to train with the Wales Women's National team in Newport and talk about her experiences in playing football. Caroline Spanton, head of football development for the FAW Trust, said Darcie spoke out ""bravely"" against criticism and her example could lead to change in the way girls access football in school. ""One of the big things we're looking at is actually using young people like Darcie to be our activists - they're the young people who will change gender stereotyping issues,"" she said. ""We are aware that Darcie's case isn't an isolated case. We know that there's a real want and demand for girls to play more football, particularly in schools, so we're reviewing the challenges and barriers girls are facing within schools to make sure we are creating more opportunities. ""We need to make a change. Football has that opportunity and we're not just talking about football, we're talking about society issues and gender stereotypes and I think we can use the power of football to help showcase that young girls do have a voice."" 'Not for girls' Darcie's experiences have been echoed by parents from across the UK. Jason, from Scotland, said his nine-year-old daughter does not play football at school anymore, despite playing for her local club. He said that she used to play during break time, but comments from boys have put her off and staff do not know the rules of the game, so cannot assess if the game is being played fairly. ""It's made her feel sad about school,"" he explained, and added the school needed to challenge bad behaviour. But he said the football club his daughter plays for is ""excellent"" and has ""outstanding support from the main [professional male] club"". Chris, who lives in London, said his 10-year-old daughter had ""no issues"" with playing football at school and finds other sports ""boring"". Another parent, who chose not to give their name, said their daughter was banned from taking part in a tournament because she is a girl. They explained that she was selected to play for the school team, but was told the day before she could not take part as county rules stated the tournament was for boys only. Her parent said that there is no female football team at the school, and when a football skills demonstration was held at the school only boys were chosen to attend. They added: ""She is obstructed from joining in with football in break times by the boys as the message from the school is that it is not for girls."""
https://www.bbc.com/news/newsbeat-39805735,Music festival websites to go dark to campaign against sexual assault,"By Steve HoldenNewsbeat music reporter The Association of Independent Festivals (AIF) wants festival-goers to be aware of on-site support services available to help victims. It says there is no evidence of any widespread problem, but hopes this will raise awareness of what is being done. In 2016, police say two women were raped at Reading Festival. Bestival, Parklife and Secret Garden Party are among the festivals which have signed up to the Safer Spaces campaign. ""It's raising awareness and letting audiences know that if something were to happen, they can report it on site,"" says Renae Brown, campaign manager at the AIF. ""This is something we should be talking about at festivals. We want people to look out for each other."" The websites will be blacked out for 24 hours from 9am on Monday. ""Festivals can be crazy spaces and we're proud that they're places to let off steam but there are limits and rules as there are in general society,"" says Rob da Bank, the promoter of Bestival. ""We just want everyone to be aware and it's great that some of the UK's biggest festivals have signed up to this. ""It's a positive message and not a scary one. Everyone should be able to go to festivals and enjoy them."" As well as the blackout, more than 60 members of AIF have signed up to a charter of best practice. It says it's designed to make sure staff and volunteers are trained to deal with sexual violence, or know where to direct someone who may be a victim. The campaign is supported by groups including Rape Crisis England & Wales, Girls Against and Safe Gigs For Women [SGFW]. ""I know people that no longer feel comfortable going to festivals because of unwanted sexual attention,"" says Sarah Claudine from SGFW. ""We don't want that to be the case at all. ""People should be able to go and enjoy live music without the fear of being assaulted or harassed in anyway."" One woman who was raped at a festival sent us her thoughts on the campaign. ""It's so important that there are festivals really trying to actually tackle the rape and sexual abuse that happens at them,"" she wrote. ""I think men think they can get away with things because it's a festival spirit, and will know that people are going to be a bit out of it, but everyone should be able to have a good time and not feel threatened or unsafe."" There is no exact figure on the number of festivals in the UK, but one website lists more than 800 across the year. In a survey for AIF, 93% of the 4,000 respondents said they didn't experience any kind of crime at a festival in 2016, including assault. This latest campaign builds on calls from Girls Against in 2015, which wanted to raise awareness of the problem of people being groped at gigs. Find us on Instagram at BBCNewsbeat and follow us on Snapchat, search for bbc_newsbeat"
https://www.bbc.com/news/world-asia-51827847,Taliban prisoner swap begins as part of Afghan peace talks,"The presidential decree requires all prisoners to give ""a written guarantee to not return to the battlefield"". In exchange, the Taliban has agreed to hand over 1,000 government troops. It comes as the US begins withdrawing troops from the country as part of a linked agreement signed earlier with the Taliban. According to the decree signed by President Ghani, all 1,500 prisoners will be released within 15 days, ""with 100 prisoners walking out of Afghan jails every day"". Talks between the Afghan government and Taliban will take place in parallel with the release. If talks progress, the government has pledged to free 500 more Taliban prisoners every two weeks until a total of 5,000 have been released. As part of the agreement, the Taliban must continue its reduction in violence, and bar al-Qaeda or any other extremist groups from operating in areas under their control. The prisoner release is intended to build trust between both sides and kick off direct talks to end the 18-year war in Afghanistan. The talks were due to start on Tuesday, but negotiations were delayed by demands over the prisoner release. Speaking with AFP news agency, an unnamed member of the Taliban's leadership council said the group had presented a list of captives they wanted freed. But he accused the government of acting in bad faith, saying it only planned to release ""those prisoners who are elderly, very ill, or those whose sentences have expired"". The Taliban's political spokesman, Suhail Shaheen, tweeted on Tuesday that the group would only accept prisoners named on their list. Under the presidential decree, the government will release Taliban prisoners ""based on their age, health status and the remaining jail term"". President Ghani had earlier refused to free 5,000 prisoners as part of the US agreement with the Taliban, but Wednesday's decree signalled a softening of his stance. Under the historic deal, endorsed by the UN Security Council, America also agreed to reduce its troops from about 12,000 to 8,600 within 135 days. The US and its Nato allies have agreed to withdraw all troops within 14 months if the militants uphold the deal. America's drawdown began on Monday, but deal appeared fragile last week after the US launched an air strike in response to Taliban fighters attacking Afghan forces in Helmand province. Fresh political instability has also threatened the prospect of talks between all sides in the country. Two separate swearing-in ceremonies took place on Monday for two different politicians after disputed presidential elections last year. Afghanistan's electoral commission says incumbent Mr Ghani narrowly won September's vote, but Abdullah Abdullah alleges the result is fraudulent. Experts warned the current political rivalry would ""gravely affect the government's position"" during peace talks. The Trump administration has also said it opposed ""action to establish a parallel government,"" in an apparent show of support for Mr Ghani's presidency."
https://www.bbc.com/zhongwen/trad/china/2013/07/130719_china_people_civil_society,胡鞍鋼「人民社會優越論」引發爭議,"胡鞍鋼的文章說，實現「中國夢」的最大推動力是13億人民共建共享的人民社會。 文章見報後招致網民諸多評議和嘲諷，認為「人民社會」論與近期先後出現的「憲政屬資論」、「新國父論」等言論一脈相承，順應並服務於當前政治需要。 《人民社會為何優於公民社會》開篇即稱「人民社會是中國的重大理論創新和實踐創新。與西方公民社會相比，人民社會更具優越些。」 文章說，人民社會本質上是社會主義社會，其領導者是中國共產黨，其建設方法是不斷改善民生，社會治理方法是堅持走群眾路線； 相對於注重私利的「市民」而言，「人民」注重公利和公益但並不排斥私利私益。 誰是人民？ 網民質疑最多的是誰是人民？誰是人民的敵人？ 研究中國公民社會發展的學者，清華大學公共管理學院副院長王名接受BBC中文網採訪時指出，「人民社會」是個政治概念，而「公民社會」是政治學的一個核心概念。 「人民」這個詞有包含了敵我對立的涵義，而這與現代社會不符。 熟悉文革歷史者記得，不少在文革中不堪迫害折磨而自盡者通常被官方稱為「自絕於人民」。 網民StarKnight 寫道，「人民」是個政治概念，差不多等於剔除了異己分子的公民。「人民社會」的風險在於，任何人都可能被「站到人民的對立面」去。 署名「劉耘博士」的網民說，公民是法律概念，任何人只要未被法院最終判定有罪即享有憲法和法律賦予的各 種權利，因此它和民主政治是緊密相連的；人民是政治概念，你是否屬於「人民」由權力決定。說你是你就是，說你不是你就不是。 還有人指出人民和公民的區別不光是理論概念上的差別，更具有重大的現實意義。 網民趙曉說：這世上無人可以自稱人民，但人人都是公民。以人民取代公民，就可以堂而皇之地剝奪每個人的公民權，如此不僅搶西瓜、搶民企、搶屍體天經地義，而且可以一代代一直搶下去，而你，休想反抗！ 何為西方公民社會？ 王名教授指出，把「西方公民社會」作為「中國人民社會」的比照物，理論上難以自圓其說，甚至難以給出嚴肅的定義。 公民社會是馬克斯理論中的一個重要內容，而馬克思主義又是中國的主流意識形態，如果在關於社會形態和制度的討論中「西方」是作為中國的對立面出現，那麼，公民社會應該姓「資」還是姓「社」？ 署名「統計人王思彤」的網民指出，胡文「只提了人民社會的特徵，卻沒有提公民社會的特徵，更沒有對這兩種社會的特徵及優缺點逐一進行詳細比較，怎麼就得出了人民社會優於公民社會這一結論呢？」 王名說，公民社會用最樸素的話來說就是公民組成的社會，是一種社會狀態，內涵包括平等、自由、開放。 比如，一個讀書社可以稱作公民社會，一個社區也可以稱為公民社會；可以說美國的公民社會較發達，但不能把美國稱為公民社會。 因此，如果像胡鞍鋼文中所說的人民社會包括了中國13億公民，那麼這個人民社會就應該由大量公民社會組成，而不應該把它放在公民社會的對立面。 在這樣的界定下，中國共產黨在公民社會組成的人民社會裏的地位和角色可以討論。 不過，也有網民指出，人民當家作主的結果中國人都心中有數，而所謂公利，難免淪為「官利」。 近期中國不少維權人士相繼被拘押，包括推動中國公民運動發展的律師許志永被捕，有觀察員認為體現了中國現行體制與公民社會矛盾和衝突的加劇。 公民運動本質上來說是對公權力的監督和制衡，而一黨獨大的政權並不願接受這種狀態。 （撰稿：郱書 責編：路西） 網友如要發表評論，請使用下表： 讀者反饋 「他，富可敵國，銀行是他的，土地是他的，國有企業都是他的；他，實力強大，解放軍是他的，警察是他的，就連城管也是他 的；他，權傾朝野，法院是他的，政府是他的，幾千萬公僕全是他的；領導嚷著為他服務，貨幣都要以他命名；據說，他就在我們身邊，你見過他嗎？他的名字叫人 民。」 - web says Australia 我們可以從兩個層面來剖析胡鞍鋼為中共一黨獨裁專制統治之下的「臣民社會」粉飾為「人民社會」的含義： 1.人民的定義。人民這個詞的最有權威的定義來自毛澤東：「誰是我們的敵人，誰是我們朋友，這是革命的首要問題。」可見「人民」在中共的政治中是一個被高度政治化了的詞語，是階級鬥爭的產物。 2.其使用的廣泛性與欺騙性。「人民共和國」，「人民政府」，「人民銀行」，。。。等等。這位慣於為體制舔菊的教授大概又聞到了當今聖上的向左轉的氣味，便急忙拼湊了「人民社會」這個虛擬的東西來與憲政共存一體的「公民社會」相對立，也算是當下反憲政中交了個差吧！ 八千里, Sydney Australia 呵呵~~一切都是""胡""...說... 人民社會優越能如公民社會般監督政府?人民社會優越那位在北京公眾場合上自殺炸彈者是被誰逼到如斯田地? 人民社會優越為何有七不講?到底什麼是人民社會? 島國路人甲, 台灣,中華民國 胡鞍鋼，這是你的真心話嗎？你的形像可在我的心目中一下子滑到底了！如果這是你的真心話，那也只說明，你是同中國極少數人的利益是一致的，或者說，是站在極少數人的立場上說話的。 jianye01, 澳大利亞悉尼 胡說：人民社會比公民社會具優越性。胡不說：什麼是人民社會，什麼是公民社會。胡說：人民社會比公民社會具優越性。胡不說：人民社會與公民社會的區別是什麼。胡說：人民社會比公民社會具優越性。胡不說：優越性在哪裏。 鄭嚴峽, 奧克蘭 問題的症結是：何謂公？何謂私？二三千年來的中國思想對此早有答案，即只顧一身一家，便是私：使人人能顧其一身一家之私計，即是公；亦即公為群私之總和。更須知：先有人而後有國。不許人人各私其私，而必須以黨國利益為「公」。這就是胡鞍鋼的宗旨。曾成傑處死，劉志軍不殺，就是共黨心目中的「公」。 嚴壽澂, 新加坡 這位教授和王紹光一樣也是把民主僅僅看作是一種政治制度，其實民主首先是一種生活方式，然後才出現政治制度的形式。關鍵在於選擇什麼樣的生活方式才能持續性地有效提高人們的認知能力，而進化的歷史就是人類認知能力不斷提高的歷史。這些教授們的根本錯誤就在於他們在一些簡單的基本概念上完全處於迷茫或不屑一顧，究竟是先有生活方式還是先有政治制度？應該是由政治制度來規定生活方式還是由生活方式產生政治制度？中國共產黨號稱以馬克思主義為指導思想的理論基礎，遺憾的是他們對馬克思主義理論的基石始終是一知半解。 overthere"
https://www.bbc.com/news/uk-england-19889598,London Midland trains disruption 'unacceptable',"The operator has blamed the ongoing problem on losing ""an unusually high number"" of drivers. Last week it cancelled over 30 services in one day. Staffordshire, West Midlands and Worcestershire routes are expected to be the worst affected. Travelwatch West Midlands said it wanted ""a reliable service"". Phil Davis from the passenger group said: ""We're not seeing the service that we deserve. ""It's not an issue of bad weather. It's really about staffing and this is something the company controls and they need to get under control. ""We're getting to the point where a complaint needs to be made to the regulator about the issue because it's really affecting daytime services as well as weekend services. ""No cancellation which is within their control is acceptable."" 'Using all resources' An RMT trade union spokesman said 31 drivers had recently joined other operators for better pay and conditions. In a statement on their website, London Midland said staff shortages would mainly impact on services on the ""Birmingham-Walsall and Lichfield-Redditch lines"". It said: ""We are having to cancel a small proportion of our 1,300 daily trains when we are unable to cover the shortfall with those volunteering for overtime. ""Some additional cancellations may also result from the fact that we are having to use all our spare resources to run the normal service, leaving us little flexibility to react to 'on the day' issues. ""We have several trainees due to complete the two-year driver training course over the coming months, and we therefore expect to be running a normal service on a daily basis from mid-December."""
https://www.bbc.com/news/uk-england-devon-51946867,Coronavirus: Fears for asthma and diabetes backpacker 'trapped' in Peru,"Tom Brewerton, 27, has asthma and diabetes and has self-isolated in a Lima hotel amid concerns about the effects of Coronavirus on asthmatics. He fears that his supplies of insulin will run out before flights resume. UK charity the Lucie Blackman Trust is working with Mr Brewerton and others to get them back to the UK. Video editor Mr Brewerton, from Sampford Peverell, Devon, has been backpacking since February but said he missed the last flights out Peru after being given 24 hours to leave. He said: ""It's really urgent that I get back soon. ""I'm just really concerned about getting the virus out here as asthma is a respiratory disease and I don't have a lot of faith in the Peruvian health system,"" he said. ""I'm also concerned about running out of supplies. ""I've been told supplies are hard to get here and I only have enough insulin to last another month."" Matthew Searle of the Lucie Blackman Trust said the charity was ""working hard"" with the Foreign Office to get more than 250 Britons home from Peru. ""We're trying to get them out as soon as possible,"" he said. ""I am sure we can get them back but I cannot say. We shall not stop working until we have got them out."" A Foreign Office spokesperson said: ""We recognise that any British people currently overseas may be nervous about the impact of coronavirus on their travel and their health."""
https://www.bbc.com/news/business-55097000,UK to impose new rules to limit tech giants' power,"The Competition and Markets Authority (CMA) said the two firms accounted for around 80% of the £14bn ($18.7bn) spent on advertising online in 2019. The new regime will attempt to give consumers more control over their data. It will also ""help small businesses thrive, and ensure news outlets are not forced out by bigger rivals,"" according to the government. ""There is growing consensus in the UK and abroad that the concentration of power among a small number of tech companies is curtailing growth of the sector, reducing innovation and having negative impacts on the people and businesses that rely on them,"" said Digital Secretary Oliver Dowden, in a statement. ""It's time to address that and unleash a new age of tech growth."" The new code will set clear expectations for the most powerful firms over what represents acceptable behaviour when interacting with competitors and users. Platforms that are funded by digital advertising could be required to be more transparent about the services they provide and how they are using consumers' data. They will be expected to give consumers a choice over whether to receive personalised advertising, and prevented from placing restrictions on their customers that make it hard for them to use rival platforms. The code will be enforced by a new dedicated unit within the CMA. The Digital Markets Unit could be given powers to suspend, block and reverse decisions made by technology firms and to impose financial penalties for non-compliance. Google and Facebook have previously said they are committed to working with the British government and regulator on digital advertising. Changes to news The new code could also affect the media industry, which has lost much of its advertising revenues to Facebook and Google. The new code will attempt to govern commercial arrangements between publishers and platforms to help keep publishers in business. It will try to stop online platforms from imposing unfair terms on news publishers that limit their ability to monetise their content."
https://www.bbc.com/news/uk-england-cornwall-55996938,Brexit: 'Under-loved' fish renamed for British tastes,"Megrim sole is to be sold as Cornish sole, with spider crab being rebranded as Cornish King crab. It is being driven by the Cornish Fish Producers Organisation (CFPO) after research with chefs and consumers. Paul Trebilcock from the CFPO said: ""There is something about the names that has negative connotations."" Both species primarily rely on exports to Europe, which he explained that ""in the current climate is not a pleasant experience"". ""The two species are particularly under-loved in this country but really popular with some of our export markets."" Each year about 1,000 tonnes of megrim sole is brought into Newlyn, Cornwall's biggest fish market, with 98% exported. About 85% of spider crab is exported, mainly to Spain. Trade has been disrupted this year by the extra paperwork and border checks required after Brexit. Mr Trebilcock said: ""Our investigation revealed that simply by calling it Cornish sole, straight away more people were willing to to try it and were more interested in finding out where it came from."" Johnny Murt, a shell fisherman off Padstow, said: ""It can only be a good thing."" ""It is a hard sell but if the rebranding can just get people to taste it, they will immediately realise just how good spider crab is,"" he said. Chef Jack Stein agreed and said spider crab and megrim sole were both ""good value and delicious"". He said spider crab was very sustainable with ""amazing quality meat and there is just so much of it in the summer"" but lots of it was sold in the EU. Similarly megrim sole had a ""lovely taste"" similar to plaice, he said. ""With a bit of a rebrand and a bit of a publicity drive we might be able to eat more of it in this country,"" he added. Follow BBC News South West on Twitter, Facebook and Instagram. Send your story ideas to spotlight@bbc.co.uk. Related Internet Links Murt's shellfish Cornish Fish Producers' Organisation Stein's"
https://www.bbc.com/news/world-us-canada-42466526,Miss America leaked emails: CEO Sam Haskell and three others quit,"The organisation said it would accept Mr Haskell's immediate resignation. Its chairperson, Lynn Weidner and two other executives are also leaving. The emails reportedly include vulgar references to past winners and comments about their sex lives. Former contestants criticised the ""appalling"" revelations. The organisation's president and chief operating officer, Josh Randle, has also resigned ""in light of recent and new developments"", a spokesperson confirmed to the BBC. Announcing the resignation of Mr Haskell in a statement posted on its Twitter account, the Miss America Organisation (MAO) said Ms Weidner would help install a new leadership before leaving. Board member Tammy Haddad resigned on Friday. The announcement of Mr Haskell's resignation came only hours after the MAO put out a statement saying he had been suspended. The Huffington Post published the alleged contents of three years of emails between Mr Haskell and other pageant officials. The internal emails include name-calling, slut-shaming and fat-shaming of some of the contestants who had taken part in the pageant. The revelations caused Dick Clark Productions, MAO's television sponsor, to cut ties with the long-standing pageant. Dick Clark Productions said in a statement on Friday they had been made aware of the emails ""several months ago"" and were ""appalled by their unacceptable content"". Pressure for the resignation of Mr Haskell also came from 49 former Miss Americas in an open letter. A former Miss America winner, Mallory Hagan, who was mocked in some of the emails said she ""wasn't shocked, but [felt] validated by the emails"". ""For the longest time, I've tried to explain to people around me that this is happening or these things are being said,"" the winner of the 2013 pageant told NBC. Gretchen Carlson, a former Miss America and a television presenter, said the alleged emails contained ""disgusting statements about women"" and ""vulgar slurs"". In a statement, Mr Haskell said he had been ""under stress from a full year of attacks by two Miss Americas, and while I don't ever want to offer an excuse, I do want to offer context"". But he also said the original story was ""vicious"" with ""conveniently edited emails""."
https://www.bbc.com/news/uk-england-london-55919660,Covid-19: 'Lockdown won't stop our children being exploited',"Jenny, not her real name, from London, said she wished she had known what to look for, as her son got involved in ""county lines"" drug dealing. Her 15-year-old son started to become withdrawn from her and became moody and closed. ""He had a new phone, expensive alcohol and weed and was being suspended from school,"" she said. ""Social services became involved but he was not seen as a risk."" Working every day, Jenny said it was hard to keep tabs on her son, ""Then one day, he said he was going to the gym, and just disappeared,"" she said. ""It wasn't until a good few days of him being missing that I found out from friends talking on social media that he had 'gone up country'. Jenny did some research and came across the Children's Society website which helped her realise her son was being groomed. ""I realised he was being exploited. I felt guilty, that I hadn't spotted the signs"", she said. ""I had no idea that this existed, that people out there prey on children, gain their trust and use them to sell drugs in other parts of England."" According to the Home Office, 2,000 teenagers from London have been identified as having a link to ""county lines"" activity. Charities are seeing a rise in cases of online exploitation and want the public to become more vigilant. The Met Police said gangs are finding new tactics during the pandemic. What are the signs? Police and children's charities say parents should look out for: Becky Fedia from The Children's Society said organised crime groups had not stopped targeting young people during lockdown. ""In fact they've changed their tactics to ensure they're not detected, like putting children in taxis instead of trains when transporting drugs."" She said it was also worrying that many children were missing out on contact they were previously having with teachers and social workers during lockdown. Jenny said her son was exploited by organised criminals, initially to shoplift, but later to carry drugs. He was arrested and faced trial for supplying Class A drugs. She is concerned children are more susceptible to being groomed online now more than ever. ""[Parents] are working from home and thinking [their children are] probably doing online classes, but they could be on their phones, on Snapchat. ""Criminals are always finding new ways to entice children, and I think social media right now is number one for that to show off what you can get if you start working for me."" The Children's Society offers help and support to the parents and carers of children who have been groomed. On Monday it is partnering with British Transport Police to encourage the public to look for signs a child may be at risk of being groomed and exploited. A report by City Hall last year found gang leaders encouraged youngsters to vary dealing hours and locations in order to blend in or justify breaking restrictions if stopped. For Jenny, her relationship with her son is a ""work in progress"" but she says life has improved after receiving help. ""He's done his exams now, got his provisional license"", she said. ""We managed to move and start over again. Our relationship is stronger. ""A lot of parents think think that's not going to happen to their kids. But it can happen to anyone."" Related Internet Links Home - The Met The Children's Society - UK children's charity"
https://www.bbc.com/news/business-25774805,Why gold lost its lustre for investors,"By Ben MorrisBusiness Reporter It is the biggest producer of gold products in the UK and Baird, based in east London, uses scrap metal supplied by pawnbrokers, traders and industry. On the commodity markets, gold prices soared 170% between late 2008 and 2011. On the High Street, ""cash for gold"" traders were springing up and, with a recession taking its toll on household finances, plenty of people were willing to sell jewellery. And at Baird the furnaces were running flat out. ""Two, three years ago there would probably have been a [gold] melt every two hours every day,"" says Tony Dobra, executive director at Baird. ""In 2009 it was a lot of small guys, variations on cash for gold - we must have seen 200 variations on cash for gold."" During the boom years his company was taking in more than 10 tonnes of scrap gold a year and melting it down to gold bars, coins, rings and other products. But last year the supply of scrap jewellery began to slow down. ""Since the summer of 2013 we've seen a lot of the smaller guys just disappear,"" says Mr Dobra. And it's not just the small players that got into trouble in 2013. Profits collapsed at the UK's biggest pawnbroker Albemarle and Bond and it was forced to melt down its own gold just to stay in business. So what happened? Well, on the commodity market prices for spot gold tumbled 28% in 2013. That plunge was prompted by better news on the global economy, particularly in the United States. As a result the US Federal Reserve started hinting that its policy of pumping hundreds of billions of dollars into the economy could be coming to an end. There was always concern that Fed policy could cause inflation and that supported gold prices which have long been seen as protection against rising prices. But with that support gone, gold prices slumped. 'No return' So what does 2014 hold for gold prices? David Jollie, analyst at Mitsui Precious Metals, says: ""Our view is mildly positive, mildly bullish, so we're expecting higher prices but not hugely higher prices. ""We're not expecting a return to where we were a year and a half ago."" He thinks that most people who wanted to get out of their gold investments have probably done so. Patricia Mohr, commodity market specialist at ScotiaBank in Toronto, holds a similar view. She sees average prices this year of $1,270 per ounce, which is roughly where the price finished in 2013. ""Gold prices probably bottomed in late June of last year,"" she said. But she says forecasting the price of gold is tricky as it is mainly driven by speculators on the commodity markets, rather than the supply and demand for physical gold. Huge demand So if the financial markets have driven down the price of gold, where does that leave firms that deal in the real thing? Many gold firms, including Baird, are now focusing on Asia, where demand for gold as an investment and for jewellery is growing. In fact, some buyers there consider gold to be relatively cheap. ""The big buyers of physical gold are in Asia, they are in developing markets, they are in places like China, particularly last year where demand was huge,"" says Mr Jollie. In the first nine months of last year, Chinese customers bought almost 800 tonnes of gold jewellery, bars and coins - a 40% jump on the same period in 2012. For India the figure was 716 tonnes, up 19%, according to figures from the World Gold Council. 'Giant magnet' The next biggest nation in terms of gold buying was Turkey with 159 tonnes. To meet that demand, Baird and Co has recently opened an office in Singapore and ships pallets full of gold from London to East Asia. ""Despite China being one of the world's largest gold producers, it's now the world's largest gold importer and consumer as well,"" says Mr Dobra. ""It's like a giant magnet."""
https://www.bbc.com/news/world-europe-11848048,Fears over 'widespread' EU fraud involving the Mafia,"By Gail ChampionFile on 4, BBC Radio 4 Several bogus Italian companies have fraudulently obtained EU grants for renewable energy projects. Critics say the EU's anti-fraud watchdog Olaf is failing to stop theft and misuse. Olaf insists member states bear the main responsibility to prevent abuse. However, Olaf's acting director general Nicholas Ilett said Olaf was also strengthening its mechanisms to reduce fraud: ""Large sums are going to the Mafia, which clearly they ought not to be. ""We must continue to improve our financial and administrative systems, and better target the specific areas of risks on the ground. This is what we are doing already."" 'A gift' The Structural Fund money is given out by the European Commission in Brussels. The EU-wide budget for Structural Funds is 350bn euros (£295bn) for the latest seven-year period (2007-2013), distributed across 650,000 programmes in 27 countries. The Commission itself estimates that across the EU's 27 member states, in 2009 alone 1.22bn euros' worth of Structural Funds involved irregularities and fraud, which represents a 100% rise on the previous year. On the Italian island of Sicily, one recently-defected Mafia boss revealed just how some of this money was channelled into Mafia hands. Not wanting to be seen speaking to the BBC in public, Antonio Birrittella agreed to a meeting in a private room in a backstreet hotel in the island's capital Palermo. ""All these funds from the EU were seen as a gift to the Mafia, easy pickings, especially the development of wind farms and renewable energy,"" he said. Although now co-operating with the police and other Italian authorities, Birrittella admits to being a former key player in the infamous local Mafia, the Cosa Nostra. With previous ""responsibility"" for extortion in neighbouring Trapani, he claims the modern Mafia has reinvented itself as a ""white collar"" organisation which has siphoned off millions in EU funds, through a combination of shell companies and the infiltration of regional bodies which distribute the subsidies. He claims to have detailed knowledge of how the scams worked: ""First the Mafia had an interest in many of the companies which obtained public funds, and they owned many of the companies which won the contracts to build wind farms, and finally they claimed fake transactions and issued double payment invoices."" He says the organisation used intimidation to obtain the plots of land it needed to build the wind farms, and threatened any construction firms who refused to pay its extortion fees. ""It started with arson on their premises or building sites, burning their trucks and machinery. That was followed up with threatening phone calls. At that point they usually got what they wanted."" Money-laundering With Sicily due to receive a further 6.5bn euros in European structural funding over the next seven-year financial period, there is growing concern about a lack of safeguards to protect the additional money if the region's renewable energy sector continues to attract sizeable subsidies. Forty kilometres (25 miles) from Palermo, the farming region of Camporeale is dominated by rows of large wind turbines which dot the surrounding volcanic ridges. According to the regional anti-Mafia prosecutor Roberto Scarpinato, some of the wind farms here were developed by the Mafia using EU subsidies, which were then used to fund a money-laundering empire. By rotating the millions in EU funds through different front companies, the organisations appeared to be operating legitimately and so attracted further EU grants. ""They took the same amount of money, and they moved it around as if each company had access to its own existing capital. They performed this same trick many times, and every time they received public funds,"" he said. Many of the wind farms have since been sold on to genuine energy companies completely unconnected to the Mafia. Details of the sums involved are slowly starting to emerge. The Italian authorities recently seized a record 1.5bn euros' worth of Mafia assets, which included 43 wind and solar energy companies. 'Tolerate criminality' Back in Brussels, Olaf's director general Nicholas Ilett says the structural funds do have built-in checks and balances. Bill Newton Dunn, Liberal Democrat MEP for the East Midlands who served on the EU's Budgetary Control Committee, praises Olaf for some of its work, but complains that the ""tiny and under-resourced"" service has no power to prosecute when it finds evidence of fraud. And with just 18 investigators looking at the distribution of the entire Structural Fund budget, Nicholas Ilett says the ultimate responsibility for preventing fraud lies with each member state: ""We have done a lot of detailed work on areas subject to Mafia influence, but fighting serious organised crime is not a matter for an administrative service based in Brussels, but for the police and judiciary in the country in question."" However, German MEP Inge Grassle argues the member states are themselves part of the problem: ""We have member states which actively block Olaf and have no interest in really having fraud cases detected. ""At the moment, I'm sorry to say only 7% of cases [highlighted by Olaf] are picked up by the member states. This means that 93% of cases are thrown in the paper basket. ""Therefore we have an investigation unit which is not really effective because after the investigation nothing happens. This means we tolerate criminality. I think that this is really bad news."" File on 4 was produced in conjunction with The Bureau for Investigative Journalism and is on BBC Radio 4 on Tuesday 30 November at 2000 GMT. Or listen via the BBC iPlayer or download the podcast."
https://www.bbc.com/news/newsbeat-55908493,The Only Way Is Essex: Bobby Norris on becoming a Covid vaccinator,"But one reality TV star who's not on the beach right now is Bobby Norris. The Only Way is Essex veteran has become a volunteer vaccinator for St John Ambulance, meaning if you're getting a Covid jab, it might just be Bobby who administers it. ""Covid has affected my family hugely"" Bobby tells Newsbeat. ""My nan lost her partner last year to Covid and I myself contracted the virus just before Christmas."" He says he's ""never felt so rough"". ""I was barely out of bed and I was sleeping 12-14 hours a day. The only positive of that - and there isn't many - was that when I was asleep I didn't feel rough. I almost welcomed 14 hours of sleep."" It was ""then and there"" that Bobby decided he wanted to help. ""I haven't got a magic wand"" Bobby says, but what he did have was experience of vaccinating. ""I'd been injecting my mum everyday when she had leukaemia a few years ago, doing injections was nothing new to me."" So when he found out that St John Ambulance was looking for volunteers, Bobby said ""why not?"" But it wasn't just a case of strolling out of his Essex home and onto the front line, Bobby had to do a lot of training before the jab was put in his hands. He did some online learning about the vaccines, health and safety, how to administer and store the them, and then a face-to-face training day. ""I don't want anyone to be worrying - it's not someone who's just rocked up and rolled in saying 'here I am'. ""There is a lot that goes into it. You have to be assessed and passed as competent. ""I think that so many people are willing and wanting the vaccine now. To know that there's volunteers out there to take pressure off the NHS, it all helps them."" He's now waiting to find out which vaccination centres he'll be working at. When it comes to other reality TV stars jetting off around the world, Bobby is keen to not ""open up that can of worms"". ""Everyone would have made their personal decision"" he says. ""If they truly believe what they were doing was essential work, it's not for me to sit here and judge."" Last week that Home Secretary Priti Patel publicly had a go at influencers, accusing them of ""showing off about which parts of the world they are in"". ""For me the shame of it is that a lot of us are tarred with that brush,"" says Bobby. ""When someone says a reality star it's almost become quite negative over the last few months."" He says he's received ""so many messages and comments"" about it all. ""It's just a huge thing. I just think there's no appetite at the moment to see people on the beach or around the pool."" Bobby says he's happy putting his energy into staying in the UK and ""doing something I know I can do and something I'm passionate about."" Follow Newsbeat on Instagram, Facebook, Twitter and YouTube. Listen to Newsbeat live at 12:45 and 17:45 weekdays - or listen back here."
https://www.bbc.com/zhongwen/trad/china/2015/01/150115_beijing_smog,北京等地再遇十面「霾」伏引網友調侃,"2015年伊始，北京霧霾天氣捲土重來。 北京今日迎來自2014年11月「APEC藍」以來持續時間最長的一次霧霾。 嚴重污染 根據美國駐北京大使館發佈的北京空氣質量實時監控數據顯示，北京時間1月15日18：00的空氣質量指數為484，為嚴重污染。除北京外的大部分華北地區城市，都有不同程度的霧霾天氣。上海，成都，廣州，深圳，香港，等南方城市，也出現了不同程度的污染。 北京官方天氣預報稱，本次霧、霾天氣從新年開始一直持續到今天，而且15日達到頂峰。但是到16日白天，隨著冷空氣到來，霧、霾天氣將自北向南逐步減弱或消散。 網友調侃 中國網友們紛紛在社交媒體公共平台上調侃霧霾天氣，希望能引起相關部門重視。 近年來，中國大部分城市都出現了不同程度的霧霾天氣。尤其以京津冀地區最為嚴重。南方城市也受到不同程度的影響。網絡上更是湧現了一批以霧霾為主題的網絡熱詞，如自強不「吸」，「餵」人民服「霧」等。 新年霧霾捲土重來，中國內地的網友們紛紛在社交媒體公共平台上繼續調侃霧霾天氣，抒發對去年11月「APEC藍」的懷念，語言風趣幽默，希望能以這種方式表達民意，引起相關部門重視。 新浪微博名為「北京霧霾欣賞」的公共平台，自我介紹中寫著：攝影名博，北京風景高清無水印，請隨意轉載。這個賬號每天發佈一張純灰色的圖片，並配以不同的文字說明。 如1月6日，「最近忙著年終有假期歸來各種事情沒有更新，湊合湊合看看最近拍的雲」；以及去年12月21日，「正午時分陽光照在深紅色磚牆後亮藍色臨時工廠的牆壁上有些刺眼」等等。 還有網友表示希望北京多多承辦國際大型會議以及活動，讓市民間接受益，享受國家大事帶來的好天氣。「我期待還有Bpec，Cpec，Dpec,一直到Zpec」。 去年北京霧霾最嚴重的幾天，有網友拍攝央視「大褲衩」晴天和霧霾中的對比圖。因為霧霾中央視大樓完全看不出來輪廓，所以配文字「熱烈慶祝大褲衩發射成功」。這幅網友諷刺的對比圖在社交網站上被網友們瘋狂轉發，以調侃的態度表達民眾對惡劣空氣質量的不滿。 但也有網友發出不同聲音，認為單靠政府的力量無法完全解決霧霾問題。「全國五湖四海的人朝首都湧，家庭轎車更是遍地都是，人口高達數千萬，密度之大難以想像，各種工業配套設施都要跟上，這和日後形成霧霾都是分不開的。霧霾光靠政府治理，估計夠嗆。」 明星助陣 近年來，中國大部分城市都出現了不同程度的霧霾天氣。 不僅普通網民調侃北京霧霾，各路名人也紛紛加入，在社交平台上調侃，希望齊心協力，一起引發相關部門的重視，倒逼政府徹底整治霧霾的決心。 內陸當紅演員賈乃亮去年10月11日發微博，曬出一張霧霾照，表示「一早打開窗簾，我以為我瞎了。」 當天，著名歌手王菲也發微博上傳了一張從陽台看外面的照片，因為霧霾嚴重，白茫茫一片什麼也看不到。她發了兩個字「仙境」，還帶了戴口罩的表情。 湖南衛視當湖主持人謝娜也發出一張在機場的照片，表示要 「逃離霧霾」。 但北京市環境保護檢測中心1月6日發佈官方消息稱，2014年霧霾治理成績斐然。「全市2014年PM2.5年均濃度為85.9微克/立方米，比2013年下降了4%。PM2.5一級優天數比2013年大幅增加了22天，達到93天；重污染天數由2013年的58天降至45天。」 與此同時，也承諾，北京已經制定了空氣治理計劃，納入北京申辦2022年冬奧會的《申辦報告》，通過申辦冬奧會來助推APEC藍成為人民生活新常態。 但是，針對2015年開年之際霧霾天氣的捲土重來，以及廣大網友們通過調侃表達出來的對惡劣天氣的擔心以及對相關部門的不滿，今年政府能否上交滿意答卷，還有待考量。 （撰稿：季昃雯 責編：尚清） 你對文章中的觀點有什麼看法，歡迎使用下表留言。 讀者反饋 北京等地再遇十面【霾】伏，不同的角度，自有不同的看法。有人認為是環保治污政策的失敗；有人認為是象徵當下烏煙瘴氣的社會政治氛圍；有人認為是如詩似畫的桃園仙境；香港天文台則一向美其名之曰【煙霞】，好一個【煙籠寒水月籠紗】的境界！ 孟光, Hong Kong"
https://www.bbc.com/news/entertainment-arts-47740423,Will Gompertz reviews Van Gogh and Britain at Tate Britain in London ★★★★☆,"Will GompertzArts editor@WillGompertzBBCon Twitter The time and ticket expense (a chunky £22 standard price) will be worth it simply to stand in front of Shoes (1886) for a few minutes. It is Van Gogh in top form. Two battered black boots, laces asunder and soles heavy with mud, are left forlornly in the middle of the canvas with no evidence of their exhausted owner. They remind me of late Rembrandt, Vincent's fellow countryman and guiding star, who had the same knack for showing the effects of hard labour with unsentimental honesty. These are the shoes that inspired Beckett's Waiting for Godot and, as you will see in the exhibition, William Nicholson's Miss Jekyll's Gardening Boots (1920). Take your chance to look at Van Gogh's depiction of crusty weariness while you can. It is a masterpiece of his canon, as are two other works in the show, painted when poorly in Provence in 1889: Augustine Roulin (Rocking a Cradle), and Hospital at Saint-Rémy. Oh, and there's Starry Night (1888) and Sunflowers (1888), too. All are stunning pictures, each revealing a slightly different style and approach by the 30-something artist who had more fire in his belly than a power station's furnace. To be in the same space as these paintings is like being hard-wired into the earth's energy supply: you can feel the life force. He didn't merely paint what he saw. He painted what he felt about what he saw. And he felt a lot. Hence the expressive lines, the thick impasto oils, and vibrant colours. Van Gogh didn't so much as wear his heart on his sleeve, he wore it on the end of a fully loaded paintbrush. He was a restless artist in every way; constantly experimenting, obsessively working, and frequently relocating (often after the demise of an intense relationship). He was a peripatetic painter, settling at first in the Netherlands, then Paris, and finally, during his last months, in the South of France. He was, as they say, all over the place. Well, nearly. Despite the title of this exhibition, he never so much as lifted a paint brush during his three-year stay in Britain. The then 20-year old Dutchman arrived one weekend in May 1873, having been sent to London by his employer, the art dealer Goupil. At this point in his life Vincent was more interested in selling art than making it (although he drew a lot). If anything, he was more inclined to follow in his father's footsteps and become a preacher. Or, failing that (which he did), a teacher (also attempted, not a success). But, unbeknownst to him, all those walks along the Thames he so loved to take with a Charles Dickens tome in his pocket and a top hat on his head (""You couldn't be seen in London without one""), were quietly informing his future artistic sensibilities. Britain was priming Van Gogh's canvas. At least, that's what this exhibition argues. And does so convincingly, comparing paintings he would later produce with those he saw in museums and galleries while living in Brixton. For instance, on one wall hangs Meindert Hobbema's The Avenue at Middleharnis (1689), a National Gallery painting that had caught Vincent's eye. While on the opposing wall hangs his own Avenue of Poplars in Autumn (1884). It's not exactly a facsimile, nor is a receding line of trees a motif previously unknown to Van Gogh, but there's enough of a similarity to suggest an influence. A more compelling case is made with Starry Night, which is presented alongside two other artworks: James Whistler's atmospheric Nocturne: Grey and Gold, Westminster Bridge (1871-2), and Gustave Doré's Evening on the Thames (1872). Vincent has clearly noted compositional elements from both images, but more than that, there is the romantic, twilight atmosphere shared by all three pictures, which pull you towards them like a cool drink on a hot night. 1. When Van Gogh was in London he would stop and look as this view painted by James Whistler on his way home, standing for a while and drawing it for pleasure. 2. Vincent bought this print of an Evening on the Thames by Gustave Doré after he left Britain. The nocturnal mood it captures is evident in Van Gogh's Starry Night. 3. It is clear when seen together that Vincent was heavily influenced by both Whistler and Doré. You can detect similarities across all three in terms of composition, light effects on the water, subject, and time of day. The mood changes as you make your way through the show. Sensual evenings give way to anxious old men and prisoners in an exercise yard. The match-ups continue and with them more and more elaborate examples of how Britain was the making of Vincent van Gogh. Frankly, you could construct the same argument about his time in the Netherlands or France. At least, you could for the first half of the show, which is about how a country influenced him. But not for the second part, which focuses on how he influenced Britain. We know that David Hockney is a big fan. So much so, in fact, that there is currently a Hockney show at the Van Gogh Museum in Amsterdam. But he doesn't make the cut in the Tate's exhibition, which concentrates on earlier 20th Century British artists like Walter Sickert, Winifred Nicholson, and - most powerfully - Francis Bacon, who once said about the flame-haired painter from Zundert: ""Van Gogh speaks of the need to make changes in reality, which become lies that are truer than the literal truth."" There is a room dedicated to showing Bacon's three magnificent responses to Van Gogh's lost canvas, Painter on the Road to Tarascon (1888). They should be a wonder to behold, an exhibition highlight from which you can stand back and breathe in. But they are not. The experience of seeing them is compromised by an annoying television screen on the left-hand wall showing a clip from Vincente Minnelli's 1956 Van Gogh biopic Lust for Life. There's nothing wrong with the movie, Kirk Douglas turns in a decent Vincent, but to have its distracting flickering presence in a dark-walled gallery dedicated to three important paintings by Britain's greatest - Van Gogh-inspired - expressionist painter is a crime against art and curating. It is such an insensitive thing to do. There's plenty of space outside the gallery to put the screen. Stick it anywhere, just leave the art alone. There is another audio-visual intervention earlier in the show - again too near a major work (Augustine Roulin, Rocking a Cradle). It is marginally less irritating but still an unwelcome presence. I thought budgets in museums were supposed to be tight and tech expensive. Get rid of it, save the money and reduce the ticket price. The more people who can see the exhibition the better: it is a cracking show boasting one superstar, an excellent supporting cast, and an ingenious narrative that could well be made into a movie - to be seen in a cinema not in an art gallery. Some recent reviews by Will"
https://www.bbc.com/zhongwen/trad/china/2015/12/151216_us_taiwan_arms_sale,美國務院：雖向台售武但仍堅守「一中」原則,台灣總統發言人陳以信指出，馬英九任內平均每年軍購金額達到25.1億美元。 此前，台灣國防部率先對外宣佈了這一消息。台灣總統府發言人陳以信則表示，對於美國多年來持續履行《台灣關係法》及六項保證等安全承諾，提供台灣必要的防衛性武器，台灣總統馬英九已表示肯定與感謝。 而台灣主要反對黨民進黨秘書長吳昭燮也表示，民進黨對美國政府決定向台灣售武表示誠摯謝意和支持。吳昭燮在聲明中還表示，「美國是台灣重要的安全伙伴…售武行動將加強台灣的國家安全以及維持亞太地區的和平和穩定」。 當BBC中文網記者問到，美國國務院是否預期北京方面會對此做出強烈反應時，美國國務院發言人麥奇比則重申：「我們承諾堅守建立在中美三個聯合公報和台灣關係法上的一中原則， 我們對台灣軍售的長期政策已經在6任總統的任期內得到執行。所以（這一政策）已經執行了很長時間。」 「基於台灣防禦需求」 BBC中文網記者繼續追問，這是否意味未來美國會繼續堅持對台灣軍售？麥奇比則回答說：「我們的政策是基於台灣防禦需求，我們的長期政策是幫助台灣提供防禦能力。」 美國上一次對台灣軍售是在2011年9月，因此外界指這是美國開展對台軍售以來，間隔最長的一次。對於為什麼相隔四年多後才再向台灣售武，麥奇比並沒有正面回答，只是重覆說：「我只能說我們對台灣的軍售是基於對台灣防禦需求的考量。」 至於台灣總統發言人陳以信則指出，馬英九任內平均每年軍購金額達到25.1億美元，遠超過前總統陳水扁任內每年平均的10.5億美元，與前總統李登輝任內每年平均的13.5億美元。 一直以來，美國對台軍售都會遭到北京方面的「堅決反對」。而此前美國宣佈對台灣軍售後，北京方面都會中斷與美國的軍事交流。美國國防部長卡特明年計劃訪問中國，為此BBC中文網記者問麥奇比，卡特的訪問是否會因此受到影響。對此，麥奇比的回答是：「我建議你去問中國方面，這不是我能回答的問題。」 （責編：路西）
https://www.bbc.com/news/entertainment-arts-47169949,Juliette Binoche says Harvey Weinstein has 'had enough',"Binoche, who is head of the jury at Berlin Film Festival, said: ""I'm trying to put my feet in his shoes. He's had enough, I think."" She added she had had no problems working with the movie mogul on Chocolat and The English Patient. Weinstein is accused by more than 80 women of sexual misconduct. The allegations go back decades and Weinstein has admitted in the past that his behaviour has ""caused a lot of pain"", but denies any non-consensual sex and has described many allegations against him as ""patently false"". Weinstein is currently facing criminal charges on five counts of sexual abuse, including rape, relating to two accusers - charges he also denies. He also faces a number of civil cases, including one brought by the actress Ashley Judd, one of his earliest accusers. In 2017, Binoche told the French newspaper Le Monde that a film producer had assaulted her when she was 18. Speaking at the first news conference of the festival, the French actress said she had encountered no such issues with Weinstein, but ""could see that he had problems"". She said: ""As a producer he was wonderful, most of the time. I think he was a great producer. That we shouldn't forget, even though it's been difficult for some directors and actors and especially actresses."" Binoche continued: ""I just want to say peace to his mind and let justice do what it needs to do."" The scores of women accusing Weinstein of sexual misconduct fuelled the #MeToo movement founded by Tarana Burke. This resulted in hundreds of women accusing high-profile men in business, government and entertainment of sexual abuse and harassment. Follow us on Facebook, on Twitter @BBCNewsEnts, or on Instagram at bbcnewsents. If you have a story suggestion email entertainment.news@bbc.co.uk."
https://www.bbc.com/zhongwen/trad/world-56973401,中美關係：布林肯譴責中國對外好斗、對內壓制 警告軍事衝突違背美中利益,布林肯日前接受美國CBS電視台《60分鐘》採訪，表示美國不打算遏制中國，但不會允許其破壞國際規範與凖則。他形容中國是「世界上唯一一個在軍事、經濟、外交上有能力損害或挑戰」現有國際規則的國家。 布林肯指，中國相信它能夠並應該成為世界上的主導國家，其在國外的作為越發好斗，對內則加強打壓。 美中關係在過去一年間跌至有史以來的最低點，中方多次呼籲拜登政府改善關係，但拜登政府維持了特朗普時期立下的絶大部分對華政策，包括對中國商品的關稅。 拜登政府就任超過百日以來，對中國政策的框架多有論述，但具體舉措仍處於延續上任政府的「自動駕駛」狀態。 因此，近月來兩國關係沒有大幅度下滑，但亦未有明顯回暖的跡象。兩國高官在阿拉斯加的對話，因為在媒體鏡頭前的唇槍舌戰而引來世人側目。 中國近期加強在西太平洋的軍事部署，南海、台海的局勢持續升溫。對此，布林肯警告，美中間的軍事衝突將嚴重違背兩國的利益。 他在訪問中指，美國不可能完全不與中國打交道，「在兩國關係中存在真正的複雜性，無論是對抗部分、競爭部分還是合作部分。」 將美中關係分拆成這三大項，是拜登政府上台以來對華表態的一貫特點。布林肯此前曾表示，美國的對華方針是「在應競爭的領域競爭，在可合作的領域合作，在必須對抗的領域對抗」。 布林肯雖多番譴責中國在新疆、香港損害人權的政策、不公平的貿易作為以及軍事部署擴張，但他並無表態杯葛2022年北京冬季奧運會。 「我們目前沒有聚焦杯葛的問題。這不是我們在考慮的事情。（冬奧會）是一年以後。」 布林肯在媒體訪問中作上述表態之際，正值他赴倫敦參加七國集團（G7）峰會前夕，呼應拜登政府聯合盟友制衡中國的外交方針。本周舉行的G7峰會為期三天，是兩年來西方國家高層首度面對面開會。印度、韓國、南非和東南亞國家聯盟（ASEAN）的主席國文萊也受邀作為客人參與峰會。 中國將是峰會討論的重要議題之一。布林肯在與英國首相約翰遜和外相藍韜文會面後，美國國務院發表聲明稱英美將繼續採取堅定行動，讓中國與俄羅斯為未能履行國際人權承諾而付出代價。 拜登政府的外交政策與特朗普政府的最大差異在於，注重聯合多國，謀求盟友共識。 美國智庫威爾遜中心的中國問題研究員鐘瑞（Rui Zhong）此前受訪時表示，印度的新冠疫情危機與緬甸軍事政變是對拜登政府亞洲政策的重大考驗。「中國會密切關注美國如何應對區域性問題，因為這些問題的後果會間接影響美國作為亞洲定海神針的自我認定。」 同時，中國成為拜登政府推進國內政策的「推進器」。上周，拜登向美國國會參眾兩院發表演講，中國是貫穿全篇、多次出現的關鍵詞之一。 美國總統拜登的首個100天 雖然拜登尚未對其對華政策作出細節論述，但將他希望推進的國內經濟刺激計劃包裝為增強美國的競爭力，以與中國抗衡。 「美國正與中國和其他國家競爭，爭奪21世紀的勝利，」拜登說。 在演講的後段，他觸及到民主與專制制度的競爭，並提到習近平曾對他說，中國正成為世界上最舉足輕重的國家。拜登說：「我們需要證明民主依然有效，我們的政府仍在運作，可以為人民服務。」
https://www.bbc.com/zhongwen/trad/china/2011/03/110304_china_defense_budget,中國新一年度軍費增長將超過一成,"中國稱軍費增長並不會對任何國家構成威脅。 近年來，中國軍費開支增長，軍方殺手鐧項目不時亮相，引起包括日本、印度在內的亞太鄰國和美國的關注和擔憂，指中國國防現代化缺乏透明度。 中國即將擁有自己建造的航空母艦，並已列裝先進的導彈系統。 中國人大副秘書長兼大會發言人李肇星說，如果獲得本次人大的審核批准，2011年中國國防費預算大約為6011億元人民幣，將比上年預算執行數有所增加，大約增長12.7%。 但他表示，中國國防費預算佔當年中國財政支出預算的6%，與前幾年相比，所佔比重有所下降。 軍費增加 李肇星說，中國在2011年增加的國防預算，主要用於230萬軍隊的設備建設、軍事訓練和人才培養，適當提高官兵的經費保障、軍隊津貼和補助標準。 他說，儘管中國有13億多人口，國土面積大，海岸線長，但中國國防投入在世界上相對較低。 李肇星強調，「中國一貫主張控制國防費的規模，按照統籌經濟建設和國防建設相協調的方針，合理安排國防費用」，中國軍力「不會對任何國家構成威脅」。 中國解放軍據報將進行六年來的第三次全面加薪，正兵團職將官月薪上調到2.2萬元人民幣。 軍方消息人士表示，全面提薪會從去年下半年開始追加，幅度由5%至40%不等，級別越低加薪幅度越高。 2010年中國軍費為5321.15億元人民幣，比前一年增加了7.5%。 讀者反饋 中國軍費高？那麼希望美國的航母不要到台灣海峽，可能嗎？那麼希望北約的炸彈不要丟在我們的大使館，可能嗎？那麼希望1937年的日本人手下留情，不要在南京殺了30萬中國人，姦淫多少中國婦女，可能嗎？那麼希望1998年，印尼的暴徒不要殺害和強姦華人，可能嗎？答案是： 不可能。只要有一天，我們還被敵視，我們就要發展經濟，我們就要強大國防，中國強大了2000年，並沒發展殖民地。這200年給我們的，除了屈辱，還有中國人的強大民族凝聚力。等我們的航母出現在距離華盛頓200海里的區域裏做軍演的時候，我再問你，你能感覺到安全嗎？你們會寫中文，不代表你懂中國，好比我的英文也很流利，但是我不全部接受西方。SWIMMING GDP張,軍費增長率比GDP增長率更多,國家財政收入也比GDP增長多得多,固然導致國進民退,但天朝百姓天真地支持軍費增加。鬼子先生, jp GDP漲了，軍費有理由不漲麼？張鵬, 北京 聯絡/薦言 * 須填寫項目 標簽文章: 這是什麽？ 特別推介 圖輯：解放軍駐港部隊軍營開放日 英國人過節熱衷怪異比賽 《龍進獅穴》中國當代藝術展 白宮晚宴奧巴馬打趣億萬富翁特朗普 圖輯：英國王室發放威廉官方婚照 威廉王子夫婦啟程度蜜月 圖輯：英國王室大婚 銀子的魅力 iPad2開始在亞洲發售 在巴黎住公寓的講究 新聞人物：西藏流亡政府新總理洛桑桑蓋 180萬英國人申請訂購倫敦奧運門票"
https://www.bbc.com/news/world-asia-china-46692071,Ma Jian: China's ex-intelligence chief jailed for life,"Ma had been put under investigation in 2015 and expelled from the Communist Party one year later. He pleaded guilty and would not appeal, a court in the north-eastern Liaoning province said. Many high-ranking officials have been toppled as part of President Xi Jinping's vast anti-corruption drive. Ma Jian was vice-minister in the powerful ministry of state security, which oversees foreign and counterintelligence operations. His case is linked to that of one of China's most-wanted fugitives, exiled property tycoon Guo Wengui, who has published a series of allegations of corruption among top members of the Communist Party. Ma used his position to help Guo Wengui, who now lives in New York, further his business interests, the Dalian Intermediate People's Court said in a statement. He took more than 100m yuan (£11.4m; $14.5m) in bribes and profited by trading stocks based on insider information, it added. ""The defendant Ma Jian's bribery amount was extremely large, and the national and people's interests suffered a particularly heavy loss, which seriously infringed on the integrity of civil servants."" Ma Jian and Guo Wengui could not be reached for comment. More than one million officials have been punished in the anti-corruption drive started by Mr Xi when he took power in 2012, the government says. The campaign has been described by some as a massive internal purge of opponents, on a scale not seen since the days of Mao Zedong, in whose Cultural Revolution many top officials were purged."
https://www.bbc.com/news/uk-england-birmingham-53873957,Birmingham armed police sent to shop in knifeman swoop,"Officers were alerted to an incident at a ""mini market"" on Washwood Heath Road, Birmingham, at about 11:00 BST on Saturday. West Midlands Police said the suspect ran to a nearby park, where he was tracked down by a police dog and arrested by officers at gunpoint. A man, believed to be 25, has been arrested and taken into custody. Supt Jack Hadley described the events as ""very dynamic"", adding ""it was imperative we got officers to the scene"". He confirmed no-one was injured. Follow BBC West Midlands on Facebook, Twitter and Instagram. Send your story ideas to: newsonline.westmidlands@bbc.co.uk"
https://www.bbc.com/news/technology-47830056,Huawei's 'shoddy' work prompts talk of a Westminster ban,"By Leo KelionTechnology desk editor GCHQ's Dr Ian Levy told BBC Panorama the Chinese telecom giant also faced being barred from what he described as the ""brains"" of the 5G networks. The UK government is expected to reveal in May whether it will restrict or even ban the company's 5G technology. Huawei said it would address concerns. Last month, a GCHQ-backed security review of the company said it would be difficult to risk-manage Huawei's future products until defects in its cyber-security processes were fixed. It added that technical issues with the company's approach to software development had resulted in vulnerabilities in existing products, which in some cases had not been fixed, despite having being identified in previous versions. In his first broadcast interview, the executive in charge of the firm's telecoms equipment division said he planned to spend more than the $2bn (£1.5bn) already committed to a ""transformation programme"" to tackle the problems identified. ""We hope to turn this challenge into an opportunity moving forward,"" said Ryan Ding, chief executive of Huawei's carrier business group. ""I believe that if we can carry out this programme as planned, Huawei will become the strongest player in the telecom industry in terms of security and reliability."" 'Very shoddy' However, Dr Levy - the technical director of GCHQ's National Cyber Security Centre - said he had yet to be convinced. ""The security in Huawei is like nothing else - it's engineering like it's back in the year 2000 - it's very, very shoddy. ""We've seen nothing to give us any confidence that the transformation programme is going to do what they say it's going to do."" He added that ""geographic restrictions - maybe there's no Huawei radio [equipment] in Westminster"" was now one option for ministers to consider. Mobile UK - an industry group representing Vodafone, BT, O2 and Three - has warned that preventing Huawei from being involved in the UK's 5G rollout could cost the country's economy up to £6.8bn and delay the launch of its next-generation networks by up to two years. Those already using Huawei's equipment have opted to keep it out of what is known as the core of their networks, where tasks such as checking device IDs and deciding how to route voice and data take place. EE used to make use of Huawei's gear in its 3G and 4G core, but BT is currently stripping it out after buying the business. The industry does, however, want to use Huawei's radio access network (Ran) equipment - including its antennae and base stations. These allow individual devices to wirelessly connect to their mobile data networks via radio signals transmitted over the airwaves. Paper-based communication The US has concerns about any deployment of Huawei's products. ""You would never know when the Chinese government decide to force Huawei... to do things that would be in the best interests of the Communist party, to eavesdrop on the US,"" claimed Mike Conaway, a member of the House Intelligence Committee. The Republican drafted a bill last year to ban the US government from doing business with firms that use the company's equipment. It was later adapted to become part of the National Defense Authorization Act, which was signed into law by President Trump. The effect has been to deter the country's major telecoms networks from working with Huawei. The Chinese company is now suing the US government claiming the move is unconstitutional. The congressman now has his sights on the UK. ""Obviously, the terrific relationship between the UK and the United States - English-speaking countries - is important to maintain,"" Mr Conaway told Panorama. ""But as a part of that we will have to assess what kind of risks we would have in sharing... secrets that would go across Huawei equipment, Huawei networks. ""We can always share things old-school ways by, you know, paper back and forth. But, in terms of being able to electronically communicate, across Huawei gear, Huawei networks, would be risky at best."" This is a matter that crosses political divides. Mark Warner, a Democrat and vice chair of the Senate Intelligence Committee, also cautioned against allowing Huawei to be part of the UK's 5G networks. ""I think that the consequences could be dramatic,"" he said. ""I think there could be a real concern about the ability to fully share information because of the fear that the network that would undergird 5G in the UK, that there might be a vulnerability."" GCHQ's Dr Levy, however, played down such fears saying that efforts to digitally scramble communications meant that even if someone was able to intercept them, they would only get ""gobbledygook"". ""Anything sensitive from a company or government or defence is independently encrypted of the network,"" he explained. ""You don't trust the network to protect you, you protect yourself."" He added that despite finding vulnerabilities in some of Huawei's kit ""we don't believe the things we are reporting on is the result of Chinese state malfeasance"". Ill informed? For its part, Huawei says the Chinese government would never ask it to install backdoors or other vulnerabilities into its foreign clients' systems, and even if such a request were made it would refuse. And Mr Ding dismissed suggestions that this commitment would fall by the wayside if the US and China were to go to war. ""We have a country here that virtually uses no Huawei equipment and doesn't even know whether our 5G equipment is square or round, and yet it has been incessantly expressing security concerns over Huawei,"" he said. ""I don't want to speculate on whether they have other purposes with this kind of talk. I would rather focus the limited time that I have on making better products."" Panorama: Can We Trust Huawei? will be broadcast on BBC One at 20.30 BST this Monday."
https://www.bbc.com/zhongwen/trad/world/2013/11/131116_brazil_officials_jail,巴西腐敗案定罪：前總統高參入獄,巴西前總統府辦公廳主任迪爾塞烏（左）在聖保羅自首。 巴西最高法院向25名去年已被定罪的政治家、銀行家、商人中的12人下達逮捕令。 「大額月度津貼」從巴西公共資金中撥給各政黨。 此案的核心指稱是，巴西國會議員得到這些非法款項/津貼，因此會在重要議題上投票支持政府。 儘管這一腐敗醜聞2005年就被揭露，但是直到2012年底相關人員才被判刑。 巴西前總統盧拉時期的總統府辦公廳主任迪爾塞烏是首先向警方自首的人之一。 迪爾塞烏被判10年10個月徒刑。盧拉本人沒有受到這一腐敗醜聞的牽連。 反腐敗 迪爾塞烏在一封公開信中抗議巴西最高法院的決定說：「我將與以往一樣遵守憲法和法律，但我也抗議和譴責針對我的不公正定罪」。 BBC在里約熱內盧的記者戴維斯說，「大額月度津貼」腐敗案件審判被視為巴西試圖打擊腐敗的檢驗。 巴西最高法院周四（11月14日）判決，多數因此案被定罪的人員必須立即入獄服刑。 針對這些人的逮捕令周五（11月15日）發放。 巴西聯邦警方說，所有被逮捕的犯人將在未來一、兩天內被送往巴西利亞服刑。 巴西前總統盧拉2010年末離職時有很高的支持度，目前仍然是巴西頗受歡迎的政界人物。 （編譯：高志強，責編：立行）
https://www.bbc.com/zhongwen/trad/china/2014/03/140321_tw_protest_byjames,台灣佔領立法院學生表示將擴大抗爭,防暴警察與學生發生衝突 學生們除持續佔領立院外地方，也呼籲聲援者包圍台灣各地的國民黨黨部。 學生領袖林飛帆在宣佈擴大抗爭時說，五天過去，台灣總統馬英九仍然不理會人民訴求，已失去了總統的統治正當性。 目前在立法院議場內的學生估計有數百人。從周五晚間學生們要求外界支持提供的蛙鏡數目來看，人數大約在三百人左右。 學生們請求支持提供蛙鏡是為了對付警方可能對他們發射催淚彈的情況。在周五晚間七點左右學生們通過網絡的實時播放，表示防暴警察正在集結中。 警察驅逐？ 從馬英九被指不理會學生要求，及其即將接任國安會秘書長的親信金溥聰稱佔領立法院行動為暴力不能容忍，這些都被認為是有關方面打算動用防暴警察強力驅趕學生的跡象。 從全台各地被調動到立法院的防暴警察雖然在人數上對佔領議場的學生有絕對優勢。不過在立法院外聲援學生的群眾的數目有所增加。周五隨著情勢變化，民進黨也號召動員，人數目前估計已達數萬人。 這場原本由公民團體在立法院外的抗議，升級到佔領議場的激烈抗爭。現在有擔憂防暴警察會激烈對抗。 擔心及反對動用警察武力驅逐學生的，罕見地包括了警察組織「警聲會」等。「警聲會」及台北地檢署檢察官劉承武具名向台北地方法院控告台灣總統馬英九。 劉承武指出，「警聲會」得到的信息是當局將在今晚動用警力驅趕抗議學生。他說，當局已經預見到強制驅離會有重大傷亡，若馬英九仍下令驅離，導致傷亡，將在他卸任後追究他的傷害罪及殺人罪。 此前，台灣立法院長王金平在20日上午受訪時曾經表示，保護學生安全為主，不會強制驅離。 國民兩黨 除了警察組織罕見的反對鎮壓外，台灣超過七成民意認為服貿協議必須逐條審查。 在此情況下，國民黨內對馬英九的立場也不見得完全贊成。其中最受矚目的是立法院長王金平不出席馬英九早間召開的會議，併發表聲明要求馬英九傾聽民意。 另外，也有國民黨籍有意參選市長的立委表態，支持服貿協議必須逐條審查。 台灣最大在野黨民進黨對於學生們的抗爭則持續聲援。黨主席蘇貞昌說，這次學運是學生的自主行為，該黨完全尊重支持。他並呼籲馬英九應該回應學生要求，誠意解決問題，讓事件和平落幕。 網友如要發表評論，請使用下表：
https://www.bbc.com/news/uk-england-leeds-54985170,Yorkshire Cancer Research: Covid-delayed funding announced,"The Yorkshire Cancer Research funding includes a £1m trial to establish whether vaping products can help people with mental illness quit smoking. The charity said it had been forced to pause its research as clinical and academic health professionals focused on tackling Covid-19. It has now given the go-ahead to six studies involving about 9,000 people. More stories across Yorkshire Yorkshire Cancer Research chief executive Dr Kathryn Scott said: ""Our aim is that at least 2,000 more people survive cancer in Yorkshire every year, and these new trials and research programmes will bring us closer to that goal."" The vaping trial will work with mental health trusts to test whether offering a vaping starter kit to patients who smoke helps increase the number who quit successfully. The proportion of people with mental illness who smoke is extremely high when compared with the general population, the charity said, citing a Public Health England study. Early detection A £3.4m trial will investigate the use of chemotherapy before surgery in patients with bowel cancer. Patients are usually given chemotherapy after surgery, but a previous international trial has shown that giving chemotherapy before an operation can lead to better surgery, reduce complications and improve survival rates. A £1.6m clinical trial will test whether an existing medication that slows prostate growth can reduce the need for extensive surgery or radiotherapy in men with early stage prostate cancer. A £1.5m trial, involving 6,000 people, will assess the possibility of an early detection programme for bladder cancer in Yorkshire, where survival rates are lower than the national average. A £450,000 study will test whether radiotherapy can be made more effective for people with some types of advanced bowel cancer. A £350,000 study will look at ways of improving pain management for patients in the region. Dr Scott said: ""Delays in the diagnosis and treatment of cancer during the coronavirus pandemic mean it's vital that we continue to press forward with our goal to address regional cancer priorities and create a beacon of patient-centred cancer research in Yorkshire. ""Our new research programmes will help prevent cancer, ensure people get the earliest possible diagnosis, and find better treatments to improve survival."" Follow BBC Yorkshire on Facebook, Twitter and Instagram. Send your story ideas to yorkslincs.news@bbc.co.uk or send video here."
https://www.bbc.com/japanese/36328908,【移民危機】難民の自国受け入れ 8割が賛成＝各国調査,マケドニア国境に近いギリシャの臨時キャンプには数万人が足止めされている（写真は今年3月撮影） アムネスティがカナダの民間調査会社グローブスキャンに委託して行った調査では、難民受け入れにどれくらい好意的かを示す「難民指数」を各国に分けて算出した。それによると、中国、ドイツ、英国が高かった一方で、ロシア、インドネシア、タイが低い結果となった。 国民の意見とかけ離れた対応 調査は回答者に、難民受け入れについて、「自宅に招く」「近所に受け入れる」「自分の市（町村）で受け入れる」「自分の国で受け入れる」の各段階、もしくは「全く受け入れない」から選らんでもらった。その後、回答結果から各国の中央値を出した。日本は調査対象の27カ国に含まれていない。 27カ国中トップは指数85の中国で、46％が「自宅に招く」と回答。42％が受け入れの段階で近所、市町村、国のいずれかを選び、6％が「全く受け入れない」と回答した。 ドイツの指数は2位の84で、「全く受け入れない」と答えたのはわずか3％だった。 3位の英国（83）では、58％が国としての受け入れに賛成し、11％が受け入れないと答えた。 移民危機をめぐっては、内戦が続くシリアからの難民に関心が集まっている。 英国政府は、今後5年間で既存の難民キャンプから2万人を受け入れると表明している。ドイツでは、過去1年間でシリア人を中心に100万人以上の移民が入国を許されている。ただし、最近では国境管理を厳格化。流入する移民を抑制しようとする欧州の数カ国と同様の措置を取っている。 今回の調査からは、大勢の難民がすでにいる国でも引き続き受け入れに前向きな国がいくつかあると分かった。ギリシャとヨルダンはそれぞれ65と61で、トップ10カ国に入った。 一方、ロシアの指数は18で各国で最低だった。 しかし、アムネスティは調査結果が全体として、人々が驚くべきオープンさで難民を受け入れようとしているのが示されたと指摘している。 アムネスティのサリル・シェティ事務総長は、「数字自体が物語っている」とし、「人々には難民を歓迎する用意があるが、難民危機に対する各国政府の非人道的な対応は自国民の意見とかけ離れている」と述べた。 シェティ氏はさらに、調査が「近視眼的な政治で戦争や圧政を逃れてきた人々の命を扱う各国政府の恥ずべき行動」を明らかにしたと指摘した。 世界の主要な移民経路（黄色と水色の地域では国境を越えた移動が比較的自由） ＜用語について＞ BBCは、亡命申請の法的手続きを終えていない、移住中の人すべてを「移民」（migrants）と呼んでいる。この中には、戦争で引き裂かれているシリアのような国を逃れて移動し、難民認定される可能性の高い人たちも含まれる。また、各国政府に「経済移民」と分類される可能性の高い、より良い職業や生活を求めて移動している人たちも、「移民」に含まれる。 （英語記事 Migrant crisis: Majority would welcome refugees - survey）
https://www.bbc.com/zhongwen/trad/uk-47870271,從007到女間諜：英國退役特工寫間諜小說,"前英國情報機構女主管裏明頓成了小說家，延續了退役間諜以""知情人""身份寫間諜小說這個英國文學傳統。女性間諜成了她小說中的主角。 裏明頓夫人退出情報界後成了小說家，延續了退役間諜以「知情人」身份寫間諜小說這個英國文學傳統。之前英國退役間諜塑造過風流倜儻的「007」，和更低調真實的「史邁利」，現在裏明頓夫人把女性間諜當作其小說的主角。 冷戰，克格勃 裏明頓夫人最近在英國國家檔案館舉辦的名為「保護和生存」的冷戰專題展覽上發表講話。她回憶說，那時候蘇聯和西方緊張加劇，印度首都""到處都是間諜""，他們都在為間諜活動尋找人力資源。 裏明頓夫人回憶說，冷戰時期蘇聯和西方緊張加劇，各方都在為間諜活動尋找人力資源。 她提到她和她當時在使館工作的丈夫曾一度被克里姆林宮的人接近。他們參加一個""非常左傾的夫婦""的餐會時，意外地被介紹給了一個蘇聯使館的高級官員。不久斯特拉·裏明頓夫人就得知那個俄羅斯男子來自蘇聯的安全機構克格勃。 她說，「在那個時候我是軍情五處的打字員，馬上匯報了這件事，在我看來，把我們介紹給那個蘇聯人，是一次明顯的策反努力。」 「我很快意識到，那個男子來自克格勃，因為我在軍情五處做打字員，我們有個名單，上面顯示被確認為克格勃官員的人，那個人就在名單上。」 「顯然那搭訕是有目的的行動，那可能會導致任何事情發生。我們沒有再和那些人見面。她又說""他們不知道我們的身份，單我們知道他是誰。」 英國女性間諜 間諜小說作者約翰·勒卡雷（John le Carré）曾經也在英國情報部門工作。 後來斯特拉·裏明頓夫人成了軍情五處的首位負責人，是最早進入諜報前沿工作的女性。她入行的模式符合人們熟知的英國情報界的招募模式，即所謂的「輕輕拍肩膀」（把人叫一邊私聊）。 那是在1967年，當時德里英國使館的一名一秘是軍情五處在印度的間諜，她的招募人。在以後的兩年中她聽從此人指揮，1969年她返回倫敦，開始全職為軍情五處工作。 她說，當時在情報系統中，女性是「二等公民」，但是女性同事開始了「靜悄悄的革命」，推動女性作情報工作，之後她迅速升遷。 1992年裏明頓夫人晉升到最高層崗位，成為第一個姓名被公開的軍情五處負責人。斯特拉·裏明頓夫人說，「很奇怪，當我名字被公開的時候，我最擔心我自己的個人安全，以及我的家庭的安全。有人拍了我住房的照片把它發表在報紙頭版上面。」 「我們不得不搬家，其實我們一夜之間就搬了家。」 前間諜寫小說 1934年《一個英國特務的回憶》被好萊塢""華納兄弟""拍成電影《英國間諜》 斯特拉·裏明頓夫人在離開軍情五處後還在一些諸如瑪莎百貨和英國天然氣集團等公司做過非執行董事。她從情報界退休後開始寫小說。 斯特拉·裏明頓夫人在2001年還出版了回憶錄《公開的秘密》。她寫的第一本小說在2004年出版。這部《風險》的小說描寫女性情報官員Liz Carlyle的故事。她的另外一本小說《秘密資產》在2006年發表，2007年發表了小說《非法行動》，2008年發表了小說《死亡線》，2009年《眼前危險》…. 斯特拉·裏明頓夫人擔任過2011年曼布克獎（Man Booker Prize）的首席評委，這是英語文學界的最重要獎項之一。她和其他評委受到許多批評，說他們只側重「可讀性」，忽略了文學質量。裏明頓夫人在布克獎儀式上發言作了反擊，她把英國文學批評者比作克格勃。 007的原型 西方文學作品中最著名的特工007的原型一般被認為是英國外交官和間諜洛克哈特（R. H. Bruce Lockhart）。洛克哈特的父母都是蘇格蘭人。洛克哈特說自己身上沒有一滴英格蘭人的血液。他曾經說過，「蘇格蘭高地人喜歡的東西就兩個：裸體和威士忌""，完全是007的風格。」 退役情報軍官伊恩•弗萊明在戰後成為洛克哈特的好友,並根據他的歷險故事塑造了詹姆士·邦德（007）的間諜形像。 洛克哈特在十月革命後在俄羅斯策劃推翻蘇維埃政權。1918年，洛克哈特和另外一名英國間諜賴利被蘇聯指控陰謀暗殺列寧。 二戰後，洛克哈特和退役情報軍官弗萊明成為好朋友，並對他講述了自己的親身經歷和其他人的冒險。後來，弗萊明根據這些故事塑造了詹姆士·邦德這個世人皆知的捍衛自由世界的間諜形像。 1930年代，洛克哈特出版了自傳《一個英國特務的回憶》，這本回憶成了轟動大西洋兩岸的暢銷書。1934年，他的回憶被好萊塢「華納兄弟」拍成電影《英國間諜》。 英國風格的間諜 在二戰期間及戰後20年中約翰·賓厄姆（John Bingham, 7th Baron Clanmorris）長期在軍情五處作間諜。他退出情報界後成為小說家，寫過17部驚險小說，偵探小說和間諜小說。 勒卡雷塑造的間諜英雄喬治·史邁利被認為是「英國式的間諜」 ： 不修邊幅，有點學究氣，基本上忠誠...... 人們一直說他就是另一位間諜小說作者約翰·勒卡雷（John le Carré）書中的間諜英雄喬治·史邁利（George Smiley）的原型。1999年約翰·勒卡雷證實賓厄姆給了他塑造史邁利的靈感 。 約翰·勒卡雷還說他受到賓厄姆的鼓勵，開始創作自己的第一部小說《死亡的呼喚》（1961）。當時他還是一名軍情五處的官員。 英國間諜小說家約翰·勒卡雷也在1950-60年代在軍情五處和軍情六處工作。他的第三部小說《冷戰間諜》（1963）成為國際暢銷書。文學創作成功後，他離開了軍情六處做了專業作家。 勒卡雷認為007不僅沒有凖確地反映真實的間諜生活，那種描寫甚至有害。他塑造的間諜英雄喬治·史邁利算是某種補救。"
https://www.bbc.com/zhongwen/trad/china/2015/04/150416_iv_wusi_extreme_left,中國學者吳思訪談錄（1）：極左經歷,"1977年身為知識青年時的吳思（照片：吳思提供） 吳思(以下簡稱""吳"")：高二畢業後，1976年，我去北京市的北部山區慈悲峪大隊插隊，那是一個深山裏的村子。當時我是一個極左分子，插隊當了大隊領導，努力要把我的極左理念付諸實現。 陳宜中(以下簡稱""陳"")： 您2006年寫的〈我的極左經歷〉在網上流傳很廣，可否請您從這裏談起？ 吳：1976年已經是上山下鄉的末期了，在北京市，如果沒有特殊理由，都要下鄉，一般至少兩年。有些例外可以不下鄉，譬如說獨生子女，或者兄弟姐妹的年齡間隔在六歲以上。我比我弟弟大六歲，按規定我可以不下鄉，但是我滿腦袋毛澤東思想，極左，就是想到農村去，到最艱苦的地方去。那時最艱苦的地方是西藏，我就想去西藏，但後來沒去成。 陳：您是幹部家庭長大的？ 吳：我父親1947年在東北入了共產黨，當時他十八歲，然後就到了北京，1951年還去朝鮮跟美國人打仗。他回來的時候已經是1956年了，算是最後幾批回來的。後來他調到了七院，有的時候屬於國防科委，有時候屬於海軍，後來屬於六機部，反正是研究艦船的。 我就是在七院的大院里長大的。軍隊大院或機關大院子弟雖說也是北京人，但跟過去的老北京差別很大，老北京都住在胡同裏，大院是集中居住的外來者(跟台灣的眷村有點像)。大院子弟的一個特徵是，自認為天下未來是我們的，我們是共產主義事業的接班人。 《我的極左經歷》 陳：您為何在2006年重提《我的極左經歷》？ 1977年10月，吳思（左二）在山西省昔陽縣參觀時攝於當地的尚怡水庫（照片：吳思提供） 吳：那年剛好是文革結束三十週年，很多人談論文革。我認為多數文章都沒說到根本，最根本的問題是文革所要建立的社會模式和經濟模式，在現實生活中推行困難、效率低，一定得垮台。於是，我就寫了《我的極左經歷》，描述我在農村是怎麼學大寨，怎麼推行毛澤東理想的農業模式。從我親身的經驗出發，我分析為什麼毛澤東模式的動力不足，農民都不幹活、嚴重偷懶，乃至全國吃不飽，最後非改不可。 陳：《我的極左經歷》的最後一段提到，假如將來取代「官家主義」的是某種禁止罷工的資本主義，憑借暴力專工農大眾的政，那您還要再當一回左派。 吳：如果大陸能夠順利實現憲政民主，我就不必回頭當左派了。 陳：您1978年去了中國人民大學中文系。我想追問，您從何時開始對您的極左思想和實驗產生懷疑？您實驗失敗以後，馬上就告別極左了嗎？還是上了大學以後，接觸到各種新思潮，才逐漸變化？ 吳：1976年雖然發生了粉碎四人幫，以及四五運動，但主流的意識型態仍然是馬列主義毛澤東思想。到了1978年以後，有種氛圍很難描述，就是天氣慢慢地暖和起來了，春天來了，但你說不出春天是哪天來的。我們感覺這個世界好像變了，整個意識型態開始鬆動了，過去對於「物質刺激」的激烈批判也不再提了。 但是我上大學的時候，規定要讀的東西還是文革前的，仍然是正統的馬列主義毛澤東思想；批判四人幫也只是說他們背離了這條路線，說他們走到了極左的那一端。學大寨還在講，但是不那麼鋪天蓋地了。我們就隨著這個過程慢慢轉。不是馬上告別極左，從開始懷疑，到輕視，同時尋找新思想。 接觸新思想 所謂新思潮，開始還是馬克思主義體系中的理論，歐洲共產主義，法蘭克福學派，馬克思的早期理論。文藝理論方面寬一點，沙特和弗羅伊德的觀點都可以讀到一些介紹。我們同學的普遍心態是，不願意看官方的東西，不管是報紙還是雜誌，覺得官方的水平太低。我們對馬克思還是很崇敬，特別認真地讀了馬克思1844年《經濟學哲學手稿》，談人的異化問題，談人的本質屬性是什麼；讀起來非常吃力，但是我們覺得包含了非常多有力量的思想。 陳：您插隊時年紀很輕，就二十歲左右。您的極左經歷跟文革造反的紅衛兵有沒有關係？ 吳：大陸的一個特點就是，每一代人都得重新走自己的路，互相之間基本是沒有傳承的。因為批判性的經驗和思想禁止傳播。前一代人經歷過的，對我們來說幾乎不存在，幾乎看不到任何經驗教訓。 譬如，老三屆是在1969年下鄉，他們到了1971-72年就什麼都明白了，可是他們的經驗對我們來說是不存在的。1974-75年那一批新的先進知青向我們做各種講座，說應該怎麼搞，他們怎麼幹成功了，我們聽了覺得很新鮮、很有挑戰性，就凖備跟著他們走。 更有批判性的聲音，只能私下跟你談，你才可能有些體會。他們不會主動跟你談，除非是你的親近朋友，而且一旦談起來，青年人的心理也可能產生牴觸，說這家伙就是一個膽小怕事、沒理想的俗人，未必聽得進去。 以前知青的經歷，或老紅衛兵的負面經歷，對我這一代幾乎不存在，幾乎沒影響。但是他們的成功經驗，所謂的「先進事蹟」，對我很有影響，我對他們創造的業績簡直很神往。我覺得我可以比他們幹得更好。 陳：您對您自己的極左經驗的反思，始於何時？ 吳：一開始，我認識問題、表達問題的方式，全都依賴列寧、斯大林、毛澤東那套話語體系。我的極左實驗失敗了，但我不知道該如何表達。最初我的表述方式是：小資產階級的力量太強大，自私自利的觀念太強大，一時無法戰勝，所以必須適當地做些讓步，不能樹敵太多，只能一步一步慢慢改造。直到大學二年級，我仍然不能表達我在農村的那些失敗，就是消滅自留地的失敗，學大寨的失敗，還有義務勞動的失敗。我耿耿於懷，知道失敗了，可是想不明白。 有天晚上，我夢見我跟毛澤東在一個禮堂看戲，他坐在我三排以前的位置上。我隔著三排問：毛主席，我可以跟您說句話嗎？他說：你說吧！我就翻過了兩排，坐到他旁邊。我說我特別認真地試了，認真學大寨，但這麼搞真的不行，需要像列寧和德國簽訂布雷斯特條約那樣讓步。毛澤東就一臉困惑地看著我，等我說為什麼這麼搞不行。我一肚子事實和經驗，就是不知道如何簡單清晰地向他表達，硬把我憋醒了。 對我來說，不管是在人大，還是去北大聽課，都很少留下深刻印象。老師們通常講的還是文革前十七年的路子，但這並沒有讓我茅塞頓開、豁然開朗。我自己閱讀文藝理論和社會學理論，也沒能解決我內心對社會、對世界的困惑。 相比之下，反而是馬克思主義內部的那些異端的東西比較有深度，例如南斯拉夫中央委員德熱拉斯的《新階級》，意大利學者翁貝托．梅洛蒂談亞細亞生產方式的《馬克思與第三世界》等等。直到大學畢業第二年，我還在重讀四卷本的《馬克思恩格斯選集》，可見當時我對馬克思主義如何尊敬。至少在那個階段，我自己還沒有形成憲政民主思想。 媒體工作生涯 陳：您畢業後被分發到哪個單位？ 吳：我分到中共中央書記處農村政策研究室，主任是杜潤生，就是農村改革智囊團的頭兒。到那裏報到後，又把我分到農村政策研究室的機關報《中國農民報》工作，後來改名叫《農民日報》。從1982到1992年，我在《農民日報》幹了十年。 吳思撰寫的傳記《中國頭號農民：陳永貴浮沉錄》的封面（照片：吳思提供） 陳：您的第一本書《中國頭號農民：陳永貴浮沉錄》跟報社工作有關嗎？ 吳：我的第一本書是和朋友合寫的關於個體戶的調查。《陳永貴》是我在《農民日報》當機動記者的時候寫的，我主要還是想弄明白，為什麼我搞不成大寨。 我自己的實驗很失敗，何以陳永貴幹得那麼好？1977年，北京優秀知青代表團去陳永貴的大寨參觀，我就是團員。那時我已經是生產隊指導員，當大隊副書記，還被我們公社、我們縣樹立為先進知青。去山西看到了陳永貴的大寨，梯田一層一層地從山底到山頂，像長城一般的壯觀，看了以後就自慚形穢。他們能做到，我們怎麼不行？ 我怎麼那麼笨，就是弄不成？我這個""心病""，從1976、1978年直到整個1980年代都存在。我寫陳永貴，就是為了做一番清理，研究他是怎麼成功的？他在全國又是怎麼失敗的？把這說清楚了，就把我當年的失敗也搞清楚了。那本書是1991年開始寫的，認真做了有一年多、將近兩年。 陳：《農民日報》的讀者群主要是哪些人？ 吳：閱讀者多數都是農村的基層幹部，鄉、鎮、縣方面的幹部，發行最多的時候能將近七十萬，後來直線下降，一度跌到十幾萬。純粹的農民讀者不多，但告狀的多。來我們報社上訪的事，幾乎天天有。通過談話、看他們上訪告狀的信，就可以知道農村如何遍地冤案，但是多數案件是沒有新聞價值的。 陳：六四對您有何影響？ 吳：對我最大的影響是，在六四之前，像我們這種大院子弟的特點，就是把自己當成接班人，認為這個黨是我們的黨，這個國家是我們的國家。但六四以後就開始形成獨立的人格了，從此你就是你，我就是我，不是你們的什麼接班人。思想上我也跳出了馬克思主義，不再以學習的態度讀那些書。當時一個心態的變化，就是要尋找新的知識，我想用史學的方式梳理一遍我對中國的觀察。幾年後我開始重新讀史，特別是明史，也嘗試寫過小說。 網友如要發表評論，請使用下表："
https://www.bbc.com/news/uk-scotland-45572527,New Saltire graphic novel at Glasgow Comic Con,"Saltire is a creation of Glaswegian John Ferguson. The comics are published by St Andrews' Diamondsteel Comics. First printed more than two years ago, the comics follow Saltire's encounters with Saxons, Romans, Highland clan warriors and also supernatural beings. The new graphic novel will be unveiled at the weekend's Glasgow Comic Con. Set in a mythological Scotland, the Saltire stories are inspired by historical events and real places. Some of the characters have been inspired by historical events and figures, including the mysterious disappearance of the Roman auxiliary legion the 9th Hispana in Scotland in AD 120 and the Hebrides' medieval Lord of the Isles. Ferguson, who will also discuss his character as a guest at The Lakes International Arts Festival in Cumbria next month, said: ""It's been over two years since our last title so I'm looking forward to seeing all the fans and finally getting the book out there. ""We believe this book is as good, if not better, than it's predecessor so hopefully the fans reaction is just as enthusiastic. Comic Con will be our first chance to find out."" He added: ""Superheroes are a big part of mainstream culture these days and our Scottish protagonist creates a lot of enthusiasm so we're excited to bring him back."""
https://www.bbc.com/japanese/52102071,スペインとイタリア、感染者の増加ペースが下落傾向 封鎖は継続,イタリアの病院の新たに開設された集中治療室で勤務する医療従事者 スペインでは30日、新たに約6400人の新型ウイルス感染が確認された。1日当たりの感染者数としては、ここ1週間で最も少なかった。 ただ、感染者数は8万5195人となり、中国を上回った。 死者は812人増え、7340人となった。カタルーニャ州とバスク地方、首都マドリードで特に感染者が多い。 ＜関連記事＞ 同国政府は厳しい外出制限を4月9日まで延長し、不可欠な仕事を除いて労働者は2週間自宅から出ないよう指示している。3月14日以降、外出が認められているのは通勤と食料品と医薬品の購入、親類の世話だけに限られている。 アランチャ・ゴンザレス外相はBBCに、スペインの感染者数の上昇曲線は平坦になりつつあるようだと述べた。当局者は、スペインにおける新型ウイルス流行は間もなくピークを迎え、新たな感染者数や死者数が減少に転じると期待している。 保健当局のマリア・ホセ・シエラ氏は、外出制限の導入後、新たな感染者数の増加率は前日比で12％となっており、3月25日以前の20％からは減少傾向にあるとしている。 イタリアは死者が前日上回る イタリアでは30日、新たな感染者数は1648人で、前日の3815人から大きく減少した。 しかし、30日の死者数は812人で、前日の756人より増えた。医師の全国組織は、30日に医師11人が死亡したと発表した。これで医師の死者は計61人となった。 同国の新型ウイルス危機のピークは、1週間以内に到来するとみられている。 イタリア政府によると、これまでの死者数は1万1591人に上っている。これは世界で最も多い。 27日までの予定で実施されてきた国内の封鎖は、イースター（復活祭）の日曜日の4月12日まで延長されている。 国民は過去3週間、必要不可欠な場合を除いて外出が認められない、厳しい行動制限のもとで暮らしている。ほとんどの商店やバー、レストランは閉鎖されている。 南部プーリア州の知事は、外出制限は5月まで延長されるべきだと主張している。 その他の国の動向 ・ドイツは30日、感染者数が一気に4751人増えて計約5万7000人となった。同国の死者は541人で、欧州では比較的少ない ・ハンガリー政府は広範な緊急措置を命令できる権限を議会から与えられたと宣言した。オルバン・ヴィクトル首相は権限の適切な行使を誓ったが、人権活動家らは民主主義を損なうと首相を非難している。権限に時間的な制限はなく、当局が不適切と判断した報道をした記者を収監することもできる ・ロシアは感染を抑えようと1200万人が暮らすモスクワの封鎖を開始した ・オーストリアの当局は30日、買い物客に店舗内でのマスク着用を義務付けた ・アメリカは感染者が15万3246人に上り世界最多となっている。2番目に多いイタリアを約5万2000人上回っている ・ナイジェリアやケニアなどで新たに封鎖措置が取られている。インドや南アフリカなどでは封鎖措置が続いている ・中国では新型ウイルスが発生した武漢市と他都市を結ぶ公共交通機関が再開した。同市内での日常生活は通常に戻りつつある 予防について知る 感染症について知る 在宅勤務・隔離生活について知る （英語記事 Spain's coronavirus outbreak 'slowing'／Italy extends lockdown but hopes to turn corner）
https://www.bbc.com/news/entertainment-arts-36964532,Fantastic Beasts and Where to Find Them sequel confirmed,"The news comes three months before the first film, starring Eddie Redmayne, is due in cinemas. JK Rowling, who made her screenwriting debut on Fantastic Beasts, will also script the sequel. Warner Bros said the second film ""moves deeper into an increasingly dark time for the wizarding world"". David Yates - who directed the final four Harry Potter films - will return at the helm, having also directed Fantastic Beasts. Rowling previously said the Fantastic Beasts films - based on her book of the same name - would be a trilogy, but this is the first time Warner Bros has confirmed the plan. The first instalment will be released in the UK and US on 18 November. Follow us on Twitter @BBCNewsEnts, on Instagram at bbcnewsents, or email entertainment.news@bbc.co.uk."
https://www.bbc.com/zhongwen/trad/china/2015/03/150310_china_taiwan_zhulilun,中國國台辦：歡迎朱立倫訪問大陸,"朱立倫以新北市長身份在香港出席第十屆「台港論壇」，並以「城市交流與經濟發展」為主題發表演講。（資料圖片） 中國國務院台灣事務辦公室發言人范麗青回應媒體表示，「我們注意到了朱立倫主席在香港的談話。歡迎他在方便的時候來大陸參訪。」 她說，近年來，國共兩黨在堅持「九二共識」、反對「台獨」的共同政治基礎上，努力增進互信，保持良性互動，促進了兩黨關係和兩岸關係發展，維護了台海地區和平穩定，增進了兩岸同胞福址。兩黨交往形成的積極有益的做法應該繼續保持。 「我們願與國民黨方面共同努力，相向而行，推動兩黨關係和兩岸關係穩步向前。」 「市長身份」 身兼國民黨主席的新北市長朱立倫周一在香港訪問時表示，國民黨會延續「九二共識」和國共交流，國民黨主席赴大陸參與國共論壇是很自然的事。 朱立倫以新北市長身份在香港出席第十屆「台港論壇」，並以「城市交流與經濟發展」為主題發表演講。 但是中央社的報道形容，這將是首位現任國民黨主席到訪香港。 BBC中文網記者也為此電話聯絡香港入境事務處，詢問朱立倫是否申請了訪港簽證，但該部門一名不願透露身份的官員表示，按照有關規定，對於任何個人，無論屬於什麼背景，入境處均不會透露關於個人是否申請入境等方面的相關信息。 「台港論壇」 「台港論壇」在其臉書（Facebook）上的宣傳資料顯示，該論壇的主辦單位分別是遠東貿易服務中心以及亞太台商聯合總會。 遠東貿易服務中心是台灣在沒有正式邦交關係的國家或地區設置的商務辦事處，在香港的遠東貿易服務中心的正式名稱是台灣行政院大陸委員會香港事務局商務組。 不過，當BBC中文網記者電話查詢遠東貿易服務中心時卻被告知，該中心只是協辦機構，並不了解朱立倫參加論壇的詳情。 從以往有關「台港論壇」的媒體報道中可以看到，過去也曾經有不少台灣重要政界人物參加，其中前海基會董事長江丙坤等。而去年舉行的第九屆「台港論壇」則有現任台灣海基會董事長林中森出席。 （撰稿/責編：路西） 網友如要發表評論，請使用下表： 讀者反饋 一隻嘴角淌滴著口涎，披著羊皮的狼向【反璞歸真】的第四代國民黨員招手，且看這些純真得可以的羔羊【何時中計】。 孟光, Hong Kong"
https://www.bbc.com/news/world-europe-jersey-20318503,Jersey financial regulator probing HSBC,"The Jersey Financial Services Commission probe follows the UK's HM Revenue and Customs looking at claims criminals used offshore accounts in Jersey for money laundering. A whistle-blower made the claims to the revenue. HSBC has begun its own investigation. The bank said that it would cooperate fully with the commission. The commission said it was looking at anti-money laundering systems and controls at the bank, and how the whistle-blower's information that alerted the UK authorities was used. Owning an offshore bank account is not illegal for UK citizens. But it is illegal to hide the interest accrued on sums held, and to avoid paying tax on that interest to HMRC. The UK's tax authorities obtained details of ""every British client of HSBC in Jersey"", believed to be about 4,000 account holders, based on information provided by a whistle-blower last week. The commission said it was a legal obligation for banks to report any suspicion of money laundering in Jersey to island's police and customs Joint Financial Crimes Unit. It added that whistle-blowers could also contact it. HSBC said it was pleased the commission had launched its probe, and said it was apologising again to customers. States of Jersey Police said they would not comment on whether there would be any criminal investigations while they were working with the commission and UK authorities."
https://www.bbc.com/news/uk-wales-11733408,Traders meet on Newport's city centre future,"It comes after two major high street chains announced they would pull out of the city centre in the next few months. There are also worries over empty shops and the effect of cutting 250 jobs at the passport office. The meeting takes place on the same day £7.6m of investment has been announced for the regeneration of Butetown in Cardiff. Marks and Spencer and Next recently indicated they will be quitting their Newport city centre shops. It follows the collapse of a deal for the new £200m Friars Walk shopping centre due to the recession. And the Passport Office in the city is to close, with the loss of up to 300 jobs. 'Desperate' Laura Buchanan-Smith of Newport Chamber of Trade told BBC Wales: ""It's more than difficult, it's actually desperate. ""This meeting is for traders to come and tell the council what they want and what they can foresee for the future. ""Hopefully we can get a brighter Newport in the city centre."" Traders want to ask the council for free parking in the centre and a reduction in their business rates to help them out of the current decline. Also up for discussion will be the redevelopment of John Frost Square, following the recent decision not to grant Iceland Foods a judicial review into compulsory purchase order issues. The meeting is being held at the King's Hotel on Thursday at 19.30 BST. 'Confident' Newport Council recently launched its search for a replacement developer for the centre. Council leader Matthew Evans, said: ""We are confident that we will find a partner who will help us deliver a first class scheme that will revitalise the city centre. ""We expect to be able to draw up a short-list of potential developers early next year."" Paul Flynn, Labour MP for Newport West, said it was a ""serious crisis"" but there were good signs. He said he and Mr Evans had been in talks with Marks and Spencer to try and change their mind. He added: ""Losing the development was atrociously bad luck but it was nobody's fault. ""There is a danger that by talking the city down we make things worse. We need to halt the spiral of decline and reverse it into a spiral of improvement."" An assembly government spokesperson said: ""Despite the UK government's proposed closure of Newport passport office, the Welsh Assembly Government is committed to doing all it can to support the city. ""Newport benefits from EU funding through projects such as the JEREMIE Fund, Business Start Up and ProAct, which are helping business to grow and are helping people into work and training to secure a more prosperous future."" Meanwhile the Welsh Assembly Government has announced a £7.6m programme of economic and community investment for Butetown. The scheme is backed by £6.2m from the assembly government, which includes £2m from the European Regional Development Fund and £4.6m from the Targeted Match Fund, and further funding from Cardiff Council. Work will include a new community centre, youth centre, community training centre, grants to improve community premises and social enterprises, and environmental improvements. Minister for Business and Budget Jane Hutt said: ""I am pleased that our management of European Structural Funds is enabling us to move ahead with this project which will bring renewed pride and economic opportunities to those communities living in and around Butetown."" Cardiff Council Leader Rodney Berman added: ""I'm delighted that our bid for funding, to regenerate what has traditionally been one of the most deprived parts of the city, has been given the go-ahead. ""This is a unique opportunity for the people of Butetown and paves the way for long-lasting and sustainable improvements in one of our most needy communities."""
https://www.bbc.com/zhongwen/trad/china/2014/07/140701_pengshuai,彭帥：海峽組合希望促動兩岸友誼,彭帥在接受BBC採訪的時候把比賽延期的心情比喻成為就像蘋果吃了一口 彭帥在接受BBC採訪的時候把比賽延期的心情比喻成為就像蘋果吃了一口，然後你就一直吃不了這個蘋果，然後又咽不下去 - 而且自己還處於落後的狀態。 在周六因雨暫停之前，彭帥和謝淑薇的組合在第一盤以1-3落後，但是三天之後，兩人沒有給對手機會，逆轉以6-3 拿下，緊接著第二盤也以同樣比分取勝。 彭帥指出，周六自己因為手疼而表現不是很好。停賽對自己的手很有幫助，在今天的比賽中調整了戰術。不過她也表示，對手也同樣可以因此調整戰術，其實這些都是相對的。 對於周一自己單打比賽中不敵科維托娃，彭帥說，其實自己打得挺好的，只是對手發揮地非常好，而且草地也是她的強項。「其實我們的比賽打出了一些精彩的球，不過她從力量上比我佔優勢。」 海峽友誼 BBC英倫網記者提到，中國國台辦主任張志軍前往高雄和學生進行座談的時候，曾經以彭帥和謝淑薇為例希望兩岸企業能夠攜手走向世界，而且他也表示，海峽組合可以給大家很多啟示、信心和鼓勵。那麼對此彭帥有什麼想法呢？ 彭帥說，「我和淑薇兩個人的心願真的就是這樣。我們倆真的就是希望海峽組合、海峽的友誼永常存。從我們兩個個人來說，我們沒有想過一些歷史遺留下來的問題。」 她指出，「因為歷史確實留下了很多不完美，這不是我們能夠改變的，但是我和淑薇希望更多地去包容歷史的不完美。」 彭帥還表示，「雖然我們來自不同的地方，但是我們都是黑頭髮、黃皮膚，說著同樣的母語。這也真是友誼之愛，我們也希望這種愛能夠在兩岸關係上持久下去。 由於訓練問題，彭帥的搭檔謝淑薇在一個小時之後才召開記者會，BBC英倫網又向謝淑薇提了同樣的問題，她說，其實自己對於政治真的不關心，只是自己在打球，只不過希望能為兩岸合作向外發出一些正面的能量。那就是，只要你努力做好自己的專業，就有可能獲得一些好的成績。 輸贏乃家常便飯 在周一單打比賽之後，彭帥更新了自己的微博，「在別人的諷刺裏，我學習淡然一笑，因為我讀到了自己的故事；在別人的驕傲裏，我學習謙卑一笑，因為我找到了鏡子裏的自己；在別人的逼迫裏，我學習歡然一 笑，因為我看到了我的未來。在很多不理解，不接納，不願意，不承認裏，我們學習著相視而笑。因為笑容就是笑著去包容一切不完美。」 BBC英倫網記者問她這個微博是否是對自己的單打比賽有感而發，彭帥說，「其實沒有什麼，只不過是希望大家以笑容去面對開心和不開心吧。這不是關於比賽輸贏，因為比賽輸贏太多了。就算我們贏了，我們仍然會面對輸的時候，輸贏其實好長家常便飯。所以我們就需要繼續努力。」 （編寫：林杉；責編：橫路）
https://www.bbc.com/zhongwen/trad/world/2016/07/160728_california_locke,圖輯：美國加州華人「樂居鎮」,但美國加州首府薩克拉門托（Sacramento)附近卻有一座上百年歷史完全由華人建造的城鎮Locke，還有一個十分溫馨的中文名字「樂居」。 樂居鎮位於薩克拉門托南部30英里之外。這座建於20世紀初期的城鎮與美國西部其他城鎮的建築風格迥然相異，城鎮建築完全是中式的，至今仍然有人居住。 1915年，加州南部核桃穀一帶華人民工聚居的地方被一場大火燒燬了，他們希望能建一座有家鄉特色的自己的城鎮。 這些華人大多來自廣東，於19世紀末期來到美國加州，從事繁重的修建堤壩工程。 20世紀初期，加州的法律禁止外國移民擁有土地。於是，這些華人找到擁有大片土地的美國人喬治.勞克（George Locke），請求在他的地面上興建一座華人城鎮。 勞克同意了他們的要求，雙方簽訂了合約。1920年，一個獨具風格的「樂居」鎮建起來了。 這個華人城鎮也吸引了更多華人移民，商業活動也越來越活躍。不僅有飯館、旅店、雜貨店，還有中文學校。國民黨一度還在這裏有一個支部。 20世紀上半葉，樂居鎮熱鬧非凡，不僅有賭場、鴉片館，還有若干妓院，因此曾有「加州的蒙迪卡羅」之稱。 1930和40年代，或許是樂居鎮最興旺的歲月，當時這裏的華裔居民人口達到600多人。而現在，小鎮已經十分蕭條了，常住居民不到百人，而華裔只不過十人。 大多數華裔美國人後來都移居到其他城鎮，特別是第二代華裔美國人大多融入到主流美國社區。不過仍然有些華裔老人情願住在樂居鎮，講自己的方言，完全不在乎周圍的世界如何變化。 現在，「樂居」鎮已經列入美國傳統文化保護項目，成為華裔美國人農業社區歷史的一部分。
https://www.bbc.com/news/uk-wales-south-east-wales-39950869,David Hurn photo archive gifted to National Museum Wales,"The Magnum agency photographer has gifted 1,500 photos taken over his 60-year career and 700 images from his private collection. They include some of his most celebrated work taken worldwide as well as photographs of his native Wales. They will go on display at the museum in Cardiff from 30 September. Over the past six decades, Mr Hurn has amassed a large private collection of images, gathered mainly through swapping works with fellow photographers. They include French humanist photographer Henri Cartier-Bresson and American photojournalist Eve Arnold, as well as emerging talent such as Clementine Schneidermann, whose photographs of Abertillery, in Blaenau Gwent, won the 2016 Leica Oskar Barnack Newcomer Award. Mr Hurn has spent the past two years selecting images from his own archive to create an edit of his life's work for the museum. The collection of 1,500 new prints includes photos taken across the UK, Arizona, California and New York. It features some of his most celebrated work, such as images of debutants at Queen Charlotte's Ball in 1967 and pictures of Jane Fonda on the film set of Barbarella. But photographs of Wales will form the main focus of the collection. 'Privileged' Mr Hurn, who now lives and works in Wales, chose the museum because of the fond memories he had of visiting as a child. ""My earliest visual/cultural memories are visiting the museum when I must have been four or five,"" he said. ""I remember the naughty statue - Rodin's The Kiss - and cases full of stuff that people had donated. ""Well now I have the chance to repay, something of mine will be there forever, I feel very privileged."" Mr Hurn's donation means National Museum Wales holds the largest collection of his work worldwide and the museum said the archive would ""transform"" its photography collections. Director David Anderson added: ""We are extremely grateful to David Hurn for this generous gift, which will drive this important and much needed photography programme for Amgueddfa Cymru, benefiting the people of Wales and those further afield."""
https://www.bbc.com/zhongwen/trad/world-46057354,觀點：美國中期選舉考驗華人「川粉 」,"美國總統特朗普（又稱川普）上任後在下列議題提出重大變革：移民限制，降低稅收，削減福利（包括立志取消奧巴馬醫保），取消少數族裔促進政策，對華貿易和地緣政治大調整，性別認同等等，每一項議題都挑動了在美華人的神經。不難理解，在華人圈，甚至在跨國華人網絡空間（微信，推特等社交媒體為平台），特立獨行、滿嘴跑火車的川普總統像一個巨大的磁鐵，吸附了一批華人粉絲，同時也分化了部分華人。因為這些重大議題對華人造成的分歧模式不是「疊加強化型」（「白人、男性、無大學教育、南部居民、福音派信徒」模式使得特朗普傾向強化），而是「橫向交叉型」（「亞裔女性、新移民、高收入、東北海岸居民、台灣認同」會使得選擇複雜化），所以華人社區的政治爭吵就似霧中看花，有時還因為與中國國內政治粘連，更像是一場泥淖中的爛仗。 美國政治現實是：人氣和財力是政治較量的最關鍵資源。380萬隻佔總人口1.5%的華人影響力必然微不足道。下列因素還在繼續削弱華人影響：內部分裂（大陸/台灣/香港/東南亞背景，老華僑/新華人，第一代/本土出生，反共/擁共等等）、集中都會區而居住又郊區化（當然有中國城居民和郊區居民的差異）、文化障礙（語言、宗教和社區社團等因素）。而且，三分之一以上的亞裔女性與外族結婚（2013年的數字37%），比亞裔男性同類數字高出21個百分點。這一婚姻模式使得未來亞裔族群的政治人氣不會有重大突破。 討論華人或華人「川粉」（Trump fans，特朗普的支持者）與美國中期選舉的關係，重點不在於華人對選舉結果有什麼重大影響，而是這次選舉本身對華人的身份認同、政治參與和未來地位有更重要的意義。如果我們分析東西兩個海岸線的都會地帶（波士頓-紐約-費城-巴爾的摩-華盛頓特區，西雅圖-波特蘭-舊金山灣區-洛杉磯-聖迭戈，加上夏威夷的檀香山）， 這裏已經囊括了250萬還多的華人。而這些地區基本上是民主黨藍營的鐵打營盤，華人基本被鎖定。根據2016年的大選數據，79%的亞裔投票給希拉里·克林頓，18%支持特朗普。高收入想減稅、高學歷抱怨子女被常青藤名校族裔比例排斥、憎恨非法移民或裙帶移民坐享美國福利、保守社會價值觀反對認同政治（尤其是性別/同性戀/變性人等）、華人民主人權運動或台獨期盼救星，所有這些催生了華人「川粉」。但他們被淹沒在藍營，無力翻盤，這激化了他們的受挫感和憤怒。「川粉」的政治特色也由此注定。 示威者在波士頓打出標語，挑戰哈佛大學""歧視亞裔""的招生政策。但也有人認為此舉被利用，作為推翻平權法案的棋子。 要了解華人「川粉」和他們的未來命運，我們必須先了解特朗普其人和他的草根底盤。 對特朗普進行界定和預測最權威的共識是他的不可捉摸和不可預測。這是由諸多因素決定的。首先，特朗普作為土生土長的紐約客，反映了這個城市的優缺點和紐約人的精明狡詐。紐約有「萬惡高譚市」之稱絶非浪得虛名。在搬遷紐約前夕，我的同學（一位老紐約）警告我：那是一個「專業罪犯雲集」的城市，你面臨各種白領犯罪威脅，同時還要具備「街頭生存技巧」。不客氣地說，特朗普就浸淫在這樣的環境下成長的。至於房產開發商的職業名聲基本上和車商齊名，人們不會向他們請教道德原理。 營銷商人的機會主義是特朗普的又一特徵。從政黨歸屬可看到，起初他是民主黨，爾後加入革新黨，然後共和黨，又回到民主黨，最後再變成共和黨。而他變成共和黨的原因之一是共和黨內部混亂不堪，他有機可乘，可以騙傻。在《華盛頓郵報》副主編沃德華德的新書《恐懼：特朗普在白宮》中，特朗普的私人律師約翰·多德在離開白宮時，看到了特朗普致命的而卻無法對他明說的問題：「你就XX的一個騙子！」這個結論成為《恐懼》一書的最後一句結語。 在心理衛生和腦神經病理專家眼裏，特朗普是一個「重度自戀者」、「反社會的人」，有「焦慮紊亂」、「認知障礙」、「情緒兩極症」、「老年癡呆」等症狀。 當然「川粉」們不會接受上述的一些診斷。美國社會目前似乎患上了「情緒兩級症」，「聖化」和「魔化」特朗普，兩派勢不兩立，兩黨派性出現毒化趨勢。其實，特朗普作為一個地產開發商，年輕時還跟著老爸去收租，對底層的洞察和對曼哈頓老牌精英的「自卑自傲情節」使得他敏感覺察到美國的問題，並用底層來撬動建制派。他在政治中使用「槓桿效應」，是其他政治家難以望其項背的。對於社會、政治、軍事和國際問題，他使用的第一標凖是「成本核算」、「投入-產出收益」和「成交」。這與不計成本而試圖解決世界上人類一切苦難的理想主義者們是有區別的。美國傳統保守主義的一個格言是：「如果我把什麼事都做盡了，你又來這世界幹什麼？」所以，美國人的自立、自治和自律的精神也會產生反福利國家的衝動，並回復到「弱肉強食、適者生存」的社會達爾文主義。當美國本身「新邊疆」封閉後逐漸進入資源稀缺時代，經濟危機就會讓許多美國人（尤其是中西部和南部全球化進程中的落伍者，茶黨運動加入到了「川粉」大軍）從後物質主義回復到物質主義，喪失以富蘭克林·羅斯福為代表的自由國際主義派的博大胸懷和同情心。華人「川粉」部分代言人強烈地詆譭「白左」，就是要否定羅斯福的遺產。 而問題是，「四大自由」（言論、敬拜、免於恐懼和免於匱乏的自由）並非只是對美國人說的。它是羅斯福總統在二戰時期對全世界公民的承諾（許多華人「川粉」其實正是這種承諾的最大受益者）。 特朗普的職業背景也很能說明他的政治取向。地產界出身決定了他不同於掌管流動資本的華爾街金融家；本土主義（或者他說的「民族主義」）不同於全球主義。「讓美國更偉大！」也必然是從一萬億美元的國家基礎設施得到體現。本土製造業的復興、美國人的再就業才能服務這項目標。這也是特朗普家族長遠利益所在。 特朗普的魅力還來自於他經常展現出讓人心暖的姿態，而他周邊也有一些親人或幕僚試圖成就他所追求的偉大。比如伊萬卡促使她父親在毒氣事件後轟炸敘利亞、把孩子減稅額度從每人一千美元提到兩千、支持帶薪產假等等。他的幕僚裏也吸納了民主黨傾向的閣員、全球主義者和優異的專業人才。所以，儘管總統經常無端掀起漩渦風暴，但「雙軌制的總統制」（《紐約時報》發表的匿名閣員的文章用詞）還在運行，為美國國家安全和人民利益謹慎地運轉。特朗普政府的對華強硬政策其實並非特朗普本人的個人見解（他時常以為他和習近平的個人私交可以解決一切衝突），而是美國朝野兩黨的共識。 理解了這些複雜背景，我們可以問：特朗普靠不靠譜？其實對美籍華人來說，對特朗普的情感投射得到的結果可能最終是悲劇居多。這不僅僅是因為特朗普的健忘多變，而是他的許多政策對華人來說就是「甜酸醬」。減稅可能會有利於通過留學來美的專業人士家庭，但對中國城的許多新移民就是災難。收緊移民政策、取消裙帶移民（主要是親戚擔保）對看重孝悌的許多華裔家庭無疑是壞消息。白宮內強硬派揚言全面取消中國學生來美留學，更會是千萬中國家庭的夢魘。加徵關稅必然帶來許多華人商家的危機和中國城的蕭條。從2016年大選到2018年中期選舉，華裔選民的變化會被大選結果證實。 最危險的是，在特朗普的默許甚至鼓動下，種族主義在美國回潮。也許有的華人認為自己可以融入「主流社會」從而免受傷害，但現實是，華裔夾在白人和非裔/拉丁裔人之間，如果沒有族裔團結和群體智慧，未來長期遭受超過反猶主義的威脅是大概率事件。以我的近三十年美國生活經歷觀察，華裔與任何族裔的任何矛盾最後都有可能轉化為種族主義的敵視、羞辱和微侵。如果華裔群體沒有認識到，今天美國的許多民權進步主要是黑人民權運動的結果，也是猶太裔、華裔和拉丁裔族群和華裔前輩團結奮鬥的結果，而是對種族仇視和暴力傷害推波助瀾，那打開的將是仇恨的洪水閘門。 那麼，華裔美國人的最佳選擇是什麼呢？在美國兩黨政治體制下，加入和支持任何一個政黨都是一個民主體制下自由的公民行為。美國作為一個具有最悠久民主共和國歷史的國家，理性和講道理、法治原則和民主體制是這個國家的根本。華裔見大押寶、搭順風車只會喪失自己的原則和立場，讓其他族裔詬病，留下長久後患。 從目前的政情、選情來看，共和黨遭遇敗選是一個大機率事件（只是多少的問題）。如何避免在這樣急劇的政治拉鋸戰中成為犧牲品，美籍華人就必須堅持和維護美國的民主自由根本，尊重和珍惜多元社會的寬容和博愛價值觀，避免進一步與有色人種族裔對立，積極展現公民的美德來幫助美國度過當下的民主憲政危機。"
https://www.bbc.com/japanese/52844556,「テラスハウス」最新シーズン打ち切り発表 木村さんの死受け,木村さんの死は日本中にショックを与え、ネット中傷を規制する法律改正を訴える声が上がっている 木村さんは亡くなる直前、インターネットで誹謗（ひぼう）中傷を受けていたことを示唆する気がかりな内容を自身のソーシャルメディアアカウントに投稿していた。 木村さんの死は日本中にショックを与え、ネット中傷を規制する法律改正を訴える声が上がっている。 フジテレビが制作し、ネットフリックスが配信している「テラスハウス」は現在、第5シーズン。 番組のツイッターアカウントは、「木村花さんがご逝去された事について、改めてお悔やみ申し上げます（中略）尚『TERRACE HOUSE TOKYO 2019-2020』に関しましては、制作を中止する事を決定致しました」と説明した。 しかし、番組が完全にキャンセルされたのかどうかは明らかではない。ネットフリックスはBBCの取材に対し、「この非常に愛されている番組の最新シーズンをやめる計画は現在ない」と答えている。 また、木村さんが取り上げられている最新話は現在、日本でのみ公開されていることや、新しいエピソードの公開を無期限延期することなどを明らかにした。 「テラスハウス」は、日本で3人の男性と3人の女性が同居するリアリティー番組。日々の生活にスポットを当てており、番組ではパネリストらがメンバーの会話や仕草を分析するなど、リアルタイムでコメントしていく。 最近ではメンバーのリアルなやりとりや、比較的平穏な生活が人気を集めていた。 ＜関連記事＞ 木村さんは昨年9月から、最新シーズンのメンバーとしてこの番組に参加した。 木村さんは、テラスハウスのファンなどから毎日数百もの中傷ツイートを送られていたと言われている。 日本のメディアによると、日本でのみ公開されているあるエピソードの放映後に、誹謗中傷が加速したという。そのエピソードでは、木村さんが別のメンバーと口論になっていた。 テラスハウスの撮影現場には、木村さんへの花が手向けられた 木村さんは23日未明に自傷した写真と共に「もう人間なんかやりたくない」、「愛されたかった人生でした」、「みんなありがとう、大好きだよ」、「ばいばい」とツイートしており、心配する声が上がっていた。現在これらのツイートは削除されている。 一部のメディアは木村さんの自宅から遺書が見つかったと報じているが、この情報は確認されていない。 高市早苗総務相は、 ネット中傷の被害者が発信者の情報開示手続きを行える現行法の改正を予定していると話した。 NHKによると、高市氏は「制度改正を含めた対応をスピード感を持ってやっていきたい」と話している。 この記事に含まれる内容に影響を受けた方には、心の健康に関する情報をBBCアドバイス（英語）で提供しています。 また、日本の厚生労働省が運営する「知ることからはじめよう みんなのメンタルヘルス総合サイト」も心の健康に関する情報や相談先を紹介しています。 （英語記事 Terrace House cancels season after cast death）
https://www.bbc.com/news/uk-wales-25096911,Wales Coast Path 'adds £32m to economy' in 12 months,"Tourism bosses said it had added ""another dimension"" to the attraction of walking in Wales. The coastal path stretches 870 miles (1,400km) from the River Dee in Flintshire to Chepstow in the south. Work on the path, the world's first round an entire country, began in 2007 with the formal opening in May 2012. A study commissioned by Natural Resources Wales estimated there were 2.82 million visits to the path in the 12 months up to September 2013, Bridgend had the greatest number of visitors at 666,000 followed by Flintshire at 419,000. The overwhelming majority of the visits (94%) were walking for leisure, with 38% of them using it as part of a longer holiday. Cyclists made up 4% of people using the path. Carole Startin, of Tourism Partnership North Wales, told BBC Wales the creation of the path had greatly boosted walking as an attraction to the area. She said: ""Walking has always been an important part of tourism in north Wales. ""You have the Clwydian range, Anglesey, the Llyn Peninsula - all have areas of outstanding natural beauty, and then there's the national parks. ""All those are big draws for people coming here for walking or on holiday. ""The coast path has added a new dimension to that and how we can promote north Wales. ""It is helping to put Wales on the map, not just for the walking but because it's such a unique thing."" The survey, published by Beaufort Research and Cardiff Business School, found average daily spending by people while in the local area (excluding accommodation) was £21.05 per party per day. Those staying overnight spent an average of £57.20 on accommodation. Chris Osborne, a Tenby hotelier who chairs the Wales Tourism Alliance, said the path was boosting business all year round. ""The fact you have something that goes right around Wales, I think, is an opportunity for a huge number of businesses,"" he said. ""What is evident too is that people walk throughout the year, regardless almost of the weather."" The study identified 5,400 tourism-related businesses within 2km (one-and-a-quarter miles) of the route. It estimated the extra business had led to the creation of the equivalent of 112 jobs by firms along the route, though much of that would be comprised of part-time or temporary work. The researchers concluded: ""The Wales Coast Path has added a significant new product to the tourism assets of Wales, and its launch and promotion have raised the profile of Wales and its coastline as well as the path itself."" Culture Minister John Griffiths welcomed the report, telling BBC Radio Wales the path had created a lot of interest both in Wales and abroad. ""It's a great asset for Wales and demonstrates the value of the path to the economy but also the benefits for people who enjoy the coastline,"" he said. ""A lot of people are using it for its health benefits and we want to continue to improve the path and make it as accessible as possible,"" he added."
https://www.bbc.com/news/entertainment-arts-55436473,Craig Revel Horwood wins Celebrity MasterChef at last,"The 55-year-old beat TV presenter Amar Latif, Made In Chelsea star Spencer Matthews and actress Crissy Rock in the second of two Christmas specials. The Strictly Come Dancing judge made it to the final of Celebrity MasterChef in 2007 but was beaten by Nadia Sawalha. ""I really went in there to win it this time,"" he said. ""I thought 'I'm not going to be beaten' and I really enjoyed it,"" he said, although he admitted he had not enjoyed being judged himself, calling the experience ""awful, nerve-wracking and horrid"". The waspish TV pundit paid tribute to the show's makers on Twitter, with the help of one of his Strictly catchphrases. ""I love cooking at Christmas anyway, so doing the Christmas menus was really great fun,"" said the dancer and performer. He said he had yet to receive a trophy for his efforts on the show, which aired on Wednesday on BBC One. ""I haven't got any trophy. I have got a bunch of flowers so I am desperate for that trophy to be in my kitchen. ""I am most upset nothing has arrived,"" he added. ""I don't think they have ordered me one. If they don't I am going to pay for it myself."" The long-time Strictly judge revealed he had already earmarked a place for it in his kitchen, saying ""it has to go on the Aga"". Craig impressed judges John Torode and Gregg Wallace across a number of festive challenges. Announcing him as the winner, Wallace praised ""the technical skill, ambition and flamboyancy"" of his cooking. Earlier this week Janet Street-Porter was seen triumphing in the first Celebrity MasterChef Christmas Cook-Off, which aired on Monday. The TV presenter prevailed at the expense of actor Christopher Biggins, radio presenter Dev Griffin and TV personality Vicky Pattison. The 73-year-old Loose Women star, who previously appeared on the show in 2013, said she had scored ""one for the pensioners"" by winning. Both editions of the Celebrity MasterChef Christmas Cook-Off can now be viewed on BBC iPlayer. Follow us on Facebook, or on Twitter @BBCNewsEnts. If you have a story suggestion email entertainment.news@bbc.co.uk."
https://www.bbc.com/zhongwen/trad/china/2016/09/160909_report_mao_death_taiwan,特稿：那年當毛澤東死訊傳到台灣的時候,毛澤東在許多人心中有著崇高的地位 1976年的9月9日，在台灣一切作息正常，人民也剛剛從蔣介石去世的「噩耗」中恢復過來，副總統嚴家淦接任總統、蔣經國擔任行政院長、好似一切正平穩過渡。 但是從後來的文獻記錄還有在場者的回憶，那一天整個政府繃緊了神經，因為中國的軍隊似乎有「不正常」的調動。 歡欣鼓舞 當時台灣方面懷疑是北京是「有大事」發生，一直到新華社公布毛澤東去世的消息，對台灣當局而言，是相當「振奮」的。 但是對常年以在毛澤東的名字裏面加個「匪」字的台灣國民黨政府而言，其實是又造成了另外一種困擾。 這是因為蔣介石政府向來把毛澤東形容是「魔頭」、「民族罪人」，而且是只要「王師奮起」，中國人民就會「揭竿起義」、推翻「毛匪政權」。 但是實際上，從中國傳出的照片和電影片，卻是大批的民眾也是「痛哭失聲」地哀悼毛澤東的去世，景象就和前一年蔣介石去世的時候差不多。 幾經思考，最後報章、電視、電台先是簡短地報道「毛匪暴斃」，選擇的影片、相片也是盡量不以人民反映為主題。 在媒體報道的翌日，台灣的街頭有人放鞭炮、有人貼標語、掛出青天白日滿地紅的國旗等不同的方式表示慶祝。 而媒體的評論在當時戒嚴的氛圍下，自然是把毛澤東痛批一番，指責毛澤東與蘇聯聯手「竊據國土」、發動文革「破壞中華固有文化」。 四人幫 從當時的當局會議記錄上看來，似乎當局對如何釋出有關毛澤東去世的消息有相當的顧慮。 國民黨當局當時認為即便是所謂的「嚴加批判」，也擔心會所謂的「夜長夢多」，怕長時間的批評或者報道，會產生對國民黨政府不利的副作用。 例如，如果國民黨當時所稱的「匪幫」真的那麼不得民心，台灣人民會不會質疑為何「國府播遷來台」當時已經30年，怎麼還沒有「反攻必勝、復國必成」？ 出於種種的考慮，毛澤東的死訊，也就逐漸地淡了下來，尤其是不久之後發生了江青、張春橋、王洪文、姚文元被捕的「四人幫下台」事件。 國民黨政府的政治宣傳部門也就「順理成章」地將重點轉移到四人幫「倒行逆施」的問題上。 只不過，那一陣子對已經受到嚴格管制的外國報章雜誌更加抓緊審查，例如美國的《時代周刊》、《新聞周刊》就是管制重點。 新聞審查 當年在台灣訂閱或者購買這些進口外文刊物是有一定身份限制的，只有外國人和學術機關才能「合法地」購買。 而訂戶和購買者也發現，以往大約比實際出版日期晚3到4天（因為從美國空運進口加上審查），不過在那段時間卻晚了大約一個禮拜的時間。 雜誌到手之後，目錄中有關中國的標題被大黑筆劃上一條線掩蓋，有關中國報道的那幾頁則是被撕掉，不過當時台灣與美國還有邦交，所以有大使館屬下的美國新聞處，在那裏可以看到「完整版本」。 時光飛逝，40年的時間過去，到台灣的蔣介石，遺體被放在桃園的慈湖暫厝，等著有一天「反攻大陸」，「移靈」安葬，毛澤東的遺體則是在他去世後趕工興建的毛澤東紀念堂中的水晶棺內供人「瞻仰遺容」。 毛蔣之間的爭天下、國民黨和共產黨從對抗到現在的「握手言和」、「九二共識」，但是如今兩岸之間的詭譎變化與毛蔣在世的時候似乎也沒有太大的差別，也還是有不少人還是把兩人形容是「偉人」。
https://www.bbc.com/zhongwen/trad/china/2015/06/150604_ma_ying_jeou_tiananmen,馬英九談「六四」：面對歷史，痛定思痛,馬英九表示，由於兩岸制度間存有巨大差異，兩岸人民心理上產生相當距離，但引用習近平的話說，兩岸人民要「心靈契合」 今年是「六四事件」26週年，也是中國對日抗戰勝利70週年。馬英九說，這兩項重大事件教導同一件事，不論中外，主政者不能迴避傷痛，必須勇敢面對歷史、痛定思痛，才能走出陰霾，邁向未來。 這將是馬英九最後一次以總統身分發表「六四」談話，他特別呼籲大陸當局，正視歷史，走出傷痛，創造更有對話基礎的共同未來。 他指出，30年前台灣從威權走向民主的經驗證明，政治改革或許有陣痛，但不會造成災難，反而成為國家新生的契機。經濟改革與政治改革是鳥之雙翼，相輔相成，缺一就不能振翅高飛。 馬英九強調，他於2008年上任後，在中華民國憲法架構下，以「九二共識、一中各表」為基礎，維持兩岸「不統、不獨、不武」的政策，成功打造出台海兩岸和平繁榮的現狀。7年來的努力，使兩岸關係未來發展，已經有堅持「九二共識」作為共同基礎，倘若大陸更進一步深化民主進程，這就是兩岸未來可以更深入對話的共同基礎。 馬英九指出，過去30年大陸經濟改革成就斐然，但政治改革相對腳步較緩，國際社會對大陸的人權印象，停留在「六四」，凡此種種，不免讓希望兩岸關係未來進一步擴大與深化的人感到失望。 他說，由於兩岸制度間存有巨大差異，兩岸人民心理上產生相當距離。 他引用中國國家主席習近平曾說過的話，指兩岸人民要能「心靈契合」。 「我們認為，要縮短心理距離，要達成心靈契合，和平與繁榮只是必要條件，充分條件則要靠大陸致力推動民主化改革才能達成。」 馬英九認為，政治改革有陣痛，但不會造成災難 馬英九說，他在7年前就職時曾說：「我們真誠關心大陸13億同胞的福祉，由衷盼望中國大陸能繼續走向自由、民主、均富的大道，為兩岸關係長遠的和平發展，創造雙贏的歷史條件」，而「平反六四」，就是為兩岸創造雙贏的重要歷史條件之一。正視歷史，尤其是「六四事件」，「我們認為，這樣的共同基礎會更加穩固」。 他指出，如同每年在台灣不斷紀念、反省1947年「二二八事件」與1950年代「白色恐怖」時一樣，任何政府面對傷痛歷史，都必須就事論事，面對沉痛家屬，更需要將心比心。 馬英九誠懇期望，大陸當局能正視「六四事件」，一方面不能讓悲劇重演，另一方面更應採取必要行動「平反六四」，撫平受難者與家屬所受的傷痛。這樣的行動，必然會對台灣產生極大的正面作用，拉近雙方心理距離，讓兩岸互動有更穩定與更豐富的共同基礎，為後代創造更有開創性的未來。 （責編：列爾）
https://www.bbc.com/news/world-asia-pacific-15292674,South Korea - Timeline,"1945 - After World War II, Japanese occupation ends with Soviet troops occupying area north of the 38th parallel, and US troops in the south. 1948 - Republic of Korea proclaimed. 1950 - South declares independence, sparking North Korean invasion. 1953 - Armistice ends Korean War, which has cost two million lives. 1950s - South sustained by crucial US military, economic and political support. 1960 - President Syngman Ree steps down after student protests against electoral fraud. New constitution forms Second Republic, but political freedom remains limited. Coup 1961 - Military coup puts General Park Chung-hee in power. 1963 - General Park restores some political freedom and proclaims Third Republic. Major programme of industrial development begins. 1972 - Martial law. Park increases his powers with constitutional changes. After secret North-South talks, both sides seek to develop dialogue aimed at unification. 1979 - Park assassinated. General Chun Doo-hwan seizes power the following year. 1980 - Martial law declared after student demonstrations. In the city of Gwangju army kills at least 200 people. Fifth republic and new constitution. 1981 - Chun indirectly elected to a seven year term. Martial law ends, but government continues to have strong powers to prevent dissent. 1986 - Constitution is changed to allow direct election of the president. Return to democracy 1980s - Increasing shift towards high-tech and computer industry. 1987 - President Chun pushed out of office by student unrest and international pressure in the build-up to the Sixth Constitution. General Roh Tae-woo succeeds President Chun, grants greater degree of political liberalisation and launches anti-corruption drive. 1988 - Olympic games in Seoul. First free parliamentary elections. 1991 - North and South Korea join United Nations. 1993 - President Roh succeeded by Kim Young Sam, a former opponent of the regime and the first freely-elected civilian president. 1996 - South Korea admitted to Organisation for Economic Cooperation and Development. Sunshine policy 1998 - Kim Dae-jung sworn in as president and pursues ""sunshine policy"" of offering unconditional economic and humanitarian aid to North Korea. 2000 June - Summit in Pyongyang between Kim Jong-il and South Korean President Kim Dae-jung. North stops propaganda broadcasts against South. 2000 August - Border liaison offices re-open at truce village of Panmunjom. South Korea gives amnesty to more than 3,500 prisoners. One hundred North Koreans meet their relatives in the South in a highly-charged, emotional reunion. Kim Dae-jung awarded Nobel Peace Prize. 2001 - Opening of Incheon International Airport, built on tidal land off port of Incheon. 2002 March - Group of 25 North Koreans defect to South Korea through Spanish embassy in Beijing, highlighting plight of tens of thousands hiding in China after fleeing famine, repression in North. Naval battle 2002 June - Battle between South Korean and North Korean naval vessels along their disputed sea border leaves four South Koreans dead and 19 wounded. Thirty North Koreans are thought to have been killed. 2002 December - Roh Moo-hyun, from governing Millennium Democratic Party, wins closely-fought presidential elections. 2003 October - Biggest mass crossing of demilitarised zone since Korean War: Hundreds of South Koreans travel to Pyongyang for opening of gymnasium funded by South's Hyundai conglomerate. 2004 February - Parliament approves controversial dispatch of 3,000 troops to Iraq. 2004 June - US proposes to cut its troop presence by a third. Opposition raises security fears over the plan. 2005 June - Kim Woo-choong, the fugitive former head of Daewoo, returns and is arrested for his role in the industrial giant's $70bn-plus collapse. In May 2006 he is sentenced to 10 years in jail. 2005 December - South Koreans are shocked by revelations that cloning scientist and national hero Dr Hwang Woo-suk faked landmark research on stem cell research. 2006 October - Foreign Minister Ban Ki-moon is appointed as the UN's new secretary-general. He takes office in January 2007. 2007 February - South and North Korea agree to restart high-level talks suspended since July 2006 in wake of North's nuclear test. Head of the largest South Korean car maker, Hyundai, is jailed for three years for embezzlement. 2007 April - South Korea and the US agree on a free-trade deal after 10 months of talks, although US Congress only ratifies it in 2011. 2007 May - Passenger trains cross the North-South border for the first time in 56 years. 2007 December - Conservative Lee Myung-bak wins landslide victory in presidential election. 2008 February - The country's greatest cultural treasure, the Namdaemun Gate, is destroyed by fire. Financial crisis 2008 October - Government announces $130bn financial rescue package to shore up banking system and stabilise markets amis global financial crisis. 2009 January - North Korea says it is scrapping all military and political deals with the South. 2009 August - Former South Korean president Kim Dae-jung dies; North Korea sends a senior delegation to Seoul to pay its respects. 2009 October - North Korea expresses ""regret"" for unleashing dam water that drowned six campers downstream in South Korea in September. The two sides hold talks aimed at preventing flooding on the Imjin River which spans their militarised border. 2009 November - South and North Korean warships exchange fire across a disputed sea border, and again in January. 2010 January - North accepts an offer of food aid from South, the first such aid in two years. Sinking of warship 2010 May - South Korea breaks off all trade with the North after naval ship Cheonan was sunk by a North Korean torpedo in March. Pyongyang describes the findings as a ""fabrication"" and cuts all diplomatic ties with Seoul. 2010 November - Cross-border clash near disputed maritime border results in death of two South Korean marines. South Korea places its military on highest non-wartime alert after shells land on Yeonpyeong island. Further exchange of fire in August. 2012 July - South Korea begins move of most ministries to ""mini capital"" at Sejong City, 120km south of Seoul. Key ministries will remain in Seoul. 2012 August - Lee Myung-bak becomes first president to visit the Liancourt Rocks, which Japan also claims. Tokyo recalls its ambassador in protest. 2012 October - South Korea strikes deal with the US to almost triple the range of its ballistic missile system to 800km as a response to North Korea's test of a long-range rocket in April. 2012 December - South Korea elects its first female president, Park Geun-hye, of the conservative Saenuri party. She takes office in February. New spike in tensions 2013 January - South Korea launches a satellite into orbit for the first time using a rocket launched from its own soil. Comes weeks after a North Korean rocket placed a satellite in orbit. 2013 March - South Korea accuses North of a cyber-attack that temporarily shuts down the computer systems at banks and broadcasters. 2013 September - North and South Korea reopen Kaesong joint industrial complex and hotline. 2013 December - South Korea announces expansion of air defence zone, two weeks after China unilaterally announced its own extended air defence zone in East China Sea to include disputed Socotra Rock. 2014 March - North and South Korea exchange fire into sea across the disputed western maritime border during largest South-US military training exercise in region for 20 years. Ferry disaster 2014 April - Sewol ferry sinks off west coast, killing at least 281 people, mainly high-school students. 2014 October - North and South Korea engage in rare exchange fire across their land border as South Korean activists launch balloons containing leaflets condemning North Korean leader Kim Jong-un. Gun fire also exchanged when Northern patrol ship crossed disputed western maritime border. US and South Korea again postpone transfer of control over troops in South in event of war with North, citing ""intensifying threat"" from Pyongyang. Transfer due in 2012, and delayed until 2015. No new date set. 2014 December - Constitutional Court bans left-wing Unified Progressive Party, accused of being pro-North Korean. President Park calls for cyber security at key facilities to be strengthened after data on its nuclear reactors is leaked. 2015 March - North Korea fires short-range surface-to-air missiles into the sea in an apparent show of force against annual military drills between South Korea and the United States. 2015 November-December - Mass protests in Seoul against government's economic policy and insistence on schools' using state-approved history books. President impeached 2016 October - President Park Geun-Hye is embroiled in a political crisis over revelations that she allowed a personal friend, with no government position, to meddle in affairs of state. She is later impeached. 2016 December - South Korea's military says its cyber command came under attack by North Korean hackers. 2017 May - The centre-left candidate Moon Jae-in is elected president in a landslide, and pledges to solve the North Korean crisis by diplomatic means. 2018 January - North and South Korea agree to march under the same flag at next month's Winter Olympics in South Korea in a thaw in relations. 2018 April - Kim Jong-un becomes first North Korean leader to enter the South when he meets President Moon Jae-in for talks at the Panmunjom border crossing. They agree to end hostile actions and work towards reducing nuclear arms on the peninsula."
https://www.bbc.com/news/uk-northern-ireland-foyle-west-20691235,Sam Shepard looks forward to City of Culture 2013,"Mr Shepard, whose work has received international acclaim, will stage the world premiere of his working of 'Oedipus' in Derry's Guildhall next year. He is in the city this week for an actor's workshop. He is is looking forward to the play. ""The material we are using is pertinent to the situation here. ""It's not as though we are doing something just for culture, we are doing it for a reason. ""The notion of 'place' is very strong here, this is where something happened. ""We explore destiny, fate, murder, exploitation, origins. ""The fact there is a wall round the city is part and parcel of what is going on in the play. ""I don't think there is anybody who cannot see there are repercussions with what is happening here."" Mr Shepard said it is very important to have art and culture in a society going through transformation. ""Putting this type of play here takes on a different significance than say if we are going to New York. ""Where strife has been in the foreground it is bound to have repercussions, or is bound to have meaning."" Sam Shepard is on his second visit to Derry and said he loves being involved at such close quarters. ""I love being right in the middle of this place with the historical aspect of it. ""I love the people here. ""It's a funny sensation being in a place where you kind of have to tip toe around certain subjects, it's like being in East Germany or something. ""But there is definitely a feeling that something is taking place here, something still is up for grabs. ""It's not like any other place where things where things are just going on. ""Something is happening here, you can feel it."""
https://www.bbc.com/news/world-asia-24649840,Secret memos 'show Pakistan endorsed US drone strikes',"The Washington Post said it had obtained CIA documents and Pakistani diplomatic memos which indicated officials were routinely given classified briefings. Pakistan has responded by repeating its opposition to drone strikes. Analysts have long suspected Pakistan gave tacit consent for such strikes. Pakistan's PM Nawaz Sharif has publicly urged US President Obama to halt such attacks. ""I also brought up the issue of drones in our meeting, emphasising the need for an end to such strikes,"" Mr Sharif said after the two met on Wednesday. The attacks by unmanned US aircraft have been a critical source of tension in the relationship between the countries and came up amid wide-ranging talks between the leaders in Washington. They are also deeply unpopular with the Pakistani public, and Pakistan has consistently stated that they violate its sovereignty. The Pakistani government has responded to the report by repeating its opposition to US drone strikes ""Whatever understandings there may or may not have been in the past, the present government has been very clear regarding its policy on the issue,"" the Pakistani foreign ministry said in a statement. ""We regard such strikes as violation of our sovereignty as well as international law,"" it said, adding that they were also counterproductive. 'Explicit arrangement' The documents obtained by the newspaper focus on at least 65 drone strikes in Pakistan over the last few years and were labelled as ""talking points"" for regular CIA briefings. Although they are marked ""top secret"" they are cleared for release to Pakistan, the paper reports. The Washington Post says the documents provide a detailed timeline of the CIA drone programme ""tracing its evolution from a campaign aimed at a relatively short list of senior al-Qaeda operatives into a broader aerial assault against militant groups with no connection to the 11 September 2001 attacks"". A spokesman for the Pakistani embassy in Washington did not respond to a request for comment from the newspaper and the CIA also declined to comment. Correspondents say the files expose the explicit nature of the arrangement between the countries in the period when neither acknowledged that any drone programme even existed. In 2010 the controversial whistleblowing site Wikileaks released numerous documents relating to Pakistan which showed the Pakistani military and other arms of the government had ""quietly acquiesced"" with drone strikes even though they had publicly condemned them. In August 2008 then Prime Minister Yousuf Raza Gilani is reported to have said: ""I don't care if they do it as long as they get the right people. We'll protest in the National Assembly and then ignore it."" But this latest cache includes documents which appear to refer to a direct Pakistani role in the selection of targets, with the newspaper referring to one 2010 entry describing hitting a location ""at the request of your government"". There is also a reference to a ""network of locations associated with a joint CIA-ISI targeting effort"". Civilian casualties The number of civilian casualties in drone strikes has long been a source of dispute. Local claims of civilian deaths are almost impossible to prove. One reason is the restricted media access in the region. The other is the militants' tendency to cordon off the targeted sites and conduct quick burials. Earlier this week, Amnesty International released a report which said that CIA drone attacks in Pakistan were responsible for unlawful killings, some of which could amount to war crimes. The rights group named several victims who, it says, ""posed no threat to life"". Amnesty said it reviewed nine of 45 recent drone strikes in the volatile tribal region of North Waziristan where many strikes have hit, and found a number of victims had been unarmed. The US has defended its drone strikes in Pakistan and elsewhere. On Tuesday the White House said it took ""extraordinary care"" to ensure they complied with international law and that they were a ""course of action least likely to result in the loss of innocent life"". A recent UN report also found that US drone strikes had killed at least 400 civilians in Pakistan, far more than the US has ever acknowledged. Estimates by other groups such as the Bureau of Investigative Journalism calculate that between 407 and 926 civilians have been killed in Pakistan. The BBC's M Ilyas Khan in Islamabad says that the general impression one gets from talking to elders and correspondents from the tribal area is that drone strikes are for the most part accurate, causing fewer civilian casualties than some reports suggest. Relations between Islamabad and Washington nosedived more than two years ago when US special forces killed al-Qaeda leader Osama Bin Laden in a raid on his hideout in Abbottabad in north-west Pakistan, without giving the Pakistani government advance warning. But in their meeting on Wednesday, Mr Sharif said the US and Pakistan ""have travelled together as friends and allies in defence of freedom and the pursuit of international peace and security""."
https://www.bbc.com/news/uk-england-derbyshire-54273999,Tiny 'teapot' found in Derbyshire garage sells for £390k,"The object, a Chinese wine ewer that may have belonged to an emperor, was found in Derbyshire by the 51-year-old as he went through boxes in a garage. It was expected to fetch between £20,000 and £40,000 but instead sold for more than the average house. The anonymous seller, who almost took it to a charity shop, said he might use the cash to buy a metal detector. The construction worker from Swadlincote added: ""I'm thrilled, this will change a few things for us all. I sat and watched the auction live at home with my brother and family. ""It was tense. I got a few cans of Guinness in beforehand. ""We'll be going for a drink tonight and toasting granddad."" The 8.5cm-high ewer was brought back from China by his grandfather, who was stationed there during World War Two. It spent many years in his mother's display cabinet but eventually ended up in a box in a relative's garage in Church Gresley. But lockdown gave the seller time to properly look through the boxes in the garage. Hansons valuers identified his find as an 18th Century wine ewer which may have been used in the palace of Emperor Qianlong. Auctioneer Charles Hanson said there were two other ""almost identical"" objects in existence and both were housed in museums in Taiwan and China. During the auction eight phone bidders from around the world, including China, battled for the object. It was ultimately bought by a buyer from London. Mr Hanson said: ""This is one of the most important objects I've ever had the privilege of selling. It has to be the best lockdown find ever."" Follow BBC East Midlands on Facebook, Twitter, or Instagram. Send your story ideas to eastmidsnews@bbc.co.uk."
https://www.bbc.com/zhongwen/trad/china/2015/11/151107_xi_ma_analysis,新馬台學者專家點評「習馬會」,三位學者與分析人分別是台灣《聯合晚報》執行副總編何振忠，新加坡「隆道智庫」研究員李氣虹和馬來西亞總理前政治秘書、新加坡南洋理工大學國際研究院高級研究學者胡逸山。 台灣《聯合晚報》執行副總編何振忠 何振忠 （台灣《聯合晚報》執行副總編輯，曾在1993年到新加坡採訪 「汪辜會談」） 這是兩岸進程的大躍進，當然我們一直都是希望它是以循序漸進的步驟在進行的。 從1993年的『辜汪會晤』，是官方授權的民間會晤。之後是1998年『辜汪二會』，然後再到兩岸的官方的層級、兩岸事務的主管官員-國台辦主任跟陸委會主任的見面，都是循序漸進的。 但我們不曉得它會那麼快就提升到兩岸的最高領導人的會晤。我覺得這在全世界的經驗裏面都是少見的。可是它在歷史的必然裏面也是要走到這一步，那我覺得這是好的開始，我當然是期待對於兩岸關係的發展會起得了正面的作用。 李氣虹 （新加坡「隆道智庫」研究員） 新加坡「隆道智庫」研究員李氣虹 習近平為什麼同意與馬英九在新加坡會面，很明確就是要傳達一個訊息給民進黨聽，就是「九二共識」是非常重要的，如果沒有「九二共識」，兩岸關係和平的發展就會變得很脆弱。 習近平在大學裏發表的演講中也特別提到讓兩岸的青年多交流。近年來台灣的選舉民調顯示，60%的受訪者都支持獨立，而且越年輕的越是如此，這也就是為什麼去年發生「太陽花學運」。所以他們（大陸）是針對這個部分，希望多促進交流，縮短距離，培養台灣年輕人與大陸年輕人有一種「命運共同體」的觀念。 這次的習馬會，等於是創造了一個機制，即便明年蔡英文上台，也已設下了規範、條件。如果滿足了這些，習近平也會跟蔡英文見面，兩岸的關係還是會往前發展。蔡英文上台後還是要解決經濟的問題，以目前來說台灣跟大陸的經貿往來已經很密切，不可能隔離的。如果要維持兩岸現狀，就必須想辦法解決大陸對你的信任的問題。 隆道智庫成立不久，由中國入世首席談判代表、博鰲亞洲論壇前秘書長、中國G20研究中心主任龍永圖和新加坡國立大學東亞研究所所長鄭永年帶領。 馬來西亞總理前任政治秘書胡逸山 胡逸山 （馬來西亞總理前政治秘書、新加坡南洋理工大學國際研究院高級研究學者） 這次最大的成就應該就是一個中國的原則，因為在過去台灣政勸輪替之間，當年的九二共識、一個中國的原則都顯得比較鬆動的感覺。 這次不管是國民黨或中共，都希望在台灣政權再一次輪替之前，再一次把一個中國的原則先把它落實、固定下來。 這個見面本身就是一件很有意義的事，雙方領導人都很勇敢地踏出第一步來進行這樣的交流見面。至於是否有更實質的東西，要看下一趟的會面。我們也希望這是一系列的會面，而不是一次的會晤，希望以後兩岸領導人每年都有機會會面。 （責編：晧宇）
https://www.bbc.com/zhongwen/trad/science/2015/07/150722_drone_taipei101_regulation,無人機撞台北101事件：世界各國如何規範？,近年來休閒用途無人機越來越受歡迎，但相關法令仍未完善。（資料圖片） 視頻內容是一架無人機直直往台灣第一高、世界第九高樓「台北101」飛行，沒有轉向，最後撞上台北101下墜。視頻長度約20秒，來自不公開的臉書（Facebook）社團。 影片立刻引發「恐怖襲擊」的聯想，有網民擔心，要是無人機被不法之徒裝上炸彈，將釀成災難。有些人擔心路上的行人和車輛會被無人機擊中，呼籲政府盡快立法加強管理。 台北101發言人劉家豪接受BBC中文網訪問時表示，影片中飛機撞擊到是台北101第34、35樓，為機械樓層及商店，不是辦公區域，對101內部人員沒有造成影響，也沒有遊客受傷，目前觀察大樓外牆也沒有損傷。但101方面仍報警處理，對無人機主人保留法律追溯權。 根據《蘋果日報》報道，無人機主人為中國大陸觀光客，住在附近的五星級飯店，因為看到天氣晴朗因此玩無人機，但因操作不慎而撞上101大樓，他對此表示抱歉。但BBC中文網記者尚未從警方方面得到直接答覆。 「公共安全太重要了」 遭到無人機撞擊的台北101是台灣第一高、世界第九高樓。每天有超過一萬人在裏面辦公，還有三到五萬人在商場購物。（資料圖片） 劉家豪接受採訪時說，這不是台北101第一次被無人機撞擊。從6月底至今已發生3次，6月底那次尤其危險，因為遊客僅距離飛機墜落處兩公尺。 劉家豪呼籲無人機玩家要自我約束，他表示：「每天有一萬多人在101 工作，三到五萬人出入101商場，公共安全太重要了」。他也呼籲警方加強管理，政府也應盡速制定相關法令規範無人機的使用。 台北101外設有保全人員勸阻遊客使用無人機，但在101管理範圍之外就無法規範，劉家豪說。 「各依其法管理」 對這起101事件，台灣交通部民用航空局表示，因為不在飛航管制區內，不是他們的管轄範圍因此不發表評論。民航局向BBC中文網表示，今年6月21日，台北松山機場跑道上發現無人機殘骸事件已報警，由航警局依據民航法處理。而無人機，也就是民航局新聞稿內稱為「民間以休閒娛樂為目的使用之遙控模型飛機」，應在「視距高度與距離內飛行」。 目前並無專門規範無人機的法律，而是隨不同施放地點「各依其法管理」。例如「社會秩序維護法」，在監獄、軍營附近施放須遵守「要塞堡壘地帶法」，在鐵道附近須符合「鐵路法」等，以避免對生命財產、公共安全、國防機密或個人隱私等產生危害。各縣市政府也可以自行規範無人機使用高度與範圍。但中央政府尚未有相關法令來統一規範。 中國推無人機駕照 在台灣還因為無法從無人機殘骸追查出使用者身分，而無法處罰時，中國大陸已經開始試辦「無人機駕照」。中國航空運動協會推出了「遙控航空模型技術飛行員執照」，以上海為首個試點城市。上海市在今年之內可望推出「上海市遙控航空模型飛行管理辦法」，未來依照規定，在公開區域操作遙控航空模型都要持證，非法駕駛還可能被處以5-10天的行政拘留。並建立無人機管理平台，未來無人機買家可能會需要在購機時提供個人信息，以便追蹤無人機使用。 英國機場受干擾 從2014年5月到2015年4月之間，英國民航局已經查到另外六起在英國各地機場發生的，無人機和民航機幾乎擦撞的事件。（資料圖片） 世界上最繁忙的機場之一的倫敦希斯羅機場，也飽受無人機的干擾。 英國民航局在周三表示，在希斯羅機場，一架無人機盤旋於一架起飛中的空中巴士A320班機機體上方六公尺（20英呎）處。 英國民航局表示，如果造成飛安危機，無人機使用者可能會面臨刑責。 無人機使用者必須要了解與飛航相關的使用規範，如果因為使用上的疏失而造成飛航安全，已構成犯罪行為，可能面臨五年有期徒刑，英國民航局官員表示。 英國民航局發佈了一套安全管理規範，相信這可以降低無人機對飛航的干擾。 根據這套「無人機法」，這些休閒用途的無人機只能在視線可及的距離內（大約500公尺，1640英呎）操作，飛行高度不可超過122公尺。在某些意外事件中，無人機違規飛行到2000英呎。 這項規範也標名，載有攝像頭的無人機不能在距離人、車輛或建築物50公尺以內的地方飛行。在大規模人群集會場所，規範的安全距離是150公尺。 英國民航駕駛員協會說：「無人機使用者要把飛航安全放在第一位，並確保他們不會影響到商業載客運輸」。 美國管制商業用無人機 美國將無人機納入航空法。隨著越來多無人機做為商業用途，美國聯邦航空局（FAA）規範55磅以下的商用無人飛行器的使用範圍，包括只能在白天操作、飛行距離與高度也有限制。 台灣方面，民航局表示，要是無人機牽涉到載運貨品等「運輸」行為，會由交通部負責管理。 BBC中文網記者覓雲對本文也有貢獻。 （責編：路西）
https://www.bbc.com/news/uk-england-suffolk-56900155,Ipswich kebab shop death: Teen sentenced for killing Richard Day,"Richard Day, 45, died from a brain haemorrhage after a fight broke out outside Kebapizza in Ipswich at about 00:15 GMT on 23 February 2020. Andrea Cristea, 17, of Freehold Road, Ipswich, who can now be named after reporting restrictions were lifted, was detained for three years and 10 months after admitting manslaughter. Two other teenagers were previously cleared of manslaughter. During the trial at Ipswich Crown Court which led to their acquittal last year, Riel Karmy-Jones QC, prosecuting, said Mr Day was so brutally beaten he fell to the ground within eight seconds. She said he tried to get up, but slumped face down on the pavement and ""effectively died within seconds"". The court heard pathology reports found the victim died from a torn artery on the left side of his neck which caused a brain haemorrhage. Medics at Ipswich Hospital managed to resuscitate Mr Day and he was put on life support, but he died 36 hours later. Cristea also pleaded guilty to violent disorder, but was given no separate penalty for that offence. Find BBC News: East of England on Facebook, Instagram and Twitter. If you have a story suggestion email eastofenglandnews@bbc.co.uk Related Internet Links HM Courts & Tribunals Service"
https://www.bbc.com/news/uk-england-beds-bucks-herts-50837084,Henry Moore statue loan marks Welwyn Garden City centenary,"The 20th Century sculptor's Large Standing Figure: Knife Edge, stands next to the Coronation Fountain in Welwyn Garden City as a curtain raiser to its centenary celebrations. The UK's second garden city was founded by Sir Ebenezer Howard in 1920. The statue has been loaned to the town for the duration of 2020 by the Henry Moore Foundation. Henry Moore died in 1986, but his studio remains at Perry Green, near Ware in Hertfordshire, about 17 miles from Welwyn Garden City. Moore visited the town about 40 years ago at the request of Digswell Arts and he was driven around by Andrew Carnegie, who was one of its trustees. Mr Carnegie died in 2016 and it was his wish to see a Moore in place for 2020. 'Distinctive' statue Howard Cropp, a current trustee, said: ""[Moore] was impressed by the quality of the landscape and urban design. We are delighted that the Henry Moore Foundation has agreed to this loan."" The 5m (16ft)-high statue now standing on Parkway is of a standing human figure and is described as semi-abstract and heavily influenced by Moore's studies of life in nature. Chairman of the WGC Centenary Foundation, which is organising many events for 2020, Peter Waine, said: ""It is a major coup for the garden city to be allowed to display this distinctive bronze statue."" The loan has been sponsored by organisations including The Wheat Quarter, which is behind the proposed arts-led regeneration of the former Shredded Wheat site. In 1919, following his first project, Letchworth Garden City, Sir Ebenezer, bought land for a second town. In April 1920, when the company Second Garden City Limited became Welwyn Garden City Limited, the town was born."
https://www.bbc.com/zhongwen/trad/chinese-news-52962156,肺炎疫情：台灣如何利用網絡黑客防疫,但是，迄今為止（2020年6月8日），在台灣，新冠肺炎僅奪走7人生命，同時沒有出現過全境封鎖。 台灣領導者認為口罩扮演了關鍵角色，但原因恐非你所想像的那樣。 負責信息科技的台灣政務委員唐鳳表示：「口罩的功用首先是提醒我們要正確洗手，其次避免手去碰觸口腔，這是佩戴口罩的主要益處。」 自1950年代以來，台灣人出於健康和其他原因開始佩戴口罩。但2020年新冠病毒的散播引發了口罩搶購潮。為了平衡供給需求，政府與民間廠商合作，將口罩的生產量增加，從每天200萬個增加到2000萬個。 藥房和便利商店排起長隊，這本身就有病毒傳染的風險。因此，政府決定應公開提供有關每個地點口罩庫存水平的數據。唐鳳負責的部門便啟動了一個平台，讓每個口罩供應商都可以隨時更新其庫存數量。 然後，與台灣政府建立了多年牢固關係的黑客（駭客）社區介入了。 它開始利用已公開的數據來構建一系列的口罩實時地圖。 黑客創建了實時地圖顯示口罩庫存數量。 這些地圖為民眾提供了最新信息，告知他們可以在離家或工作地點的哪些地方找到口罩，以及商家的口罩庫存量。 互信 隨著口罩地圖的普及，更多的黑客團隊加入其中，並為視力障礙的用戶添加了「語音使用」功能。 至今，超過1000萬的人使用了這個口罩地圖應用程序。 唐鳳表示，結果是，如今只有少數人不配戴口罩出門，後者也會「感到社會壓力」。 她補充說：「這是黑客第一次真正感到自己像是從事公務資訊工程的設計師。」 「因為此次我們（黑客）實非信任人民，而人民反饋信任給我們。」 不過，台灣政府與民眾之間的關係並不總是那麼順利。 唐鳳解釋，2003年發生的非典疫情（SARS 沙士），當時社會是「十分混亂」。部分原因是中央政府當時未能建立一個中央機構來協調應對措施。 政府之後汲取教訓，於2004年成立了國家衛生指揮中心，確保在未來的危機中，政府機構能夠更好地合作。他們還命令將個人防護設備（PPE）的庫存保持在足以應對任何未來大流行病初期的水平。 2014年，台灣內部政治角力激烈，當時許多民眾衝進並佔領立法院抗議「服貿」法條。抗議者認為這法案若通過，將讓台灣過度接近中國。該次政治示威被稱為「太陽花革命」，因為抗議者將向日葵作為希望象徵。 他們當中便有一群來自民間的黑客，他們合作開發了一些軟體程序，希望運用數據協助解決社會面臨的挑戰。 台灣政府之後邀請他們通過眾包（crowdsource）和分析民眾意見，以更好地影響法律的制定。 軟件工程師唐鳳2016年開始在台灣政府擔任政務委員。 唐鳳（在當時也是一名公民黑客），現在認為台灣政府能迅速對付冠狀病毒之威脅，部分原因是因為過去的危機，使台灣政府提高了應對能力。 因此，當12月底凌晨，當一個「網民」在台灣類似Reddit的網路論壇張貼武漢傳出類似SARS疫情的警訊貼文時，台灣民眾開始表示關切，政府也立即關注此事。該警訊後來證明是參考武漢在地醫生李文亮發出的信息，後者當時讓全世界首次意識到Covid-19病毒。 此後不久，台灣開始對於自武漢返台，並有健康異狀的民眾進行測試與追蹤。 這些工作最後起了作用，台灣有效控制住了疫情。 和假信息賽跑 台灣之所以能夠控制住肺炎疫情，還有其他原因。 地鐵站裏檢測體溫的儀器 不久前，台灣前副總統，同時也是知名流行病學家陳建仁向英國議員解釋，精心設計的追蹤聯繫系統，以及對入境遊客實行嚴格的隔離規定也是防疫大功臣。 但陳建仁也強調，島上「十分民主」的特質，以及其衛生官員為贏得公眾信任所做的努力，是台灣防疫成功之關鍵因素。 當地掌權者不僅回應公民，而且亦響應後者共享的網絡迷因（meme）和其他信息。它幫助政府反駁了虛假信息：譬如製造口罩的材料與廁紙相同。 回應這假信息，台灣行政院長蘇貞昌當時發佈了一個自嘲的卡通片，作為卡通主角蘇搖晃臀部，同時解釋了製造廁紙和口罩材料的不同。 唐鳳稱：「這在網路上大肆流傳。因為政府的策略是以幽默戰勝謠言（Humour over Rumour）。」 該策略使用像推特上吸睛且簡短的貼文，這些帖子希望在網上能比假信息傳播的更快。唐鳳解釋：「多數人有機會在讀到絡謠言之前，就先讀到澄清信息。」 她又開玩笑稱：「那麼他們將具有群體免疫力(herd immunity)，或者，如果是先讀到網絡迷因，則具有書呆子免疫力（nerd immunity）」。 唐鳳表示，在其他國家對政府的信任日漸衰弱之際，對台灣而言，如果第二波疫情襲來，卻反而可以採取一種自上而下的方法。但她補充說，但是「這決策必須由整個社會決定」。
https://www.bbc.com/news/uk-england-stoke-staffordshire-55027801,Stone pub linked to 22 Covid cases faces licence review,"Hundreds were tested for Covid-19 in Stone, Staffordshire, after a video of the Crown and Anchor's packed beer garden was circulated on social media. Stafford Borough Council will now review the pub's licence after an application from Stone Town Council. Customers have leapt to support the pub's licensees. Licensee Custodio Pinto has previously said he regretted being ""complacent"" about the government's rules for businesses operating in the pandemic. The pub was closed for almost a month for a deep clean and risk assessment review, with several more in the town following suit voluntarily to help reduce the spread of the virus, the Local Democracy Reporting Service said. 'Well-loved pub' In a letter of support to the borough council, Stephanie Bromley said: ""Custodio and Theresa [Pinto] made a huge mistake on the evening/weekend in question however, like many others, they are learning how to cope with incredibly difficult, changing circumstances. The Pintos are a well-respected family and have no previous bad record. ""They are not the only people to make a mistake. Please don't make them the scapegoats."" Leanne Leese wrote: ""A lot of us would rather see a pub back open after this awful pandemic than another empty building of a business that has suffered the effects of this. ""The Crown and Anchor is a well-loved pub by myself and many others that I know and we would all be truly saddened to see it go, especially after years of trading in our small town."" The borough council's environmental health department said the licence holder and designated premises supervisor had ""worked closely with the council throughout the investigation and co-operated with all requests in a timely fashion"". The hearing will be held on 30 November. Follow BBC West Midlands on Facebook, Twitter and Instagram. Send your story ideas to: newsonline.westmidlands@bbc.co.uk"
https://www.bbc.com/zhongwen/trad/chinese_news/2012/04/120430_taiwan_taiping_visit,台湾立法委员访太平岛“宣示主权”,在南海緊張局勢日益升高之際，立法委員到太平島視察，被媒體解讀成「台灣不會在南海議題上缺席。 國民黨籍的立法委員林郁芳、陳鎮湘以及詹凱臣搭乘軍機前往這個台灣行政上隸屬高雄市的南沙最大島嶼。 他們在中午抵達太平島，在視察之後，3人已於下午返回台灣舉行記者會。 在視察期間，太平島上的海巡署和軍方人員就目前執勤的情況向立法委員們作了簡報，並且演練了應急戰備程序。 台灣媒體報道說，駐島人員特別向視察的人員說明了，曾經「有效」驅離「侵犯水域的越南船隻」。 台灣曾經在太平島上駐扎重兵，但是90年代之後，駐扎人員改以海巡人員為主，空軍和海軍人員為輔；據稱島上現在總共駐扎了150人。 島上也部屬了迫擊炮、無後座力炮、20機關炮等武器，先前曾經傳出由於南海緊張情勢急劇升高，因此台灣有意在該島部署反艦導彈和大型火炮，但是被台灣否認。 台灣方面的報道說，這次立委們搭乘的軍機必須經過菲律賓飛航情報區，因此台灣軍方曾經通過管道通知菲律賓。 雖然菲律賓也宣稱對該島擁有主權，但是太平島附近的鴻庥島則是由越南佔領；2008年，台灣在太平島修建機場時，曾經受到越南和菲律賓的抗議。 現在台灣固定會派遣軍艦、飛機前往太平島，除了提供島上補給之外，也希望借此宣示台灣對南沙群島的主權宣示。
https://www.bbc.com/news/world-europe-55069045,'Please forgive me!': US tourist returns block of stolen Roman marble,"The fragment was delivered to Italy's National Roman Museum, with ""To Sam, love Jess, Rome 2017"" inscribed on it. In an accompanying note, the pilfering traveller begged forgiveness for having been ""inconsiderate and disrespectful"". ""I feel terribly for not only taking this item from its rightful place, but also placing writing on it as well,"" they said. The person, who officials are assuming is a woman called Jess, said they tried unsuccessfully to remove the marker-pen writing on the stone with ""many hours of scrubbing and cleaning"". Stéphane Verger, the museum's director, told Italian newspaper Il Messaggero that the stone had little value, and was likely stolen from a site like the Roman Forum, once the centre of ancient Rome and now home to the ruins of several important buildings. He suggested the guilt-ridden globetrotter was a young woman who travelled to Rome in 2017 and took the marble stone home as a gift for her boyfriend. But Mr Verger said he was moved by the letter, which was sent from the US city of Atlanta. ""It affected me precisely because she is young woman: she realised she was wrong,"" he said. ""It is a spontaneous gesture, but the fruit of conscious reflection."" Mr Verger speculated that the decision to ask for forgiveness may have been spurred by hardships endured in 2020. He also suggested that Jess might have heard about a Canadian woman who recently returned items she stole during a 2005 trip to Pompeii. The woman in question, known only as Nicole, sent a package containing two mosaic tiles, a piece of ceramic and sections of an amphora (a type of jar or vase) to a travel agent in the ancient city famously left buried after a volcanic eruption. She confessed to the thefts in a letter, saying she believed the artefacts were ""cursed"" and had brought her misfortune, including two bouts of breast cancer. You might also be interested in:"
https://www.bbc.com/zhongwen/trad/china/2015/08/150806_twletter_course_outline,台灣來鴻：課綱再掀台灣意識型態對決,反課綱運動與教育部長吳思華談判破裂。 兩場學生運動相比，太陽花學運的主體是大學生、研究生，反課綱運動的主體是高中生，年紀更小，特別是在經歷一位高中生以自殺來表達抗議的要求後，引發了社會更多的同情，讓「反對反課綱」者也不忍苛責學生，進而把矛頭指向是綠營在背後操弄學生。 中國史觀VS台灣史觀 雖然太陽花學運與反課綱運動，都是以「反黑箱」的決策不透明，作為抗爭的施力點，但是太陽花學運因為觸及更複雜的國際經濟與產業分工，讓潛藏於內的統獨爭議蒙上了一層面紗，相形之下，反課綱運動雖也有對於程序的質疑，卻更趨近於統獨問題的核心，即「你是站在突顯中國正統性的中華民國史觀？還是站在以台灣為主體的台灣史觀？」。 反課綱者認為，新課綱把中性的「接收台灣」改為「光復台灣」、增加了晚清時期包括孫中山等人來台尋求台人支持，以及台人參與革命及中華民國建立，皆是意欲凸顯中國史觀的正統性；贊成新課綱者，認為新課綱中把「日本統治」改為「日本殖民統治」、「慰安婦」改為「婦女被強迫做慰安婦」是理所當然，「有哪一位婦女是自願去做慰安婦？連日本自己都承認在台灣實行殖民政策，我們為什麼不能用殖民？」 這一次的反課綱運動，雖然學生人數少得多，但引起台灣內部的衝突，卻有過之而不及。 誰主政，就換一次課綱 由於台灣實行「一綱多本」的教育政策，不同的出版社需依據課綱來編撰教科書，雖然課綱中未提及的部份，各家出版社可以自行決定是否寫進教科書中，但是明訂在課綱中的部份，就一定要寫進去，因此課綱之所以引起高度關注，主因在於許多人認為這對孩子的歷史認知，具有「洗腦」的作用，因此不論贊成者、反對者，雙方態度都非常堅持。 事實上，課綱爭議在台灣並非第一次發生；陳水扁主政時曾經頒布的「九五暫綱」，是變動最大的一次，也是首度將台灣史脫離中國史獨立成冊，把一九四五年以前的中華民國史列為中國史，一九四五年以後部份改為台灣史，「日據」也改為「日治」，並增加了舊金山和約等獨派所主張的「台灣未定論」等立論基礎，當時也發生了諸多爭議，引起國民黨立委聯署要求暫緩課綱實施，但是當時的教育部長杜正勝強調：「已公告的課程綱不能隨意喊停，否則牽連層面太大。」此一理由，與如今教育部長吳思華，拒絕學生撤回或暫緩實施新課綱的說法，幾無二致。 對照前後兩次課綱變動，綠營主政，就修改成台灣史觀的課綱；藍營主政，就修改成中國史觀的課綱；似乎應驗了「歷史的話語權，是掌握在執政者手中」，只是台灣四年選一次總統，更多人憂心：「是否誰主政，就得換一部不同史觀的課綱？」 歷史不是灌輸，是探究思辨 憑心而論，每次執政者對於歷史課綱的修訂，目的都不在教育，而是在「灌輸」，意欲將年輕學子培養成為自己意識型態的信陡，然而歷史，何止是一部課綱、一本教科書？因此有些歷史學者開始呼籲：「與其執拗於歷史學什麼，不如更關注歷史該如何學？」 因為歷史並非一成不變，所謂的「史實」，隨著史料陸續出現、視野轉換，都可能出現不同的詮釋，學生上歷史課，不該只是為了背一堆考過就忘的史實，更該學習的是一種「探究」的方法，若能了解不同觀點是如何產生、彼此的衝突又在哪裏？才能培養出學生的思辨能力，或許，這才是歷史教育的成功。 （責編：董樂） 網友如要發表評論，請使用下表： 讀者反饋 與其說台灣新課綱是意識形態對決，不如說台灣是否要面對現實？中華民國究竟是否還要虛幻地包括中國大陸？中華民國就是台灣，中華民國在五月份綜合所得稅的征收申報對象係台灣人民，不包括中國大陸民眾。因此硬要將中華民國包括中國大陸，只不過是要讓台灣學生變得虛假；學的是一套，實際生活認知又是另外一套，難道這就是台灣教育的期望嗎？？！記得個人的一個深刻體驗，為了堅持中華民國法統，我們退出聯合國，當時的政府要求台灣人民要「莊敬自強，處變不驚」，告知台灣人民退出聯合國沒有什麼影響。真的沒有什麼影響嗎？現在的台灣人民才了解我們被蒙蔽了，退出聯合國，台灣喪失了所有國際組織會籍，真的成為一個國際孤兒，只能依賴美國等協助維持我們的886國碼和其他一些類似既有的權利。但這一切都已經太慢、來不及了！！台灣人民真的希望自己的小孩接受這種虛偽的大中國教育？？還是一種無奈？？這和殖民有什麼差別？？悲哀台灣！！ 未署名 一群學渣的狂歡 未署名
https://www.bbc.com/news/uk-england-somerset-17727262,Council leader Ken Maddock goes for police commissioner role,"Ken Maddock will find out in June if he has been selected by his party as their preferred candidate. ""This is a very important job that needs to be done and I think I could do it really well,"" he said. Police and crime commissioners will be elected in 41 areas across England and Wales on 15 November. Mr Maddock said: ""I've got experience of business and making the pounds go further. ""I also think I can listen to people, consult with them, find out what's on their mind so I can turn that into action."" The position of council leader will be ratified at the full council meeting on 16 May. In December Bath councillor Lisa Brett put herself forward for selection as the Liberal Democrat candidate for the police commissioner role."
https://www.bbc.com/news/uk-wales-politics-43501659,Welsh councils clash with Alun Davies on merger plans,"Alun Davies told a meeting in Cardiff that unless councils embraced change, ""they will be shaped by that change"". Newport council leader Debbie Wilcox accused him of recycling failed plans. She got a standing ovation at the Welsh Local Government Association (WLGA) gathering for claiming councils had done ""all the heavy lifting"" on cuts. Responding to criticism from a fellow Labour politician, Mr Davies said that such an impassioned debate ""made good television, but not good politics"". The exchanges on Friday came just days after Mr Davies published plans that could see Wales' 22 councils cut to as few as 10. Previous merger plans were scrapped after the 2016 assembly election in favour of forced regional joint working, which Mr Davies says is still an option. However, he has told AMs he did not believe his ""vision of powerful, robust and energised local government can be built without a serious debate about local government structures"". Wrexham council's independent leader Mark Pritchard described the ongoing debate about local government reform as ""a cross between Fawlty Towers, Some Mothers Do 'Ave 'Em and Yes Minister"". Dyfrig Siencyn, Plaid Cymru leader of Gwynedd council, suggested to Mr Davies that he had ""got the message' from council leaders that there was little support for his proposals. Mr Davies acknowledged with a wry smile that he had ""got the message very clearly"". Commenting on the meeting later, Mr Davies said councillors had ""expressed themselves forcefully and that is what I'd expect at this stage of our discussions"". ""I've asked for a debate and I welcome the chance to engage,"" he said. ""I was pleased that councillor Debbie Wilcox, leader of the WLGA, accepted that 22 local authorities are not sustainable and was willing to take up my challenge to come forward with alternative proposals for taking local government forward if the WLGA did not like the options in the Green Paper [consultation document]. ""I share councillors' passion for ensuring that people get the services they need. Now we need to get on with discussing how best to deliver them."" The Welsh Government has outlined three options about how the mergers of councils could happen: Responding to the plans on Tuesday, the WLGA said: ""Local government was already responding proactively to the previous reform programme of regional collaboration and is progressing with the City and Growth Deal agenda. ""Consequently, this announcement has caused disquiet and confusion. It has arrived midway through the assembly term and following the recent WG [Welsh Government] assurance that no re-organisation would occur for 10 years."" The body added: ""Merging authorities on the breadline to create larger authorities without the necessary resources is not a sustainable solution to the problems councils face."" The green paper proposes ten possible new council areas, which would result in the mergers of: The new authorities would be aligned with health board boundaries, with plans for Bridgend to come under the Cwm Taf health board."
https://www.bbc.com/news/business-53925917,Warnings of 'ghost towns' if staff do not return to the office,"Dame Carolyn Fairbairn said allowing staff to work from home had helped keep firms afloat during the pandemic. But as offices stood empty, thousands of local businesses that relied on the passing trade were suffering, she said. It comes as a BBC study found 50 major UK employers had no plans to return all staff to the office full time. Writing in the Daily Mail, Dame Carolyn said the UK's offices were ""vital drivers"" of the economy, supporting thousands of local firms, from dry cleaners to sandwich bars. ""The costs of office closure are becoming clearer by the day. Some of our busiest city centres resemble ghost towns, missing the usual bustle of passing trade. ""This comes at a high price for local businesses, jobs and communities,"" she said. She said getting people back into offices and workplaces should be ""as important"" as the return to school, and directly appealed to Boris Johnson to ""do more to build confidence"". This could include using ""effective test and trace"" systems or a campaign to encourage commuters back on to public transport. In July, the government dropped its formal advice that people should work from home if possible. At the time, Boris Johnson told people to ""start to go back to work now if you can"". However, an increasing number of employers say that home working - which was initially brought in as a temporary measure in lockdown - could become a more permanent state of affairs. The law firm Linklaters said this week that all of its 5,300 staff could spend up to 50% of their time working remotely from now on. Lloyds Banking Group is reviewing its office space needs and working practices after concluding that most of its 65,000 staff have worked effectively from home during the crisis. Others including NatWest, Fujitsu, Facebook, Twitter and HSBC have also said they plan to allow much more flexible working in future. Experts say it could allow firms to cut their rent and utilities costs, while offering employees a better work-life balance. 'Communities harmed' Dame Carolyn acknowledged home working had worked well for many and was likely to remain ""an option"". But she warned of ""serious downsides"" including a lack of opportunities to train young people and foster better work and productivity in certain types of business. The impact on local businesses has also been stark. Sandwich chain Pret a Manger - which relies on a lunchtime work crowd - said in June it was shutting 30 outlets and cutting 1,000 jobs amid a slump in demand. It has also cut its staff's hours. ""It's time for the UK to bring its workplaces back to life or we will look back with regret at the jobs lost, training missed and communities harmed,"" Dame Carolyn said. Home service Some businesses catering to office workers have stayed afloat by adapting the way they operate. Rich Bool, who works for the mobile coffee franchise Cafe2U in Chippenham told the BBC's Wake Up To Money that when offices closed he had to find new ways of approaching his customers. ""Some of that has been actually going to residential streets, where our normal clients ... are at home, working, and asked me to call and deliver to them"". According to Mr Bool, this attracted curious neighbours, who were also working at home and needed a break from the laptop. ""We almost created the new water cooler moment on the pavement,"" he said. Sam Barber, a partner at Workshop, which offers co-working spaces in the centre of Winchester, says she has seen a significant increase in enquiries from people who no longer want to commute to London. She told Wake Up to Money she sees a role for her company in bringing people back into the city centre. ""If we know that we can get people out of their offices, their bedrooms, wherever it is they're working, and into a flexible working space a couple of days a week ...then they're going to be shopping in local shops, they're going to be going to the local coffee shops."""
https://www.bbc.com/zhongwen/trad/chinese-news-48082426,「一帶一路」論壇落幕：中國在債務危機的質疑中調整戰略,中國領導人習近平出席記者會 學者分析，第二次的「一帶一路」高峰論壇使倡議架構更加細膩，中國也嘗試要化解來自各界的挑戰。另一方面，峰會參與人數比上屆增加，突顯出越來越多的國家與企業，積極想與中國合作。 數字背後的意義 周六（4月27日）下午，200多名事先報名、經過核准的中外記者搭乘專車，耗時約1個多小時，從北京市中心抵達70公里外的雁棲湖國際會議中心，參加習近平「一帶一路」高峰論壇的記者會。該地點也是當天上午，習近平與37國領袖舉行圓桌峰會的地點。 習近平在記者會上表示，將推進經濟走廊發展經貿發展產業園區，為各國投資者營造非歧視的營商環境，發展人文和民生交流，落實聯合國2030可持續發展議程，並強調要為發展中國家打破發展瓶頸。 200多名記者等待習近平出席記者會。 長達三天的會議，除了12場論壇和企業家大會是在北京市中心的國家會議中心舉行，BBC中文記者觀察發現，多場閉門會議是在各國領導人下榻的酒店舉行。 習近平表示，論壇期間達成283項成果，包括各項政府間的協議及發起多個多邊對話平台等。他說：「論壇期間，簽署總額達640多億美元的合作協議，顯示倡議是應潮流、得民心。」不過記者會上，習近平並未提及中國預計進行的投資規模，也未說明下一屆「一帶一路」高峰論壇何時舉行。 另外，由於記者會沒有提問環節，也引發部分記者的不滿。肯尼亞一名女記者對BBC中文抱怨：「大老遠到這裏卻不能提問。我想知道合作項目及更多細節。」來自馬里共和國的男記者則說，「記者會的時間比我想像的還要短，但我尊重中國舉辦記者會的方式」。 從官方發佈的各種數字看來，「一帶一路」倡議成果豐碩。然而，該倡議仍面臨多重挑戰，台灣政治大學東南亞研究中心執行長楊昊就認為，這些成果和數字只是一種「說法」。他向BBC中文說：「這能否代表中國是個可以依賴的伙伴，還是個問號。」 台灣中興大學國際政治研究所副教授孫國祥則對BBC中文表示，中國在第二屆「一帶一路」高峰論壇，主軸思考就是要把原來的大方向，大架構，做的更加細膩，同時試圖擊破和化解歐美提出的挑戰。 他舉例，面對歐美國家，中國通過「一帶一路」倡議，直接與歐美企業進行合作，而日本與法國，則已間接、通過第三方市場的方式合作，像是與日本借「一帶一路」倡議，在泰國合作開發項目等。 至於在他國開發項目所引發的環境議題的相關質疑，孫國祥說：「中國選擇通過國際組織的合作，嘗試化解環境爭議。」 中國領導人習近平和夫人彭麗媛在北京會見菲律賓總統杜特爾特和夫人阿旺塞納。 「新的供需關係」 楊昊表示，中國的「一帶一路」將會更重視文化等非物質上的交流，以彰顯一帶一路的價值。形成新的供給和需求關係，這是一種「包裹」的方式，來回應國際社會或西方對中國的批判。 根據菲律賓政府透露，習近平與菲律賓總統杜特爾特見面時，就有提及首批菲律賓老師很快就會開始到中國教英語。 楊昊說：「習近平是以正面積極的方式來說明該倡議的改變，以成果來包裹部分國家，對中國崛起的步伐或憂慮，所產生的結構性抵抗。」 在巴基斯坦信德省的塔爾沙漠地區，中巴經濟走廊框架下的塔爾煤田二區塊年產380萬噸露天煤礦項目招聘了26名農村婦女，通過一年的技能培訓，把她們培養成為了合格的翻斗車司機（圖為努斯拉特·巴伊凖備駕駛載重60噸的翻斗車）。 楊昊所指的外界憂慮，包括西方國家常批評的債務危機，以及中國通過「一帶一路」輸出威權意識。而對於這些質疑，中國財政部長劉昆4月25日表示，將幫助防範當地國家債務風險，中國央行行長易綱也說，中國將強化融資項目的債務管理，提高透明度。 另外，「一帶一路」倡議遭美國華府批評是「虛榮計劃」，包括美國、印度以及美國的密切盟友如澳大利亞、新西蘭和加拿大的領導人都拒絶參加「一帶一路」高峰論壇。 2017年還因為無力償還貸款，被迫向中國交出漢班托塔港，租期長達的99年的斯里蘭卡，領導人西裏塞納並未出席，無法確定是否和該國的襲擊事件有關。而印尼則只派出副總統卡拉出席「一帶一路」高峰論壇。 中國華僑大學國際關係學院院長助理黃日涵向BBC中文表示，印度及美國最常批評「債務危機」，兩國各自有政治目的，他指出：「美國憂慮中國影響力在世界上升，而印度作為南亞大國，則是擔心中國進入南亞會影響印度的國家利益。」 截至4月24日，中國已經與126個國家和29個國際組織簽署了174份共建「一帶一路」合作文件。 他並表示，中國未來「一帶一路」項目會做得更精緻化，在推進上會謹慎和更多評估。黃日涵說，這屆論壇參與人數增加，突顯各國企業對「一帶一路」感到高度興趣，積極想和中國合作。 雖然西方及部分領導人缺席「一帶一路」高峰論壇，但今年超過37國領袖出席圓桌峰會，仍比上一屆的與會外國領袖，多出了8人，其中包括奧地利與葡萄牙2名歐盟成員國的領袖。 另外，秘魯在會議期間加入「一帶一路」倡議。瑞士聯邦主席毛雷爾也在日前表示，瑞士也將於明天（29日）與中國簽署「一帶一路諒解備忘錄」。這也是繼意大利之後，另一加入「一帶一路」的歐洲國家。 根據中國官方網站，截至4月24日，中國已經與126個國家和29個國際組織簽署了174份共建「一帶一路」合作文件。 長達三天的會議，除了12場論壇和企業家大會是在北京市中心的國家會議中心舉行。圖為媒體記者在新聞中心工作。
https://www.bbc.com/news/world-middle-east-28267921,Europe Isis: Seeking missing sons in Syria,"""Of course I was scared,"" Pol Van Hessche says as he recounts coming face to face with members of Isis, the radical jihadist group, in Syria. The 50-year-old care home manager from Menen, Belgium, went there last week to find his son. ""There were five to six guards,"" he says. ""All armed with rifles and wearing masks. They brought the two boys out to see us."" 'Learning Sharia' The two boys Pol speaks about are his 18-year-old son Lucas and his best friend, 19-year-old Abdelmalek Boutalliss. The pair went missing on 11 June. It later emerged that they had travelled to Syria and joined up with Isis near to their stronghold of Raqqa. ""The boys are staying in the desert, in an international house, with other Europeans, Indonesian and Chinese as well,"" Mr Van Hessche says. ""They are learning Sharia [Islamic law]."" ""What did you say to your son?"" I ask. ""It was not easy to speak,"" Mr Van Hessche replies. ""Guardians [Isis] were looking at us. It was dangerous. My son looked scared as well."" Mr Van Hessche and the father of Abdelmalek, Idriss Boutalliss, made the dangerous three-day journey to see their sons, across the desert of northern Syria last week. Their two sons refused to leave. The trip was set up by another Belgian father, Dimitri Bontinck, a former soldier who managed to rescue his own son, Jejoen Bontinck, from Syria last year. ""They heard about me, about my story in the past, that I had succeeded with my son,"" Mr Bontinck says. ""So they contacted me and asked for my help. I said yes."" 'Very dangerous' From his previous trips to Syria, Mr Bontinck has built up a network of contacts. He is reluctant to reveal too many details, but he organised meetings with people high up in different Syrian groups and got permission for the fathers to see their sons. ""Everybody said don't go there, they're going to kill you, it is very dangerous,"" Mr Bontinck says, ""but the Amir from Isis gave them permission to see the children. They were protected."" Missing persons leaflets of Lucas Van Hessche and Abdelmalek Boutalliss have been handed out to people in the Syrian-Turkish border town of Kilis. Lucas is a metal worker and kick-boxer. Originally from Haiti, he was adopted when he was four and brought up a Christian. He converted to Islam three years ago. Abdelmalek Boutalliss is from Kortrijk and was brought up as a Muslim. He has diabetes. His father brought him his medication and has remained in Syria to try and convince them to leave. Mr Van Hessche says the teenagers must have had help to go to Syria and does not know why they went. He fears they will next be taken to a weapons training camp: ""After a few months I think it is to do jihad, but jihad is not only fighting, it is also helping people. I asked Lucas, why not help people in Haiti?"" The two teenagers are among an estimated 2,000 Europeans who have travelled to Syria since the conflict began. Mr Van Hessche says the two friends are worried about returning to Belgium because they might be arrested. ""The Belgian government must see Lucas as a victim, not a criminal - he has done nothing wrong,"" he says. ""If Lucas stays I will respect it. But I think he doesn't remember all the old things, his friends, his family, because he is in another situation."" Before leaving his son in Syria last week, Mr Van Hessche passed him a note with a message his 15-year-old brother Christopher had written on Facebook. ""Crying every day, sleeping only two hours, walking into your room without your presence, living without your smile,"" the note said. ""Come back, brother, you'd make my life complete again. Do it for us, come back. Life is nothing without you."" At the time of writing there had been no further contact with Lucas, Abdelmalek or his father Idriss in Syria. Pol Van Hessche and Dimitri Bontinck continue to make trips across the border to try and find out information."
https://www.bbc.com/news/world-europe-37798093,Calais 'Jungle': The week the migrant camp was cleared,"Nearly 6,000 people were evacuated, with more than 1,200 police officers deployed for the clearance operation. BBC News recaps the dramatic events of the week in pictures. Monday The French authorities moved in to start the operation to clear the camp, which had been home to an estimated 8,000 migrants. Migrants were registered and bussed to reception centres across France, where they would be allowed to apply for asylum. Tuesday Workers in hard hats and orange jumpsuits began dismantling the ""Jungle"" with sledgehammers. They pulled down unoccupied tents and shacks. By the end of the day, about 3,000 migrants had been moved out on coaches to centres across France, while another 1,000 unaccompanied minors were given accommodation in containers near the ""Jungle"". Wednesday Fires ravaged parts of the camp as the demolition entered its third day. French authorities later declared the resettlement operation over but some charities called the announcement premature as there were still migrants roaming the site. About 100 unaccompanied minors were left to sleep rough overnight. Thursday Heavy machines moved in to tear down structures used by remaining migrants for shelter the night before. There were still many unaccompanied minors at the site which prompted charities to warn that dozens of children were being exposed to ""serious amounts of danger"" during the clearance process. Friday A number of migrants were still at the deserted Calais ""Jungle"" camp. At least 80 people, including children, spent a second night in shelters that remained. Two large fires broke out again in the morning as stranded migrants queued to board a bus leaving for one of the reception centres in France. Calais police said people refusing to leave would be arrested as the evacuation was due to be completed by the end of the day. What is the Jungle? A note on terminology: The BBC uses the term migrant to refer to all people on the move who have yet to complete the legal process of claiming asylum. This group includes people fleeing war-torn countries such as Syria, who are likely to be granted refugee status, as well as people who are seeking jobs and better lives, who governments are likely to rule are economic migrants."
https://www.bbc.com/news/education-19374339,Heads demand urgent inquiry into GCSE results,"By Hannah RichardsonBBC News education reporter In a letter to Michael Gove and the exams regulator, the NAHT union said it had been inundated with calls about late grade changes in English GCSEs. A new marks scheme appears to have unexpectedly denied many pupils the all important C grade in the core exam. Regulator Ofqual says it believes this year's GCSE grades are ""right"". But exam boards told reporters on Thursday that the C-D grade boundary had been raised by as much as 10 marks, or 10% in some cases, during the examining period. Obtaining a C-grade in the core subject of English is crucial for pupils wishing to go on to a further education college or to study A-levels. In his letter to England's education secretary Mr Gove and Ofqual chief Glenys Stacey, NAHT general secretary Russell Hobby said he knew from his members the GCSE results they had been anticipating had fallen short. ""As the picture emerged, it appeared that up and down the country English Language GCSE results in particular were down as a result of a different mark scheme being used in June."" This increased the score needed earlier in the year to obtain a grade C, by 10 marks, he said. Legal action? ""It has also become apparent that the moderation of course work and other controlled assessment has been significantly and adversely changed,"" Mr Hobby said. ""As a result, many pupils have not got the results they were predicted, leaving them with question marks over their future."" Mr Hobby added: ""For a significant number of young people and their schools, moving the goalposts in this way will jeopardise not only places at sixth-form college and other arenas of post-16 education but university applications and beyond as well as the schools' status with regard to the government's own benchmark."" The Association of School and College Leaders, which represents most secondary head teachers, is reported to be considering legal action against exam boards over the late grading system on the grounds that it could hit ethnic minority pupils and disadvantaged youngsters hardest. Its general secretary, Brian Lightman, told the Times Educational Supplement: ""We suspect the very ad hoc decision that was made to lift the grade boundaries has disproportionately affected certain groups of students and so we think it is very worthwhile to examine this further and gather evidence. ""If we are advised that legal action is the right way to challenge this, then that is what we will do."" The association is backing an investigation by the Academies Enterprise Trust, which runs 29 academies, asking schools across the country to send it anonymised information about the backgrounds of pupils who missed out because of the grade boundary decisions on the English GCSE. 'Ofqual confident' Chris Edwards, an English teacher from Bishop David Brown School, in a deprived part of Surrey, has also written to Mr Gove, saying his many of his pupils ""never stood a chance"" when they sat their English exams. ""These are not privileged kids who were bright enough to get a high grade, but just couldn't be bothered to work. ""These are students who are learning English as a second, sometimes third language, who have attended every revision session provided."" An Ofqual spokesman said: ""It is vital that the grades awarded for overall qualifications are right, and that standards are comparable year-on-year and across the exam boards. ""Where students take exams in different units spread across a couple of years, the exam boards have to consider all of the evidence available for each exam series and make decisions to make sure that the right qualification standards are achieved. ""We are confident that standards have been maintained and that the grades awarded are right."" Results for pupils who sat GCSEs in England, Wales and Northern Ireland were received on Thursday."
https://www.bbc.com/zhongwen/trad/world/2015/12/151218_japan_china_defence,日本強化東海島鏈防禦 制衡中國海軍,日本戰略轉向的目的就是對與日俱增的中國威脅實施反制。（資料圖片） 路透社報道指出，美國希望日本放棄長年的本土島嶼防禦戰略，採取在亞洲其他地區發揮軍事影響力的戰略。 美國認為其亞洲盟國，尤其是日本，必須協助美國遏制中國軍力崛起。 強化島鏈 報道援引日本官員的話說，為了更好地配合美國遏制中國軍力在西太平洋地區的投射與擴張，日本在近年來逐步在日本與台灣之間由200多個離島組成的1400公里漫長島鏈上部署先進的雷達和防空、反艦導彈，以便更加有效地對中國反介入和區域封鎖。 路透社記者先後採訪了十多名日本政界和軍方要員。受訪人士紛紛表示，中國艦船可以依照國際法穿越第一島鏈，但是一旦發生衝突，他們需要穿越的就是密集的導彈交叉火力網。 美國官員也在接受採訪時表示，中國的最終目的是建立在東海和南海的霸權，將美國勢力排除在外，因此對中國的忍讓只能鼓勵他們進一步挑釁。 重點轉移 報道說，日本早在2010年就開始將防務重心從針對面對俄國遠東的北方離島轉向面對中國的西南離島。 分析指出，中國近年來為了阻遏美軍介入，大力發展各類精確打擊彈道導彈；日本戰略轉向的目的就是對與日俱增的中國威脅實施反制。 報道最後說，除日本強化離島防務之外，日美聯軍整合的趨勢也進一步加強，離島一萬名自衛隊員將得到來自本土美軍第七艦隊海軍陸戰隊、隱身潛艇、F35戰機、兩棲作戰艦船和巨型航母的迅速而有力的支持。 （編譯： 晧宇 / 責編：路西）
https://www.bbc.com/news/technology-46047834,Google executive leaves after sexual harassment claim,"Richard DeVaul is alleged to have made inappropriate advances towards a female job candidate in 2013. The New York Times also said senior executive Andy Rubin had received $90m (£70m) after leaving Google in 2014. He too faced claims of sexual harassment. Mr Rubin said on Twitter that the New York Times story contained ""numerous inaccuracies about my employment at Google and wild exaggerations about my compensation"". ""Specifically, I never coerced a woman to have sex in a hotel room,"" he added. Mr DeVaul told the New York Times that he was sorry for his ""error of judgement"". His LinkedIn profile has been updated to say that he is now working as an ""innovation executive consultant"". Google said this week that, since 2016, employees who had left the company after sexual harassment allegations had not received a pay-off. Google's chief executive said this week that he shared the ""anger and disappointment"" felt by some staff following reports of how sexual harassment had been dealt with at the tech giant. Sundar Pichai noted some staff would stage a walkout on Thursday over the issue. He said they would have Google's support. 'Anger and disappointment' According to Mr Pichai, the company's policy on executives departing due to sexual harassment accusations has been updated. He said that in the past two years 48 people had been fired from the company in such circumstances, including 13 senior managers or higher. None of these individuals, he said, had received a pay-off. Executives who departed voluntarily also received no pay-off. ""I understand the anger and disappointment that many of you feel,"" wrote Mr Pichai in an internal memo published by news site Axios. ""I feel it as well and I am fully committed to making progress on an issue that has persisted for far too long in our society… and, yes, here at Google too."" He said the company would now take a ""much harder line"" on inappropriate behaviour."
https://www.bbc.com/news/uk-england-49110407,The joy of the backyard festival,"By Jennifer HarbyBBC News Bunny is a tiny village in Nottinghamshire known almost solely for its unusual name. It's also home to Glastonbunny - a summer festival almost a decade in the making. ""It's a very quirky, artistic kind of place - a good place to start up a festival,"" says Izumi Featherstone, who started the event with help from neighbours. ""It's two nights and three days at the end of July when we camp out, we get two or three bands from the village performing, we've had a pizza van, the children play around us."" The event used to be held at the village rugby club but in recent years, its popularity has seen Bunny's residents decamp to larger sites in nearby Keyworth and Cotgrave. ""We grew each year and now we get around 150 people,"" says Izumi. ""It's a friendship festival. It's about getting back to basics and finding friendship on your doorstep."" For some, the friendships formed and cemented at festivals can be hugely therapeutic. Freddy Taylor, 29, found comfort in starting Lake Day after his father died. The event continues to be held annually around the anniversary in August and turns a ""very sombre day into something that's really joyous"", says the advertising art director from London. Freddy began Lake Day six years ago at Frensham Ponds, a site with a man-made beach in Surrey, but it has since moved to a farmer's field he found ""through luck"". The event remains restricted to close friends and this year he is expecting about 200 people. ""I want to keep it quite a small thing - just family and friends. Everyone knows everyone else and that's what's special about it,"" he says. ""Everyone has a role to play, whether that's doing the food or overseeing the music. ""A few of my friends are talented musicians or well-known DJs. I ask different friends to run the bar for two hours. It makes it the best day of the year."" Freddy says he is a fan of larger festivals too and has been to Glastonbury five times. ""But I can also see why there's been an increase in smaller ones,"" he says. ""They're not about queues or feeling so crowded you can't move anywhere. ""They have a much more relaxed, informal, open feel."" While some festivals start small and stay small, others evolve over the years to attract thousands. Lee Denny's Neverworld is one such success story. ""I was 16 and my parents had gone away on a holiday,"" says the former Nottingham University student, now 30. ""Before they left, they told me, 'No house parties'."" ""The thing is, we thought we were geniuses by holding a festival in the back garden. Technically, it wasn't a party and it wasn't in the house either."" You might also be interested in: Could wristbands turn festivals into games? The women who are killing it in taxidermy What's it like to look after a lighthouse? LeeFest - as it was then known - attracted 150 people in its first year, all crammed into a ""standard, suburban garden"" near Croydon. There were 11 acts, including a school band, a clarinet player and somebody reading poetry, as well as a bar - next to the greenhouse - a barbecue and even a portable toilet. The festival has run almost every year since, growing in size until it now attracts 6,000 people to farmland in Kent over three days. Even if your festival does not grow to Neverworld proportions, Lee believes staying small-scale is rewarding. ""The first few years, in the back garden, were definitely the most fun out of all of it,"" he says. ""It's wonderful we have a society of eccentric fools that enjoy organising these kind of events that bring people together in back gardens and local parks."" Ian Anderson, editor of music magazine fRoots, said that as events like Glastonbury become even more mainstream, people are searching for something more intimate. ""I played at the first Glastonbury in 1970 and it had one stage - I doubt there were more than 1,000 people there and it was lovely,"" he says. ""There is undoubtedly still a massive community feeling at Glastonbury but a lot of big festivals are very, very commercial. ""People prefer something more personal and family-friendly, where the artists can mix with the audience."" Tips for starting a backyard festival Follow BBC East Midlands on Facebook, on Twitter, or on Instagram. Send your story ideas to eastmidsnews@bbc.co.uk."
https://www.bbc.com/news/uk-56013464,"Cladding: Extra £3.5bn for unsafe buildings 'too little, too late'","The government said flammable materials would be removed from buildings over 18m high ""at no cost to residents"". But Labour said the ""arbitrary"" height limit could result in financial ruin for many in lower blocks, who would be offered loans to make their home safe. After 2017's Grenfell disaster, many tower blocks were found to be unsafe. This meant many thousands of flat-owners have since faced huge bills for fire-safety improvements, brought in after the devastating tower block fire when flames spread via combustible cladding, killing 72 people. The Grenfell United campaign group said the latest measures were ""too little, too late"", and it needed the mess dealt with ""once and for all"". ""Residents living in unsafe homes will go to bed tonight worrying if their building will qualify or be left out once again. And bereaved and survivors of Grenfell will lay awake fearful that what happened to us could still happen again,"" the group said. In the Commons, Housing Secretary Robert Jenrick also announced: The £3.5bn comes on top of £1.6bn in funding that was announced for the removal of unsafe cladding last year. Ministers have come under growing pressure to increase the pot as leaseholders have been hit by building improvement costs and soaring insurance costs. Some say they have effectively become trapped in their own homes - unable to sell until the work is carried out, yet in danger of bankrupting themselves to meet the costs. Stephen Squires, who lives in a 22-storey block in Manchester, told the PA Media news agency he and others were ""still stuck in limbo"", even after the announcement. The government had consistently failed to acknowledge the issues were far wider reaching than cladding, he said, and they still did not know whether fire safety defects would be covered by the funding. Mr Jenrick told MPs that leaseholders in high-rise buildings above 18m, or with six storeys or more, would face no costs for cladding works. He said the risk was ""significantly lower"" for lower-rise blocks of flats. However, for anyone living with dangerous cladding in such flats, a loan scheme would be set up to protect leaseholders so none of them would pay more than £50 a month for the removal of unsafe cladding. It ""cannot be right the costs fall solely on tax payers"", he said, adding that the government would develop a levy targeted at developers seeking to build certain high-rise buildings in England. He also said a new tax for the UK residential property sector would be introduced from next year, to raise £2bn over a decade and help pay for the removal of cladding. Mr Jenrick described the action as an ""unprecedented intervention"" without which building owners would simply pass on the costs of remediation work to leaseholders. ""That would risk punishing those who have worked hard, who have bought their own home, but through no fault of their own have found themselves caught in an absolutely invidious situation,"" he said. The Home Builders Federation, a trade association for private sector homebuilders, said it supported ""sensible"" solutions for recouping costs and was looking forward to working with the government on an ""equitable"" tax that did not ""threaten housing supply"". 'If our block were one brick lower, it would have been us' Matt Browne and Lizzie Bennett are among thousands of flat-owners who discovered in the last year they lived in a dangerous block. Their Birmingham city centre building measures 18.2 metres - so just qualifies for the funding promised today. Matt, a 26-year-old video producer, says although he is relieved, he feels ""incredibly sorry"" for those whose homes don't meet that threshold. ""[That] could have been ours if our building was one brick lower. That's literally the difference we're talking about,"" he says. He says leaseholders feel ""betrayed"" because the government has said ""multiple times"" they should not pay. ""Then all of a sudden today it's like, 'right, leaseholders are going to pay £50 a month,'"" he says. The couple say they have been hit with a £50,000 bill after their block failed an external wall fire review. That covers not only the removal of unsafe cladding, but also works relating to other things found in the review like missing fire cavity barriers. Matt is now concerned the government fund only covers the cladding removal. ""There are still costs in there which are going to cost thousands and thousands of pounds, which is money we don't have,"" he says. Around 100 miles away in east London, solicitor Peter Tolson lives in a building that also qualifies for the extra cash, but says the announcement ""doesn't make a huge amount of difference"" to him and his fellow residents. He helps run his block's management company, and says they began the initial process to prove their eligibility for the fund last spring. But they haven't received funds, he says. ""We're just trying to pass every barrier and get access to the funds, which we're finding harder and harder,"" he adds. Conservative MP Stephen McPartland, a critic of the government's handling of the cladding crisis, said Mr Jenrick's announcement did not go far enough and the issue was much bigger than the matter of cladding. ""The support he has offered does not help most people because people who've got excessive insurance premiums, fire safety defects - that's where the real costs are,"" he told BBC Radio 4's World at One. ""Leaseholders are the innocent parties in this. Many people were in primary school when these buildings were constructed and they're now being hit with bills that will be bankrupting them."" Labour's shadow housing secretary, Thangam Debbonaire, called the proposals ""an injustice"" that would ""pile financial misery"" on homeowners. She said there were many questions left unanswered, including on ""skyrocketing"" insurance costs, homes potentially remaining ""unsellable"", and the amount leaseholders would be expected to pay. The ""arbitrary 18m-height limit"" could ""mean the difference between a safe home and financial ruin"", she said. Labour wants an independent taskforce to be established to take the matter out of politicians' hands and ensure funds are distributed fairly. Analysis By Sarah Corker, BBC consumer affairs correspondent The question of who should pay to fix fire safety faults - government, developers, building owners or leaseholders - is at the heart of resolving this crisis. While cladding campaigners have welcomed the extra government funding, they say an additional £3.5bn is not enough given the scale of the problems. To force the building industry to contribute, the government will introduce a levy on developers which build future high-rises. A move broadly welcomed, but it will take years to build up a pot of money. What started as a cladding scandal has become a much wider building safety crisis. In the wake of the Grenfell tower tragedy, safety inspections on thousands of high rise blocks have exposed not just dangerous cladding but other fire safety problems including defective insulation, missing fire breaks and timber balconies. Currently there is no government money to fix non-cladding faults. Rebecca Fairclough, from Manchester Cladiators, which represents 70 tower blocks with fire safety issues in the Greater Manchester area, said funding was needed to cover all building safety issues, not just cladding. She said she was disappointed loans were the only solution on offer to those in buildings under 18m high. ""Millions of residents continue to live in dangerous buildings, facing impossible bills and with their mental health deteriorating daily,"" she said. Natasha Letchford, a campaigner for the End Our Cladding Scandal group, said the funding was far short of the estimated £15bn bill to fix all the issues. She said as long as there were outstanding bills on properties, they would be worthless and people simply would not want to buy them. The government said the spending funded by the UK-wide tax would be subject to the Barnett formula. This means Scotland, Wales and Northern Ireland will also receive extra funding, which can be spent as the devolved administrations see fit, including on building safety."
https://www.bbc.com/news/uk-england-birmingham-20165723,Khadija Shah case: Concerns for baby in Pakistan jail,"Khadija Shah, 25, was taken into custody in May after heroin with a UK street value of about £3.2m was found in several suitcases she was carrying. Her lawyers say Miss Shah's two-month-old daughter Malaika could suffer from unsanitary conditions in jail. Jail officials have previously said Ms Shah was being treated well. Miss Shah's lawyer Shahzad Akbar said Malaika had received no immunisations since she was born and said measles and tuberculosis had been detected in the maximum security prison. 'She could die' He said the baby had been suffering from diarrhoea and had been treated with painkillers that were unsuitable for a baby. Mr Akbar said: ""We are very much afraid she could die."" The court in Rawalpindi heard that Miss Shah, who was heavily pregnant when she was arrested, was accused of trying to smuggle 63kg of heroin from Pakistan to the UK. If convicted, she could face the death penalty. Miss Shah argues she was carrying the cases, which the drugs were found in, for someone else and did not know what was in them. Related Internet Links Reprieve"
https://www.bbc.com/news/entertainment-arts-45112992,Madonna at 60: The Queen of Pop in seven charts,"By Clara GuibourgData journalist, BBC News Since Madonna's eponymous debut album hit the shelves in 1983, she's performed on 10 concert tours and sold more than 300 million records. This has earned her a spot in the Guinness World Records as the best-selling female recording artist of all time. What else can a look at the numbers tell us about the Queen of Pop? 1) She's had more UK number one albums than any other female artist Twelve of Madonna's albums have hit the number one spot. Only the Beatles and Elvis Presley can boast more. Greatest hits album The Immaculate Collection spent a 338 weeks in the charts after its release in 1990 - including more than two months at number one. 2) These are the people's favourites Like A Virgin your favourite Madonna tune? Join the crowd: Spotify data ranks this 1984 classic as her most popular song. In fact, only one song in the top five is not from the 80s: Hung Up from 2005. 3) She's had more singles in the top five than any other female artist Madonna's had 46 singles make the top five in the UK charts - only Elvis has had more. The run of top five hits spans three decades, from Like A Virgin in 1984 to Celebration in 2009. 4) Her Super Bowl performance was record-breaking Obviously, Google wasn't around to tell us what people were curious about back in the 1980s. But since 2010, global searches for Madonna reached their highest point in March 2012, when she was the Super Bowl's first female headline act since Janet Jackson had her ""wardrobe malfunction"" in 2004. In 2012, Madonna set a record for the highest viewing audience of a Super Bowl halftime show - which lasted until 2015 when it was smashed by Katy Perry and 'Left Shark'. 5) Spotify doesn't hear Madonna the same way we do Most streaming services give songs a numeric value to determine if it's a ""happy"" or ""sad"" song, based on its key, tempo and other factors. It only measures how the music sounds - and ignores the lyrical content - but uses this information to auto-recommend new music to us. So looking at how Spotify's computers ""hear"" her work, they would classify it as getting ""sadder"" over time, with slower songs and more minor keys being used. Clearly this is far from the whole story - machines can't (currently) understand the words and ""feel"" songs in the way we do. Some of Madonna's deepest, most emotional work is actually on her early albums, despite those records sounding more ""happy"" overall. True Blue from 1986 ranks among the ""happiest"" sounding, despite songs covering teenage pregnancy, deceit and parental estrangement. And while 2012's MDNA and 2015's Rebel Heart both sound ""gloomier"" to a computer, songs such as Give Me All Your Luvin and Girl Gone Wild are lyrically anything but. So streaming services have a way to go before they can reveal more to us about a song than just its sound. 6) G major is the most common key Madonna's studio albums feature songs in 24 different keys - but G major is the most common, with 17 songs employing it. 7) She's the richest female musician in America Looks like she really is a Material Girl. Forbes estimated Madonna's net worth at $580m (£454m) last year, making her the richest female artist based in America, comfortably $200m (£157m) ahead of runner-up Celine Dion. Follow us on Facebook, on Twitter @BBCNewsEnts, or on Instagram at bbcnewsents. If you have a story suggestion email entertainment.news@bbc.co.uk."
https://www.bbc.com/news/uk-wales-south-east-wales-15497856,Porthcawl family reveal their experience of war,"LLOYD JONES ""I grew up in Porthcawl. When I was 16 when I joined the Army. It's the most masculine thing you can do. At 16, you're not grown up, and you're not a child - you think the Army will make a man out of you. I served seven years with the Royal Artillery as part of an FST (Fire Support) Team. My first tour was in Iraq, and then I went to Afghanistan in 2009. It doesn't really hit home until you get on the bus, and the boss shakes everyone's hands and says: ""I hope I see you again"". It's the biggest adrenalin rush you'll have. You've trained for years and years and you're finally doing it. Everything gets drilled into you, and it's as easy to fire your rifle as it is to breathe. I felt like 10 men. It's not like a PlayStation game. It's real life, but then it starts to feel like a game. Whilst I was on rest and recuperation (R&R), I lost a close friend. In my eyes we were all invincible, we were bulletproof, but then he got it. Then another two of my close mates got blown up. I'd spent every night with them. They were my brothers. Every time you go out, you think: ""If I step there, that could kill me"". Or it'd be quiet, and whoosh, bullets fly over your head. How do you get used to that? You don't. War changes everybody, and then you come back and you're uncomfortable. I drank a lot. I thought I was good at it. But I'd wake up in the morning and think: ""What's happened? Why's the place in a mess?"" Then I'd come round, and my hands would be hurting. There'd be blood all over my knuckles, where I'd just come in and destroyed the place and gone to bed. I couldn't remember a thing. That's when I put my hands up and said this isn't right. We sought help and found out I was suffering from Post Traumatic Stress Disorder (PTSD). I've been clean now for six weeks. This is a hurdle I've got to get over. I'm not one for staying down."" SARAH REES - LLOYD'S MOTHER ""I stopped Lloyd from having guns when he was a child. I should have given him a toy gun in the first place and maybe he would have got it out of his system. The Army was good for him. It gave him a good career, taught him to be a man, and gave him discipline. We liked what we saw, and were very grateful. But we knew what was coming up. At the time there was Iraq and Afghanistan hanging over his head. Lloyd's first tour was in Iraq. We said our farewells two weeks before. I never say goodbye, it's always farewell. Going through your first tour as a parent is the worst experience I've been through. The hardest part is the first fatality. You don't know the protocol. You don't know that the MoD call you first before the news. So you're sitting there thinking: ""Oh my God, is it him?"" Then you hear it's a different regiment, and you breathe a sigh of relief, but you feel guilty. It's not yours, but it's somebody else's. When Lloyd came home from his second tour on R&R, a colleague of his died. He was a close friend and had taken Lloyd's place whilst he was away. It was carnival day in Porthcawl and it was so surreal. The tour got worse. There were more fatalities and casualties. Then two of his colleagues were blown up, and we knew we were in trouble when he came home. He came home in October 2009, and I threw a party for him. Even at that point, we could see there were problems. He was withdrawn, snappy and when he drank, it was to excess. We could see the cracks. I tried to talk about it, but he was adamant that there was nothing wrong. So we gave it the benefit of the doubt and thought he'd come round. Then eight weeks ago he got very drunk. We now know that Lloyd's trigger point for PTSD is alcohol. He came to my house and had a flashback. At one point he saw a glass lamp as the enemy and put his hand through it. I had to rush him in to casualty, but he still wasn't recognising me. Everyone was the enemy. I had to keep saying: ""It's me, it's mum"". The next day was the first time he admitted that there was a problem. We sought help as much as we could. Ty Harrison from the Royal British Legion has been fantastic. Through him we've got counselling with the veterans mental health team in Bridgend. We know it's going to be a long road. He's made major progress just by the fact that he's recognised that he's not going insane. I don't know how long it's going to be before he can start to accept what happened in Afghanistan. All I know is that we'll stand by him as best we can."" LAUREN JONES - LLOYD'S WIFE ""I was in school with Lloyd and we first started going out when we were nine years old. We got back together again when he was in the middle of his first tour in Iraq. On his return, his mother threw a party and he proposed to me then. The Army always give dates a few years in advance, so I always knew Lloyd would go to Afghanistan, but it didn't hit me until he was on pre-deployment leave. It was nerve-wrecking as I had a small baby. I remember Alfie's first birthday. Lloyd called and I got him to sing Happy Birthday down the phone. He came home a few weeks after that. I bought a new outfit to wear so I'd look nice, and put Alfie in a ""My daddy's a hero"" t-shirt. The band started playing and they were coming up behind the band. Alfie was shouting Dada. Lloyd was the last one. He looked skinny, tired and ill and had black rings around his eyes. When we went to bed, it was weird to have someone beside me. I kept rolling on to him. That's when I noticed he'd freak out. He'd grab me by the arm and it would take him a while to wake up and see it was me. Then he'd be apologetic. The first time it happened, I nearly had heart failure. It was really scary. I'd never seen him like that. I knew he wouldn't harm me, but he had a strange, distant look. That's over two years ago now. I used to walk on eggshells, but now I don't. If he goes off on one, then so be it. I can't live my life walking on eggshells. Sometimes I wonder if it is worth all this hassle, but Lloyd is a better person than this. He's got a problem because of being in Afghanistan and he needs help."""
https://www.bbc.com/zhongwen/trad/world/2015/03/150319_tunis_attack_arrests,突尼斯博物館槍擊案九名嫌犯被抓,突尼斯軍隊將被部署到全國各主要城市。 該槍擊事件導致至少20名外國遊客和3名突尼斯人喪生，死者大部分是歐洲人，也有日本人和哥倫比亞人。 不過，當局沒有公布被捕者的詳情。 總統府發表的一份聲明說，突尼斯目前面臨「非同尋常的狀況」，並說「恐怖行動已經從山區移到城市」。 為此，突尼斯軍隊將被部署到全國各主要城市。 參與攻擊事件的兩名槍手之一拉比迪據報早已被突尼斯情報部門盯上，但並不是出於「特別事件」。 拉比迪與他的同伙哈克拿衛在安全部隊衝擊博物館時被當場擊斃。 突尼斯警方說，星期四，兩名西班牙遊客和一名突尼斯博物館工作人員被人發現躲在博物館裏，以為攻擊事件尚未結束。 在周三槍擊事件發生後，他們三人在博物館裏躲了一整夜。 BBC阿拉伯事務記者烏舍說，對於剛剛結束長達數月的政治過渡的突尼斯來說，此次攻擊無疑將給該國的旅遊業帶來重大打擊。 （編譯/責編：尚清）
https://www.bbc.co.uk/news/uk-england-leicestershire-45873345,"Man, 24, arrested over East Goscote stab attack","The 35-year-old victim was attacked on Lilac Way in East Goscote, near Syston, on Sunday evening, suffering a life-threatening injury to the throat. He underwent emergency surgery and is now in a stable condition. The suspect was arrested on suspicion of attempted murder and remains in police custody. Police said officers were still at the scene. A force spokeswoman could not confirm speculation the victim was out with his dog and was attacked by another dog walker. Follow BBC East Midlands on Facebook, on Twitter, or on Instagram. Send your story ideas to eastmidsnews@bbc.co.uk."
https://www.bbc.com/news/uk-england-london-26015021,Tube strike: London Underground talks end with no agreement,"Members of the Maritime and Transport union (RMT) and the Transport Salaried Staffs Association (TSSA) are due to walk out for 48 hours from 21:00 GMT on Tuesday and again on 11 February. Union leaders have offered to suspend strikes if plans for ticket office closures are put on hold. TfL has said it hopes to run a limited service on some lines. 'Absolutely outrageous' Talks were held at the conciliation service Acas and may resume on Tuesday. RMT general secretary Bob Crow told a news conference: ""We are prepared to suspend the industrial action if the mayor is prepared to suspend the job losses. ""In the meantime, the action remains on. These cuts will be followed by more and more cuts unless we do something about it."" He described criticism of a holiday he took to Brazil last week as ""cobblers"", saying Boris Johnson was refusing to meet him wherever he was. In his Daily Telegraph column on Monday, Mr Johnson accused Mr Crow of trying to hold the capital to ransom. He reiterated his call for legislation to render any strike ballot void unless at least 50% of the workforce took part. The RMT said 40% of members voted, with 76% of those supporting strikes. TfL said the turnout was 30%. ""It is absolutely outrageous that London, the motor of the UK economy - now contributing 25% of GDP - should be held to ransom by this tiny minority,"" said Mr Johnson. 'Cooling off period' TfL has said that no staff members will face compulsory redundancy due to the ticket office closures. In a statement, TfL said it was seeking a reduction of 750 jobs, and had they had received 450 applications for voluntary severance. London Underground chief operating officer Phil Hufton said a ""cooling off period"" had been proposed for the unions to suspend strike action and extend their formal consultations, but an agreement could not be reached. ""It's not too late for the RMT and TSSA to call off their unnecessary strikes and work with us to shape the future of the Tube,"" he said. ""We remain ready to continue talks at any time. Should the strikes go ahead, we will do all we can to keep London moving and open for business."" London Underground has announced contingency plans for the strike days, but passengers face travel chaos if the action goes ahead. TfL warned services would start later than usual at 07:00 GMT and finish earlier than normal at about 23:00 GMT."
https://www.bbc.com/news/uk-england-oxfordshire-52128531,Coronavirus: Farmer ploughs giant NHS in Glympton Estate field,"In about half an hour, Ben Wilson created the 50m (164ft) markings in the field being used to grow spring oats in Glympton, Oxfordshire. He said NHS staff were doing an ""amazing job"" by keeping the service running during the pandemic, which has resulted in 2,352 deaths in the UK. He said the reaction on social media had been ""surprising and overwhelming"". Mr Wilson, who manages the village's Glympton Estate, said: ""We've got friends in the NHS. ""My Dad's currently being treated for cancer at the John Radcliffe Hospital [in Oxford] at the moment and they are doing an amazing job keeping things going as well as dealing with this coronavirus situation."" Mr Wilson said he was a ""novice"" at using Twitter, where he had originally posted the picture of the ploughed field. But said he had found positive response from people ""quite exciting, surprising and overwhelming"". Mr Wilson added: ""The farm work is carrying on. We're lambing, we're calving cows as well. ""So hopefully when the nicer, warmer weather comes we can send them out into some nice British countryside to produce nice British lamb and beef to celebrate when this is all over."""
https://www.bbc.com/news/uk-england-london-14362121,Mayor criticised over Barclays cycle scheme expansion,"By Tim DonovanPolitical Editor, BBC London Caroline Pidgeon, who leads their group on the London Assembly, says she has ""serious concerns"" about the deal. The mayor announced last week that Barclays would sponsor the bikes for a further three years up to 2018. But Ms Pidgeon is questioning whether the bank is paying enough and says the sponsorship should be put out to a new competitive tender process in 2015 as originally planned. 'Bidding war' In a letter to Mr Johnson, she asks: ""Why was a decision specifically made to not test the market and see whether far more sponsorship income could be generated from 2015 onwards?"" Ms Pidgeon says she is seeking answers to a number of ""very serious"" questions about Barclays' sponsorship following a BBC London investigation. It revealed the mayor had personally approached Barclays about backing the scheme, but did not make contact with any other banks. Ms Pidgeon says: ""If this is true, why was no consideration given to approaching a number of banks or other organisations? Was no consideration given to encouraging a bidding war?"" A Transport for London spokesman said: ""A range of alternative sources of sponsorship were sought, including the banking and finance industry."" BBC London revealed last week that Barclays were awarded the contract after a second tender process which wasn't advertised or openly competitive. The first tender process in August 2009 failed to secure a sponsor after bids by energy suppliers EDF and phone giant Nokia were deemed too low. Two other companies, O2 and News International, expressed initial interest but did not go on to bid. The deal on offer to potential sponsors was then significantly improved by TfL officials, after discussions with Barclays. Added in was sponsorship of the £200m cycle superhighways - a scheme almost as costly as the bikes - and a guaranteed expansion of the scheme to east London in time for the Olympics. Barclays' headquarters is in Canary Wharf, which is to be covered by phase two of the scheme. Legal challenge The sponsor was also given the right to have access to the personal details of bike users, enabling it to send direct marketing material to them. TfL says that hasn't been used so far by Barclays. Barclays was also given the assurance that no banking rival could sponsor any other mayoral cycling initiative. Barclays was then invited to bid for for the contract in March 2010. The bank has already provided £25m towards the cycle hire scheme and will provide an additional £25m towards its extension. Previously, a Barclays spokesman said: ""We think £50m is a significant investment in the scheme. We were aware of phase two in the initial £25m agreement. We knew it would go east but not the exact location."" Barclays only competitor was EDF, whose bid in the original tender, consisting partly of cash and partly of a pledge of infrastructure investment, had been rejected. There was no fresh advertisement in the Official Journal of the European Union, nor a competitive process thrown open to all which could have attracted more sponsors - especially given the improved offer. Lawyer David Wollfe, from Matrix chambers, says because the second ""private"" process didn't follow the same procedure as the first, it could have been open to legal challenge and couldn't be said safely to have achieved best value for the taxpayer. Transport for London admits it didn't advertise the deal the second time, but says it informed the four companies that had previously expressed an interest that the deal had been made more attractive. A TfL spokesman said:"" All of those companies were given ample opportunity to improve their bids, but only one other company chose to proceed. ""Both bids were fully evaluated and Barclays were chosen as their bid offered by far and away the greatest financial support for the scheme."""
https://www.bbc.com/news/uk-wales-25938254,"Banned dogs calls on the increase, say South Wales Police","The force said 122 dogs were seized in 2012/13, compared to five in 2008/09. Dog legislation officer PC Walter Pennell said treadmills and steroids were being used to improve the fitness and power of fighting dogs. Gethin Russell Jones from RSPCA Cymru said gathering evidence in such cases was painstaking and slow. Mr Pennell said ""underground"" dog fighting circles were very organised and extremely difficult to infiltrate. He told the BBC's Good Morning Wales radio programme that fights usually take place in secluded areas with little public access making organisers very difficult to catch in the act. Police investigating alleged fighting will look for equipment such as treadmills and steroids, which are used to make dogs fitter and stronger, he said. PC Pennell, who has responsibility for seizing and identifying banned breeds, said fighting dogs involved often suffer ""horrendous"" injuries. 'Barbaric' Evidence of veterinary equipment is often an indication a dog is being used for fighting, he said, because owners can't take them to their local vet. But he said the public are helping to tackle the issue by reporting incidents. ""We're receiving more reports about illegal dogs,"" he said. ""It's an obsession with these people - it's barbaric. Two dogs fighting, sometimes to the death, it's a disgusting way for people trying to enjoy themselves and earn money through betting illegally."" Many dogs, most commonly banned types like pitbulls, are bred to fight, with champions worth up to £40,000 to £50,000, he said. But sometimes pet dogs are stolen and are used to help train fighting dogs. Gethin Russell Jones from RSPCA Cymru said gathering evidence in such cases was a painstaking process because the burden of proof needed to prosecute owners was very high. ""We have to gather details about the apparatus being used, maybe some video evidence. ""Some of our special operations units have got to be in a place where they can take some hidden footage, so it can take a long time."" There are four banned dogs under section one of the Dangerous Dogs Act. It is also against the law to sell, abandon, give away or breed a banned dog."
https://www.bbc.com/news/uk-northern-ireland-foyle-west-23599777,Irish-speaking police officers drafted in for fleadh in Derry,"An Irish-speaking officer will also be on duty at a mobile police station that will be based at the Diamond in Derry city centre. The festival of traditional Irish music will be held on 11-18 August. Ch Insp Jon Burrows said ""hundreds of officers"" would be on patrol and ""some"" will speak Irish. ""In order to engage with the public, there will be fluent Irish speakers on a daily basis,"" he added. ""There are four Irish speaking officers in Derry itself. We will be bringing officers from elsewhere too. ""This demonstrates how diverse and reflective the police service is of the community we serve."" Spanish and French Mr Burrows said several hundred officers would be on shift throughout the week of Fleadh Cheoil na hÉireann, including officers on the beat. ""Road policing will be a priority and we have been in touch with the Department for Regional Development,"" he said. ""We want to make sure campsites are safe and that licensing is safely and responsibly taking place. ""More and more officers are learning to speak Irish and I'm humbled at how many can also speak Spanish and French."" Organisers of the All-Ireland fleadh estimate there will be 300,000 visitors to the city."
https://www.bbc.com/zhongwen/trad/china/2011/02/110227_taiwan_press_freedom,记者被扣台湾吁大陆尊重新闻自由,"中國警方對「茉莉花集會」高度戒備 台灣三立電視台的一名文字記者與一名攝影記者因在北京王府井採訪遭扣押，台灣行政院大陸委員會透過海基會與海協會向大陸交涉後，兩名記者已經獲釋。 台灣行政院發言人江啟臣表示，台灣非常重視新聞自由，對於大陸扣留記者，表達高度關切並對於採訪自由遭受干擾表示遺憾。 台灣中央社引述江啟臣表示，台灣總統馬英九在獲悉此事後，指示行政院透過海基會交涉處理，並表達維護新聞自由的嚴正立場。 中央社報道說，周日（2月27日）下午1時50分左右兩名台灣記者在北京王府井新東安市場附近拍攝時，大批公安人員圍上來查問。 兩名記者表示自己並沒有拿麥克風采訪，只是像普通遊客一樣拍拍風景有何不可？公安隨後把攝影記者拖上車，拉扯中楊姓攝影記者肩部受傷，隨後另一名女記者也被帶上車。 台灣行政院大陸委員會副主任委員劉德勛周日（27日）表示，陸委會下午得知消息，立即通過海基、海協兩會管道交涉，兩名台灣記者於傍晚6時獲釋。 這是中國大陸城市的第二輪茉莉花集會，境外記者的採訪受到控制。 BBC在北京的記者與攝影師也曾被短暫扣押後獲得釋放。 您有到過集會現場嗎？您怎看「中國茉莉花革命」的集會號召以及當局的防備措施？歡迎您參與 BBC《網上互動》的專題討論發表意見。 讀者反饋 國家主權不是殺人執照。就保護本國公民免遭「危害人類罪」而言，沒有哪個國家能夠推卸掉自己的責任，更遑論為自己犯下此類罪行進行辯解。未署名 外國一大批鬼子勢力惟恐中國不亂,以為外國勢力動腦子引發大規模外國媒體先來干擾, 就可引發聚集了大量的人群, 引發大規模人們對現有體制更深的仇恨, 聚集了大量的人群,就可乘亂而入,一大批鬼子們腦子確想部署推翻中國這種現有體制, 建立另外的政權, 西方集團支持昭然若揭. 這批鬼子們認為西方不用付出血的代價,只有中國老百姓遭殃, 就可推翻中國這種現有體制, 鬼子們只是多湊熱鬧, 何不為. 我這輩子沒別的願望，就盼著把圓明園那筆帳跟鬼子們算算。未署名 會有那麼一天的！中國必將民主。未署名 通過和國內朋友們核實來看，看熱鬧的多。郎在遠方, 聖保羅，巴西 中共的蓋世太保對全世界人民犯下的滔天罪行將被記錄在案,你們最終將受到來自人民的死刑判決! Jim, UK 看把人民公僕.我們偉大的""黨"" 嚇成這個德行.害怕什麼.做賊心虛啊? 比以前更加封鎖網絡,控制媒體.天天歌功頌德.讓走狗寫手~五毛黨來出來歪曲事實.美化狡辯..共產黨那些大員們敢站出來.說自己有多少家產嗎. 還想洗腦百姓? 憲法裏可說了.老百姓有言論自由.集會自由.人民高於一切. 專制獨裁.遲早會滅亡。共產黨的寫手~五毛黨網特很多, 中國 對中國國情毫無知曉的西媒，中國人現在最關心的事情是，如何發展自己，將那些對中國頤指氣使的白種人踩在腳下。共產黨不是好東西，但他現在還有些用處，至少在抵抗白種人囂張氣焰的時候沒有被嚇到，還算維護了中國的利益！至於那些海外的民運走狗們，恐怕一輩子都別想再中國鬧出什麼氣候來。搞笑的西方媒體 有人覺得茉莉花革命搞笑？中國按現在食品每月漲價10%的速度再過半年，茉莉花革命可以一夜推翻政權，看起來並不可笑。未署名 茉莉花有其自身的原因，當局一味地捂住不是辦法，應當進行深刻的反思了。想想為什麼會這樣，為什麼自己會如此心虛，除了鎮壓還會什麼，暴力不能解決任何問題，暴力只會引發更深的仇恨。未署名 搞笑吧，鬧事的人沒有，外國記者倒去了一大批，這種惟恐中國不亂的心態昭然若揭。我這輩子沒別的願望，就盼著把圓明園那筆帳跟鬼子們算算。未署名 我本人就在北京！哪裏有什麼所謂的大規模集會示威？！王府井是北京最大的的商業街，每天客流量很大，難道這些人去王府井是為了示威嗎？？你們西方媒體能不能客觀一些？！你們那麼多記者去了現場，可發現真正的示威者？！你們的客觀公正性何在？製造混亂唯恐中國不亂！那些煽動者，不論你是中國還是在海外你們良心何在？！未署名 參加所謂的茉莉花集會的人,根本不懂中國現在國情,可能大部分以為參加機會就能爭取到西方國家所謂的人權了,或者很多人也許根本不是去參加機會,只是看見人多湊熱鬧而已.參加集會的或者是發動集會的說不定有西方集團支持,惟恐中國不亂的就是外國勢力了. 有那時間集會,多幹點縮小貧富差距的事實。做什麼事多動腦子,中國亂了,只有老百姓遭殃,外國勢力乘亂而入，任何國家推翻一種體制建立另外的政府都是要付出血的代價.就像國工內戰一樣。韓國 北京今日也出現了大規模清理茉莉花機會這，整條王府井大街戒嚴將近1小時30分，當局出動警察至少500名，警犬，動用高壓水槍驅散和抓捕集會著，，當時所有在王府井KFC就餐的人員全部扣留，經逐個訊問確認與集會無關才允許離開，並被告誡不得外傳。中國茉莉花組織正在統計今日被抓人名單。taienlong, beijing 中共好強大哦！未署名 我在現場，當時是媒體先來的，警察先被部署在王府井的。許多民眾看到媒體和警察，自覺的過來湊鬧。其實個人認為這件事被西方媒體誇大了。遠成友加 上海茉莉花集會經歷了今日（2.27）在上海和平影都一帶的集會遊行。當局出動了至少二十輛警車（小轎車和麵包車約各半），有大批制服警察及便衣警察不斷驅散、推擠人群。附近的一個地鐵口至少從26日開始關閉至今。另外，附近的一家快餐店3點種左右以「設備檢修」為名突然中斷營業，關門謝客。和平影都前面的開闊廣場上聚集了大量的人群，估計至少有500。未署名"
https://www.bbc.com/news/uk-england-london-30228899,"Crossrail 2 cost rises by almost a third, says TfL","The 30% increase, of £6.6bn, has been due to the inclusion of costs for new trains and surface works, figures show. It means the north-south rail scheme is now expected to cost £20bn for the shorter Metro route and £27.5bn for the longer regional option. A decision is expected in early 2015 between the Metro and regional routes. Crossrail 2 would run from Cheshunt in Hertfordshire to Epsom in Surrey, passing through central London via stations at Tottenham Court Road, Victoria, Chelsea and Clapham Junction. Construction could begin in 2017 if proposals are approved. Consultants Mott MacDonald estimated in 2012 the entire scheme would cost £20.9bn, but the increase in costs has been shown in new independent report by consultancy PwC. It suggests that money from fares could be used to meet the cost increase, but funding may also come from extending the business rate supplement brought in for Crossrail 1 and the mayor's Community Infrastructure Levy (CIL) - a tax on London land owners and developers used to bring in money for big infrastructure projects. Other options included in the document include a possible council tax rise, similar to that used to help cover the cost of the 2012 Olympics, and further payments from landowners and property developments near the new line. These measures combined could provide over half of the scheme's cost, reducing the burden on the UK taxpayer overall, PwC said. Val Shawcross, transport spokesperson for the London Assembly Labour Group, said it ""makes sense"" for Londoners to contribute to the scheme's cost. ""[But] it is only right that a significant portion of the funding comes from central government and that the cost of Crossrail 2 is not unfairly shouldered by London taxpayers."" A preferred route for Crossrail 2 scheme was announced in October by mayor Boris Johnson, who said the project was vital to support the capital's growth. The scheme would complement the £14.8bn east-west Crossrail scheme, which is currently being built and scheduled to be operational by 2018. Supporters say Crossrail 2 would slash journey times across London, with a journey from Kingston, in south-west London, to Tottenham Court Road being completed in 29 minutes - 17 minutes less than today. But concern has been raised about the location of a new station in Chelsea along the proposed Crossrail 2 route. Residents of the Cremorne Estate on the King's Road argue demolition of housing may be needed if it is chosen as the location of the Chelsea West station. The current proposed station location is further east, near the fire station on the King's Road, and received the majority of support in this summer's consultation. The consultation document said other options will be considered during 2015."
https://www.bbc.com/zhongwen/trad/china/2014/05/140526_taiwan_army_death_appeal,台灣高院開審士兵洪仲丘遭虐死案上訴,洪仲丘母親胡素真希望二審能還家屬以公道、真相和司法信心。 桃園地方法院合議庭於3月一審裁定18名涉案軍士官和公務員當中13人有罪，判處三個月至八個月徒刑，部分被告可以罰款取代監禁。洪家與檢察官均不服判決。 高院指派曾主審拉法葉艦軍購弊案的法官蘇素娥出任審判長組成合議庭審理。洪仲丘父親洪吉瑞、母親胡素真與舅舅胡世和星期一（5月26日）一同到台北聽審。 本月初，台灣監察院動議彈劾三名涉案的高級軍官，全部獲得通過。 三人分別是陸軍542旅旅長沈威志、269旅旅長楊方漢和542旅副旅長何江忠。監察院將三人移送公務員懲戒委員會處理。 其中，沈威志與何江忠在3月份的一審中被判處六個月監禁，楊方漢則不在起訴之列。 洪仲丘舅舅胡世和星期一說，家屬從一審刑期中看不出誰要對侄兒之死負責，案情也遭到切割，希望二審能重啟調查，並對證人測謊，對說謊者依偽證罪論處。 胡世和還說，案中18名被告只有禁閉室長蕭志明有悔意，家屬願意原諒他，其他17名被告沒有真心認錯。 去年7月，還有三天就服滿兵役的洪仲丘在陸軍269旅禁閉室內疑似因操練過度不省人事，送院搶救不治，繼而揭發出軍中各種涉嫌欺壓部下的行為。 洪仲丘案在台灣內部引發廣泛不滿，甚至形成對軍方的信心危機，更引發上十萬群眾於總統府前抗議。 據中央社報道，監察院監察委員認為，洪仲丘案對國軍形像造成重大傷害，並產生嚴重不良後果，違失情節重大，因此對三名涉案高級軍官依法彈劾。 沈威志等三名軍官同時遭監察院彈劾。 洪仲丘之死引爆台灣民眾對軍隊的信心危機。 （撰稿／責編：葉靖斯）
https://www.bbc.com/zhongwen/trad/chinese-news-51117485,國民黨檢討敗選：「九二共識」的兩岸論述等七大因素,國民黨在台灣大選中失利，在黨內掀起改革聲浪，齊聲呼籲應該調整兩岸論述。 多名青壯派國民黨員紛紛退出黨內最高權力機構中常會。吳敦義1月15日宣佈辭去黨主席後，誰將接任備受關注。美國學者分析，領導國民黨的人及權力中心將決定該黨的兩岸論述及是否會調整「九二共識」。 中國國台辦1月15日則在例行新聞發佈會上強調「九二共識」不可動搖，台灣的前途在於國家統一。 「九二共識」論述 面對在選舉中挫敗，國民黨1月15日提出檢討報告提出七大敗選因素。從兩岸論述丶總統初選紛擾丶不分區提名丶黨內不團結，到總統候選人韓國瑜個人形象丶青年選民等分析檢討。 根據台灣媒體報道，報告中提及一、「討厭民進黨」終不敵「亡國感」；二丶兩岸論述未能掌握話語權，無法因應當下變局；三丶惡質網軍帶領風向，候選人品牌形象飽受挑戰，難以爭取中間選民認同；四丶高雄市長勝選模式無法複製，選戰策略選擇失誤；五丶黨內矛盾不團結，輔選力道仍待加強；六丶不分區名單未能符合外界期待；七丶青年參與政治程度高，本黨不受青年選民青睞。其中第二項關於兩岸論述稱，國民黨未能掌握話語權，無法因應當下變局。 選舉挫敗後，國民黨內齊聲呼籲應該調整兩岸論述「九二共識」。國民黨內最年輕的立法委員當選人、今年37歲的洪孟楷，向BBC中文表示：「國民黨已脫離民意，需要即刻檢討改變。」他也認為在兩岸論述上，「九二共識」必須有新的包裝和說詞。 洪孟楷說：「『九二共識』兩岸同屬一中、各自表述的意涵、原則可以繼續堅持，但需要換一個名詞包裝，國民黨的核心價值就是兩岸穩定發展，現在必須思考如何強化這樣的論述。」 他對BBC中文說：「現在『九二共識』在台灣普遍是負面印象，我們還要緊抱這個招牌嗎？」 今年30歲的國民黨籍台北市議員徐巧芯說，國民黨不應每次碰到任何與大陸有關的議題，都優先強調「九二共識」，而是就事論事。她說：「中國說什麼或做什麼就直接回應，不一定要提『九二共識』。」 她認為「『九二共識』是歷史事件無法抹去或廢除，可以做為兩岸的對話橋樑，若有天蔡英文執政導致兩岸之間無法對話或更嚴重的情況，就能提出。 美國學者南樂（Lev Nachman）認為，國民黨若要繼續成為大黨，改革迫在眉睫，但「九二共識」是否會有所調整仍有變數，因為現在黨內年輕人與資深黨員看法明顯不同，因此誰將掌舵國民黨是決定「九二共識」論述的關鍵。 資料畫面：國民黨黨主席吳敦義(左)2020年1月15日宣佈率領黨內一級主管向中常會總辭。 他解釋：「國民黨很多資深的黨員，畢生從政生涯都強調『九二共識』，改變的難度相當高。」 國民黨副發言人黃心華則更直接地在臉書發文表示「九二共識」劇本越來越難演下去了。他指出：「老人家的那一套『沒有九二共識就會地動山搖』的說法並沒有錯，問題是沒有先經歷地動山搖，年輕族群又怎麼會懂『風調雨順』的來之不易」。 不過，有中國學者認為，討論「九二共識」是否仍合時宜是弄錯方向，國民黨敗選是因為未有發揮政黨競爭力。上海台灣研究所常務副所長倪永傑向媒體指出，國民黨並未在選舉中沒有明確兩岸論述，且棄守馬英九時代的國共政治基礎，並未發揮既有的兩岸牌優勢。 他表示，國共雙方若沒有穩定的政治共識和基礎，「哪裏會有和平、發展，會有『貨出去、人進來、發大財』這種繁榮景象？」 國民黨的影響力 針對國民黨的未來，中國媒體也採訪國民黨政策會副執行長、中央委員蘇清泉。他建議，國民黨一定要從中央委員、中常委、黨主席全面改為黨員直選，而非用黨代表來間接選舉。 蘇清泉解釋，因為過去這樣弊端太多，只會變成小圈圈在經營，甚至變成宴請、送禮、買票文化來主導。蘇清泉表示，國民黨一千多個黨代表，一半的中常委，可能連村里長都選不上，都是借頭銜做生意遊走兩岸，如果講難聽一點，就是「騙吃騙喝」來形容，這也是大陸的高階官員親口向他說的。 雖然國民黨得檢討聲浪強烈，但學者認為國民黨在台灣社會仍有極大影響力。南樂認為，國民黨並未完全失去台灣民意，韓國瑜所得票數約552萬，仍比上一屆國民黨總統候選人朱立倫的約381萬票還要多，且政黨票仍有33.36%的支持率，只輸民進黨約0.6個百分點，因此仍有1/3投票選民支持國民黨。 但他強調，另外有30％的選民將政黨票投給小黨，顯示許多台灣人看不慣國、民兩個政黨，這對國民黨也是警訊。 南樂從選舉結果分析，國民黨對於親中有利於台灣經濟及維持兩岸和平的論述，並未讓大部分的台灣選民接受，「因此國民黨必須提出更有說服力的原因，解釋為何要與中國友好」。 中國國台辦1月15日在例行新聞發佈會中批評民進黨當局上台以來，拒不承認「九二共識」，單方面破壞兩岸關係發展的共同政治基礎。 發言人馬曉光說：堅持體現一個中國原則的「九二共識」是兩岸關係和平穩定不可動搖的基礎，撼山易，撼「九二共識」難，「台獨」分裂勢力及其活動是台海和平穩定的最大威脅，是兩岸同胞利益福祉的最大禍害，必須堅決予以遏制。 根據國民黨規劃，黨主席補選將在2月3日至4日受理參選人登記，3月7日投票；但最終版本仍待中常會討論通過。 爭取年輕人支持 除了在兩岸論述上必須有所改變，國民黨仍得面對流失年輕人支持的棘手問題，國民黨最年輕的立委當選人洪孟凱，年紀仍比民進黨最年輕立委當選人、27歲賴品妤，足足大了10歲。顯示出未來台灣國會中，國民黨的立法委員年紀仍普遍較高。 但今年30歲的國民黨籍台北市議員徐巧芯認為，年輕人只是軀殼，因此比起派出年輕人參選，更重要的是年輕思維，找到與年輕人溝通的辦法。她對BBC中文說：「國民黨為了站在民進黨的對立面，放棄台灣民眾多數的需求和想法，當然不可能勝選。」 她強調，台灣的年輕人都熱愛台灣這塊土地，並反對中國大陸各種形式的威脅，喜歡直率不做作的政治人物，希望政治人物公開透明的問政且理性的辯論。這些元素不論年齡，若能達到這些標凖，人們就會支持。 國民黨的支持者以長輩居多。 徐巧芯說：「不聽我們的聲音，你還想要敗選幾次？國民黨的支持者都以長輩為主，他們也在凋零，不改變未來可能變成像新黨的小黨。」 另一名國民黨議員陳若翠則向媒體表示，國民黨高層必須讓年輕人有傳承與接替，絶對不能再像以前一樣，「黨內權力結構核心一定要開始改變」。 洪孟楷通過電話對BBC中文說：「感謝這次輸的那麼慘，讓黨內出現集體焦慮，這也顯示大家都想要改變，是危機也是轉機。」 他表示，蔡英文執政期間，台灣在經濟上並未有大幅成長，民眾的福祉也沒有很明顯的向上提升，因此國民黨必須好好思考接下來的路線，讓民眾想到國民黨，除了對內政、地方治理上有好的印象，在國家主權上，抵抗中國，以務實且理性的論述符合台灣民眾的願景。 洪孟楷強調，國民黨與民進黨都要捍衛中華民國的主權，但主張最大的不同是，「國民黨先求兩岸和平穩定發展，提升台灣經濟再捍衛主權，而民進黨是捍衛主權，但是不顧兩岸交流」。 美國學者南樂表示，國民黨接下來的新任主席及高層，必須團結整個黨。他認為，韓國瑜代表國民黨參選總統已經導致國民黨的支持者分裂，部分選票流失至宋楚瑜，因此接下來如何團結國民黨將影響未來該黨的發展。 至於美國方面，南樂認為美國政府期待兩岸關係維持現狀，相較於韓國瑜的難以預測，為了維持現狀而會希望蔡英文連任。他說：「國民黨是否式微，則屬台灣內部的事情，美方並不在意。」
https://www.bbc.com/zhongwen/trad/world-48173410,文萊為什麼暫緩石刑處死同性戀者,英國同志團體在文萊持有的酒店外抗議 該國領導人蘇丹·哈桑納爾·博爾基亞（Sultan Hassanal Bolkiah）上周日（5月5日）宣佈的新《伊斯蘭刑法》（Syariah Penal Code Order，又稱SPCO）中關於死刑相關的法令將暫緩實施。但他也為新法典辯護，稱後者的「優點」將變得更清晰。這是該國統治者自上月以來首次公開談論該立法。 英聯邦秘書長帕特裏夏·斯科特蘭（ Patricia Scotland）表示，她「很高興死刑已被取消」。 自1957年以來，文萊沒有執行任何死刑處決。 在上周日的演講中，哈桑納爾·博爾基亞表示，他知道外界對於《伊斯蘭刑法》有 許多「問題和誤解。」 現年72歲的還領人掌握文萊投資局，旗下擁有其中一些世界頂尖的酒店 文萊的《伊斯蘭法》 文萊在2014年第一次引入伊斯蘭教法，當時已經受到廣泛遣責。這令文萊擁有一個伊斯蘭教法與普通法「並行」的法律體系。哈桑納爾·博爾基亞當時說過，新的刑法將會經過幾年時間才會全面施行。 2019新法令下，以死刑為刑罰的罪行包括強姦、通姦、雞姦、行劫，以及冒犯或詆譭先知穆罕默德等等。 同性戀在文萊本身已經不合法，此前的最高刑罰是10年監禁。在新法下，同性戀行為的定罪需要個人自己承認，或者被四個證人目睹其實施同性行為。 其中女性間的性行為將會處以40下的鞭刑以及10年監禁。同樣開始實施的還有，墮胎將被施行公開鞭刑，以及對盜竊者進行截肢。 新法也對一些規定作了修改，包括將「游說、要求或鼓勵」18歲以下的穆斯林兒童「接受伊斯蘭以外的其他宗教教育」列為犯罪。該法主要對穆斯林適用，但是其中一些方面也對非穆斯林居民有效。 新法下驚慌的文萊人 沙希蘭·沙赫蘭尼（Shahiran Shahrani ）是一名40歲的文萊同性戀者，目前正在加拿大尋求政治庇護，他表示在文萊已經能夠感覺之前新刑法帶來的影響。 這名前政府僱員在去年因為臉書上一則批評政府的帖文而被控煽動罪。 沙赫蘭尼表示：「文萊的同志群體從來就不算開放，但是因為Grindr（一款同性戀交友手機軟件APP）的到來幫助了人們秘密約會。但現在，我聽到的是幾乎都沒有人在用Grindr了。」 「他們害怕遇到一個假裝同性戀的警察。這種事還沒有發生，但是因為新的法規，人們很害怕。」 一名不願公開身份的文萊同性戀男子向BBC說：「你一覺醒來發現，你的鄰居、你的家人，甚至在路邊賣炸蝦油條的老奶奶都不把你當人，覺得用石頭砸死你是可以的。」 另一名同性戀男子則希望新法不會廣泛地實際執行。「說實話，我不會太害怕，因為這裏的政府經常拿嚴酷刑罰來虛張聲勢。不過即使很少發生，但是它還有可能會發生。」 一名並非同性戀但已放棄伊斯蘭教信仰的文萊男性則表示，看著新法實施感到「驚慌和無力」。「我們這些普通市民無力阻止伊斯蘭教法實施」，這名不願公開身份的23歲男子說。「在伊斯蘭教法下，我會因為叛教而面臨死刑。」 各界抵制起作用 文萊新法對同性戀者處以極刑的規定，激起了國際社會強烈抨擊。各界評論這些國際壓力對此次文萊撤回決定有所影響。 「文萊的刑法是一份有深刻漏洞的立法，當中有一系列侵犯人權的規定。」聯合國對此作出回應，稱有關立法殘酷而不人道，指這是人權維護道路上的一次「嚴重倒退」。 一些名人亦發出呼籲，抵制這個機構旗下的豪華酒店，其中就有好萊塢影星喬治·克魯尼（George Clooney）。「我們真的要間接資助這些侵犯人權的行為嗎？」他呼籲，任何反對這些法律的人都應該抵制入住在美國、英國、法國和意大利的多切斯特酒店（Dorchester Hotel）。 喬治·克魯尼（George Clooney）發起的抵制行動奏效。 德意志銀行（Deutsche Bank）宣佈所有員工差旅，不要下榻文萊政府擁有的飯店。 在壓力團體的游說之下，倫敦市交通局（Transport for London）以違反廣告原則的下，4月3日移除文萊航空在倫敦地鐵站投放的廣告。台灣也有同志諮詢熱線協會呼籲台北捷運公司撤下文萊航空公司廣告。澳洲維珍航空（Virgin Australia）也跟進，取消與文萊皇家航空的員工旅遊協議。 文萊檔案 位於婆羅洲上的文萊由蘇丹·哈桑納爾·博爾基亞（Sultan Hassanal Bolkiah）統治，這個國家主要通過石油和天然氣出口致富。穆斯林佔該國42萬人口的三分之二。 現年72歲的領導人還掌控文萊投資局（Brunei Investment Agency），旗下擁有其中一些世界頂尖的酒店，包括英國倫敦多切斯特酒店和美國洛杉磯比弗利山酒店（Beverly Hills Hotel in Los Angeles）等等。 文萊的掌權貴族擁有巨額私有財產，佔人口大多數的馬來人享受著豐厚的政府福利且不需要納稅。
https://www.bbc.com/news/world-us-canada-43791159,Starbucks: Philadelphia arrests of black men 'reprehensible',"In an interview on Monday, Kevin Johnson said the Philadelphia branch manager who called police on the two men last week has now left the company. The men were arrested when a manager complained that they had not made a purchase. A Starbucks spokeswoman says the pair have agreed to meet with Mr Johnson. ""The circumstances surrounding the incident and the outcome in our store on Thursday were reprehensible... they were wrong,"" Mr Johnson told ABC News on Monday morning. Starbucks 'sorry' over black men arrest ""Starbucks stands firmly against discrimination or racial profiling,"" he said in the blog post. During his interview, Mr Johnson added that it was ""completely inappropriate to engage the police"", and that Starbucks would conduct staff training to prevent ""unconscious bias"". Both men, who have not been officially named, were released shortly after their arrest, which was captured on mobile phone camera. They have each retained lawyers, according to US media. Throughout the weekend, and on Monday, protesters disrupted business at the cafe where the incident occurred. ""We don't want this Starbucks to make any money today. That's our goal,"" Abdul-Aliy Muhammad, one of the protest organisers, told the Associated Press. The American Civil Liberties Union (ACLU) said the Starbucks employee had ""terribly disrespected"" the two men. Reggie Shuford, executive director of the ACLU of Pennsylvania, said: ""Black Philadelphians face daily indignities when they are simply trying to go about their business. This incident shows that Black people can't even 'wait while Black.'"""
https://www.bbc.com/news/uk-england-tyne-43567379,Northumberland County Council-owned Arch 'spent thousands on foreign trips',"A ""culture of entitlement"" existed at Northumberland County Council-owned Arch over a four-year period. Arch, now dissolved, spent £73,000 on trips and hospitality between 2014 and 2017, even flying a local taxi driver to France to ferry delegates around. The council said it was ""appalled"" at ""inappropriate use of public funds."" It said there had been financial impropriety and failings of governance at Arch. As well as first-class travel, Arch also paid for accommodation and ""high-cost meals and beverages"" during seven investments conferences in Cannes and London. Some £3,500 was also spent on sending a party of six, including guests, to a sporting event at Wembley. The council's audit committee report concluded there was not always ""evaluation of the benefit"" of such trips. Northumbria Police were called in last October to look at elements of Arch's operations, after a separate review found ""failings in relation to the operating principles and fundamental purpose of Arch"". The force said it was still examining the council's findings. 'Serious failings' Between 2014 and 2017 the council was Labour-run, but came under Conservative control during the last local elections. The Labour group has accused the Conservatives of a smear campaign against the previous administration. It said that Arch, dissolved last year, generated millions of pounds for the local economy, creating hundreds of jobs. But in a statement, the council said: ""An independent and strategic review of Arch highlighted a number of serious failings in terms of governance and financial impropriety. ""We are appalled at this inappropriate use of public funds. ""Any identified impropriety will be handled in accordance with standard policies and procedures."" It said interim governance and financial procedures had been in place since July 2017, ""with robust management arrangements to ensure probity and transparency"". ""A new development company is being created, which will have a greater focus on regeneration, place-shaping and delivering for the communities of Northumberland,"" it added."
https://www.bbc.com/news/health-19570364,Down's syndrome patient challenges resuscitation order,"By Jane DreaperHealth correspondent, BBC News The instruction not to attempt resuscitation in the event of a cardiac or respiratory arrest was issued without his family's knowledge. Their lawyers describe the order as ""blatant discrimination"". East Kent Hospitals University NHS Foundation Trust says it complied fully with guidance from professional bodies. The family of the man, who can be identified only as AWA because of a court order, remained unaware of the do-not-resuscitate (DNR) decision until he had returned from hospital to his care home. The DNR form, issued while he was in hospital in Margate a year ago, was listed as an indefinite decision, meaning it would cover the duration of his stay in hospital, with no provision for review. The reasons given were ""Down's syndrome, unable to swallow (Peg [percutaneous endoscopic gastrostomy] fed), bed bound, learning difficulties"". AWA, 51, has dementia and was having a special tube fitted to help him with feeding. The form says there was no discussion with his next of kin because they were ""unavailable"", but the family say they visited him in hospital ""virtually every day"" - and a carer from his home sometimes attended too. One of AWA's close relatives, who is pursuing the legal action on his behalf, said: ""Until his dementia started three years ago, he had a really hectic social life. He loved parties, discos and going to church. ""He was looked after at home for as long as possible, but then we got him into a nice care home. His health deteriorated a bit - he had eating problems and couldn't swallow - so the decision was taken to have a Peg inserted so he could receive medication, foods and liquids. ""He was admitted to hospital for a fortnight. When he was discharged, one of the carers at his home was unpacking his bag and found the DNR form, to their horror. ""We weren't aware of the DNR until then. We were very angry and quite distressed, especially as he'd been re-admitted that day because he'd got pneumonia. ""Since November last year, he's been right as rain. He has a specially adapted chair, takes part in various activities and is conscious of everybody around him most of the time. ""He has a good way of life now, but somebody wasn't prepared to give him the time of day."" AWA and his family are represented by solicitor Merry Varney, from Leigh Day & Co. She said: ""This is definitely one of the most extreme cases we have seen of a DNR order being imposed on a patient without consent or consultation. ""To use Down's syndrome and learning difficulties as a reason to withhold lifesaving treatment is nothing short of blatant discrimination. ""If an individual was physically preventing a doctor from administering life-saving treatment to a disabled relative, it would undoubtedly be a matter for the police, yet we see doctors taking this decision without consent or consultation regularly."" Mark Goldring, chief executive of learning disability charity Mencap, said: ""We are very disappointed to hear about this case, but unfortunately, we believe that DNR orders are frequently being placed on patients with a learning disability without the knowledge or agreement of families. This is against the law. ""All too often, decisions made by health professionals are based on discriminatory and incorrect assumptions about a patient's quality of life. ""People with a learning disability enjoy meaningful lives like anyone else. Yet... prejudice, ignorance and indifference, as well as failure to abide by disability discrimination laws, still feature in the treatment of many patients with a learning disability. ""Health professions need to understand their legal duties when treating people with a learning disability, and be held to account when their fail to do so."" Dr Neil Martin, medical director for East Kent Hospitals University NHS Foundation Trust, said: ""The trust cannot comment on this individual case because it is subject to ongoing legal proceedings. ""East Kent Hospitals has put a great deal in place in recent years to meet the needs of vulnerable patients, including practical steps to improve communication with people with learning disabilities and their carers. ""It has a clear and robust policy in place on 'Do Not Attempt Cardio-pulmonary Resuscitation', which complies fully with national guidance from the professional bodies."" Ms Varney is leading a separate legal case to try to make the Department of Health issue government policy across England on DNR forms, rather than leaving it to professional guidance and policy decisions by individual NHS trusts. That case is on behalf of the family of Janet Tracey, who died at Addenbrooke's Hospital in Cambridge. It will be heard in the High Court later this year."
https://www.bbc.com/news/uk-scotland-24778681,Empire Antarctica named Scottish Book of the Year,"Gavin Francis won the £30,000 Scottish Mortgage Investment Trust Book of the Year for Empire Antarctica. The prize was announced at the Lennoxlove Book Festival, with three runners up also receiving £5,000. The awards recognise authors from or who reside in Scotland, or those whose book has particular Scottish interest. Mr Francis wrote the book while working as base camp doctor at the Halley research station on the Caird coast. It is said to be so remote, it is easier to evacuate a casualty from the International Space Station than it is to bring someone out of Halley in winter. He said: ""Winning an award like this, for any writer, is a tremendous endorsement of what it is that they're trying to achieve."" The author said he was ""astonished and delighted"" to have won. ""Scotland has a tradition of looking out beyond its borders, even as far as Antarctica, and Scottish literature has always punched above its weight,"" he added. ""I'm conscious that to be part of that tradition, and that literature, is an immense privilege."" 'Evocative narrative' Empire Antarctica is described as ""the story of one man and his fascination with the world's loneliest continent, as well as the emperor penguins who weather the winter with him. ""Combining an evocative narrative with a sublime sensitivity to the natural world, this is travel writing at its very best."" Mr Francis was competing against three other shortlisted authors in the Fiction, Poetry and First Book categories - Ewan Morrison, Richard Price and Kerry Hudson respectively. Kirsty Logan, panel Judge and books editor at The List, said: ""The quantity and quality of writing being published in Scotland is truly inspiring. ""Gavin Francis is a worthy winner: Empire Antarctica is vivid, captivating, and will be enjoyed by readers from the very north of Scotland to the very south of Antarctica."" Creative Scotland chief executive Janet Archer said: ""Big congratulations to Gavin and all of the finalists of this year's Scottish Mortgage Investment Trust Book Awards. ""From poets to storytellers, screenwriters and playwrights, the Scottish Book Awards has been celebrating Scotland's exceptional writing talent and spotlighting the very best of our excellent literary works for many years, and each year the shortlist has captured the incredible quality and scope of literature produced in Scotland."" Short films In a first for any British book award, the Scottish Mortgage Investment Trust Book Awards worked, in partnership with Ko Lik Films, to commission four young Scottish animators to interpret readings by the authors from the first page of each of their books. Cat Bruce, Anna Pearson, Michael Hughes and Kate Charter, who are all graduates from Edinburgh College of Art, were invited to create the short films. The Awards selection panel included Clare English, BBC Radio Presenter; David McCormack of Waterstones; Peggy Hughes, Programme Director at Dundee Literary Festival; Kirsty Logan, Books Editor at The List; and Aly Barr, Development Officer at Creative Scotland. The Category winners each receiving £5,000 are: · Fiction - Ewan Morrison for Close Your Eyes (Vintage) · Poetry - Richard Price for Small World (Carcanet) · First Book - Kerry Hudson for Tony Hogan Bought Me an Ice-Cream Float Before He Stole My Ma (Chatto & Windus) Awards have previously been made to Janice Galloway for her memoir All Made Up (2012); Jackie Kay for her autobiography Red Dust Road (2011); Donald Worster for his biography A Passion for Nature: The Life of John Muir (2010)."
https://www.bbc.com/zhongwen/trad/chinese-news-48023840,中國海軍閲兵展實力，盤點國際不安三大原因,中國海軍閲兵在青島舉行 4月23日在山東青島海域舉行大規模的海上閲兵，包括遼寧號航空母艦在內的中外軍艦及中國軍機受閲。但青島外海大霧籠罩，受閲軍艦在朦朧中若隱若現，軍機更完全隱沒在濃霧裏。 這次參與海上閲兵的中國軍艦共32艘，依序由8艘潛艇、7艘驅逐艦、8艘護衛艦、4艘登陸艦、4艘輔助艦及遼寧號列隊受閲。 這是繼2018年4月中國在南海舉行有史以來最大規模的海上閲兵之後，又一次舉世矚目的實力秀和「團結秀」。 中國官方新華社表示，超過60個國家派出代表出席在青島舉行的海上閲兵活動，其中30多個國家派出了高級海軍將領。 在閲兵儀式上，中國領導人習近平除了檢閲中國海軍32艘艦艇，還有另外13個國家海軍的18艘艦艇。 這13個國家包括俄羅斯、印度、泰國、越南、緬甸、馬來西亞、菲律賓、 日本，澳大利亞、孟加拉、韓國、文萊、新加坡；其中孟加拉和泰國的艦艇由中國建造。 習近平在青島海上閲兵時，視察新軍艦 。 公關秀 美國沒有派出艦船參加此次閲兵，僅派出海軍上校級別的軍官參加活動。與2009年中國海軍建軍60週年時，美國海軍「菲茨·傑拉德」號驅逐艦參加在青島的海上閲兵相比，今年美國的低調出席，難免讓外界有諸多遐想。 報道此次海上閲兵的很多外國記者發回這樣的評論：這是中國對美國霸主地位的挑戰；中國作為海上強國的時代已經來臨。 中美經濟實力與10年前相比已經發生了很大的變化，中國海軍實力正在突飛猛進。 參加中國海上閲兵的國家中，既有與中國在東海有釣魚島之爭的日本，也有在南海與中國有主權之爭的菲律賓、越南、馬來西亞和文萊。 首次亮相的中國核潛艇長征11號 習近平在會見外國代表時喊話：中國人民熱愛和平、渴望和平，堅定不移走和平發展道路。 他還強調，「中國堅定奉行防禦性國防政策」並表示「國家間要有事多商量、有事好商量，不能動輒就訴諸武力或以武力相威脅。各國應堅持平等協商，完善危機溝通機制，加強區域安全合作，推動涉海分歧妥善解決。」 習近平此番講話所針對的國家，中國內外都心知肚明。而能邀請到這些與中國有海上主權之爭的國家參加海上閲兵，無疑被視為中國一次成功的公關活動，也讓習近平的講話有了實實在在的落腳點，樹立起自身的榜樣作用。 然而，中國要消除外界，特別是美國對中國軍力的疑慮，相當困難。原因主要有以下三大方面： 軍費透明度 根據中國的說法，多國海軍艦艇聯合海上閲兵，是推動中國軍力更加透明的舉措：本次中國向外展示了海軍的潛艇、水面艦艇、航空兵、岸防以及陸戰隊五大兵種。 為實施中國的「一帶一路」戰略，習近平倡導「樹立共同、綜合、合作、可持續的新安全觀」。 中國建造的排水量最大的新型戰略導彈核潛艇長征10號， 與航空母艦「遼寧號」都在海上閲兵的行列中。 在外界觀察人士看來，中國海上閲兵顯示軍力加強、國家自信的同時，難免也會讓周邊國家感到不安。 在青島採訪報道海上閲兵的BBC記者白洛賓（Robin Brant）分析說，這樣的閲兵，目的不僅僅是為了展示中國迅速擴建海軍的自豪感，而且是為了展示中國的崛起，這毫無疑問是一場實力秀。 實力秀對內有提升民族自豪感的功能，對外有震懾敵人的威力。然而，真正的軍事實力，應該是每個國家的高度機密，絶不會全盤托出。 正是因此，中國每年的軍費開支，成為外界觀察中國軍力的關鍵指標。2019年3月，中國人大公布將國防預算定在11899億元人民幣（約1774.9億美元）。 儘管中國每年都公布自己的國防預算，然而外界總是質疑中國的透明度，認為中國實際投入的資金應該高得多。 海軍實力 路透社在報道中國海上閲兵時認為，「隨著中國尋求將威力投送到遠離自身海岸的地方、保護貿易通道和海外公民，海軍是中國現代化的主要受益方。」 美國《國家利益》網站上刊登的文章認為，中國海軍正在以「快得有危險的步子」推進現代化，「過去10年建造了100多艘軍艦，速度之高超過了強大的美國海軍」。 中國《東方網》日前報道，2018年，中國海軍艦艇下水的噸位數超過20萬噸，佔全球2018年下水總噸位的三分之一以上，比美國海軍當年下水噸位還要高出將近2.5倍，另外在造船廠的生產線上還有幾十艘艦船等待建造。對中國軍艦下水數量之多，有人戲稱如「下餃子」一般。 總部設在倫敦的國際戰略研究所（IISS）在去年年初，就曾發表全球海軍軍事力量調查報告稱，以艦艇總噸位計算，中國過去4年間建造的海軍艦艇的總量，接近整個英國皇家海軍的規模，已經超過法國海軍規模。 如此數量、如此速度，讓人擔心。BBC記者白洛賓分析說：中國海軍的實力的確讓以往一直在太平洋上佔主導地位的美國感到 「鬧心」。「感到鬧心的還有澳大利亞，它擔心中國的影響力。特別是南海周邊的國家，因為中國宣稱在此擁有主權。另外還有生活在台灣島上的民眾。」 吉布提背靠非洲大陸，與阿拉伯半島隔海相望。從這裏經紅海和蘇伊士運河可抵地中海直達歐洲大陸，向東則直通阿拉伯海和印度洋。 海外基地 2017年7月，中國解放軍在非洲國家吉布提修建的軍事基地正式成立，標誌中國第一個海外軍事基地的誕生。 儘管中國一再強調吉布提基地是「保障基地」，為的是中國在亞丁灣和索馬里海域護航、以及開展人道主義救援等國際義務。然而，吉布提「保障基地」一直是由中國軍方主導、軍方修建、軍方所用的軍事基地。 2018年12月，中國中央電視台走入吉布提基地，採訪了解放軍駐吉布提保障基地政委李春鵬。他在採訪中表示：我遠海護航保障將逐步從以補給艦伴隨保障為主，國外靠港為輔的方式，調整為以海外基地保障為主，國外其他港點和國內支援為補充的新模式。 外界分析人士認為，像吉布提這樣的海外基地對保護中國日益擴張的國際利益至關重要，而李春鵬的此番講話，之所以大有深意，是因為吉布提基地已趨成熟，堪稱中國海軍向外拓展的里程碑。 解放軍駐吉布提保障基地成立暨部隊出征儀式在廣東湛江某軍港舉行 中央電視台的報道也承認：中國海軍的保障體系不斷完善，吉布提保障基地的成立標誌著遠海保障向前跨越了一大步。 2019年1月的一次中國國務院新聞辦公室舉行的記者會上，解放軍中將何雷回答了這樣一個問題：中國未來將在海外建設多少個軍事基地？ 他的回答是：首先，看看中國在執行聯合國賦予的任務當中還有哪些需要，需要在哪個國家建立；第二看有沒有這種可能，這些國家同意不同意。 他說：「需要和可能結合起來，建立保障基地的這種可能性還是存在的。」
https://www.bbc.com/news/uk-wales-40644393,S4C 'reaching new audiences' on social media,"By Huw ThomasBBC Wales arts and media correspondent Its annual report shows the number of viewing sessions on S4C Arlein and the iPlayer fell to 7.6 million in 2016-17. During the previous year the sites attracted 8.4 million viewing sessions. Audiences to its programmes on the traditional Welsh language TV service across the UK also dipped to 9.1 million from 9.9 million the previous year. But S4C said it had achieved over 18 million views of S4C content on social media platforms including Facebook, Twitter and YouTube. There is no comparable data from 2015-16. Writing in the annual report, chief executive Ian Jones said S4C had ""surpassed"" some of the standards set the previous year but that the dip in viewers on the BBC's website needed to be addressed. He said: ""There is one measure which raises questions, and calls for further analysis - that is the fall in viewing sessions of S4C content on the BBC iPlayer. Work will need to continue on that, but the advantage gained by our presence on the iPlayer is still clear."" The level of repeats on the channel also increased to 63% of its schedule, higher than the 57% recorded in 2015-16 which Ian Jones had said last year was ""far too high."" An independent review ordered by the UK Government has yet to begin its work. A person has yet to be appointed to chair the review, which had been expected to begin its work in early 2017. Chief executive Ian Jones will leave the channel in the autumn, and will be replaced by civil servant Owen Evans on 1 October 2017."
https://www.bbc.com/zhongwen/trad/world/2009/08/090814_dalai,達賴喇嘛：西藏問題是中國內政,"達賴喇嘛是在接受BBC中文網專訪時做上述表示的。他說，1965年後他選擇與中國政府對話解決西藏問題，因為他們意識到「通過聯合國也許並不現實，最好是直接溝通。」 此前，他僅表示願意留在中華人民共和國的框架內解決西藏問題。而他受到西方國家領導人的接見往往造成中國政府的激烈反應。 達賴喇嘛於1988年提出「中間路線」，尋求西藏「有意義的自治」而非完全獨立，但是中國政府與達賴代表持續多年的談判未取得任何進展，去年3月又發生西藏和其他藏區騷亂，年輕一代藏人對「中間路線」產生質疑。 從2002年到2008年期間，北京的中央政府與達賴喇嘛的私人代表舉行了八、九輪接觸談判，但後期指責「達賴集團」以尋求自治之名，行分裂祖國之實。 達賴喇嘛在專訪中承認，「不管是藏區內還是藏區外，藏人的失望沮喪情緒越來越明顯，這讓我有時有些擔憂。」 他表示對西藏問題確實「感到緊迫」，但目前與北京沒有任何聯繫，他期待北京發出信息。他說：「我們做好了凖備，隨時派人去。」 這位流亡印度的西藏精神領袖說，他並不反對中國政府在西藏的經濟建設。他說，「就物質發展而言，留在中華人民共和國內我們可以得到更大的好處。但前提是我們需要自由——宗教信仰和從事宗教活動的自由以及言論自由。」 民族政策 在新疆首府烏魯木齊7月初發生大規模騷亂之後，中國的少數民族政策問題再次受到廣泛關注。在回答「新疆騷亂事件的根源」的問題時，達賴表示這與西藏問題有相似之處。 「儘管列寧強調對少數民族、其他民族正確態度的重要性，甚至蘇聯憲法還提到，他們有獨立的權利。但實際上（我們看到的是）太多的中央集權，中國也是同樣的問題。」 他表示，這表明中國近六十年來的民族政策是個失敗。 達賴喇嘛接著說，他對新疆的暴力事件「完全不同意」，「在事關人命的問題上，任何人都是一樣的 ，不分種族和宗教信仰。」 中國駐英國使館表示，對達賴喇嘛的最新言論不予回應。 樂觀？悲觀？ 今年74歲的達賴喇嘛說：「西藏問題是一個古老民族以及他們的權利的問題，與我個人的生命沒有任何關係。」 「如果不久我死了，很快就死了，我不會感到擔心，因為具有至少兩千多年歷史的西藏精神還在。未來，西藏精神將繼續存在下去。」 達賴喇嘛說，從近期看、從西藏內部看，解決西藏問題「幾乎沒有什麼希望」。 「西藏問題的產生不是因為內戰或者西藏人內部的什麼問題，而是所謂的解放軍來了，用武力控制了一切。」 但他表示，今天的中國與三、四十年前相比已經大不一樣了，他對中國領導人適應新形勢的能力還是樂觀的。他說，「當我從更廣、更全面的視角來看這個問題的時候，我非常樂觀，覺得有希望。」 讀者反饋 達賴喇嘛如果能像他現在這樣想的話，說明他在轉變，當然達賴在中國西藏地區還有相當的影響力，畢竟還是那裏的合法藏教領袖。但是不要忘記北京政府能與你或你的代表坐下來談的前提條件就是西藏是中國一部分。那就請你不要在國外製造事端。你的藏教演說往往含有濃厚的政治意味，你能夠讓政府放心對你的宣傳嗎？顯然不管藏區內還是藏區外的西藏人，全都是中華民族一員。如果你能在有生之年回西藏，我們大家都歡迎。但是你在海外搞分裂，你就沒有好下場。西藏 新疆和台灣都是大中華家族的一員。如果誰要來分裂，那就讓他試試看！與整個中華民族對抗的滋味可否想嘗一嘗？請達賴在遊歷西方各國後，再作打算。沒有根的滋味對任何人都難以想像。Timothy JI , Tucson ,AZ"
https://www.bbc.com/news/uk-england-london-49707500,"Newham 'must improve' youth offender services, watchdog says","Newham Council does not ""adequately assess"" the risk posed by young criminals, according to the HM Inspectorate of Probation. Young people who had committed crimes were also not sufficiently helped to stop them re-offending, a report said. ​​Newham Council said it accepted the findings and would ""bolster"" its youth offending team. Councillor James Beckles, Cabinet member for crime and community safety, said: ""We fully accept the weaknesses found in our service and will take the inspectors' recommendations on board when considering how we ensure the right improvements are made. ""We apologise to our young people who have been let down by the failings highlighted by the report."" Services are plagued by delays and staff shortages according, the Local Democracy Reporting Service reported. 'Robust plan' The council's youth offending team, which supervises people aged 10 to 18 who have been sentenced in court or arrested but not charged, was deemed ""inadequate"". Overall services were reported as ""requires improvement"". Chief Inspector of Probation Justin Russell said: ""Staff should work with the young person and their families to develop a robust plan that will deter them from further offending. ""As the plans were not up to the mark, it is unsurprising that the delivery was poor."" However management were praised for their leadership. Inspectors said the ""tragic deaths of several children in the borough in recent years has resulted in a focus on keeping children safe"". Newham is the third London borough to be inspected under the new standards and ratings system introduced last year. Lambeth's youth offending team was also rated as requires improvement, while Wandsworth was given a good rating."
https://www.bbc.com/news/uk-politics-eu-referendum-35634239,EU referendum: Leaving EU a 'leap in the dark' says Cameron,"He said the choice was between an ""even greater Britain"" by staying in, or a ""leap into the dark"" by exiting. There were thinly veiled swipes at Boris Johnson, including the PM ruling out the idea of a second referendum. More than 100 Conservative MPs want to leave the EU, including some ministers listening to his Commons statement. In a two and a half hour statement to the House of Commons, Mr Cameron told MPs that, as a prime minister who was not going to seek re-election, he had ""no other agenda than what is best for our country"". That was seen as pointed reference to Mr Johnson, who has been accused by some of putting personal political ambition ahead of principle in deciding to campaign for EU exit. The Conservative MP has rejected that suggestion and insisted that he has long been sceptical of the benefits of EU membership and the UK has a ""great future"" outside it. 'Harmony' As he left the Commons on his bicycle after the EU statement, Mr Johnson replied ""No"" when asked if there was a civil war within the Conservative Party on the issue. ""It's glutinous harmony,"" he added. Mr Cameron addressed the Conservative backbench 1922 Committee on Monday evening, joking that ""love has broken out"" as he left the meeting with his arm around Eurosceptic MP Philip Davies. Earlier, in the Commons, Mr Johnson intervened during the PM's statement to ask how the deal he negotiated would ""in any way"" return sovereignty to the UK. The prime minister defended the deal he negotiated with the EU's 27 other states, outlined in a new government document, telling MPs it would give the UK a ""special status"" within the EU and ensure it never became part of a European super-state. James Landale, BBC deputy political editor Abraham Lincoln said that ""a house divided against itself cannot stand"". So how can the government stand when it is so utterly divided over Britain's future in the European Union? The short answer is that it has simply decided to suspend the usual rules demanding unity and loyalty. Cabinet ministers have been given permission to ignore collective responsibility which requires them to support government policy. That means that the five full members of the cabinet who are refusing to support the government's position of backing the Remain campaign can stay in their jobs. But, in a letter published last month, David Cameron set out some pretty tight constraints on what those ministers can do. Read more from James The UK, Mr Cameron said, would be ""safer and stronger"" as a result of a exemption from ever-closer union, limits to in-work benefits for EU migrants that he said could last up to 2028 and protection for countries outside the eurozone, telling MPs that the UK was ""better off fighting from the inside"". The prime minister dismissed talk of a second referendum on the terms of withdrawal if the British people voted to leave in four months' time, saying this option was ""not on the ballot paper"". In the event of a vote to leave, he said Article 50 of existing EU treaties - the as-yet unused mechanism by which a country could leave the EU - would be triggered straight away and the process of separation would be difficult to reverse. If negotiations were not concluded within two years, he warned that many existing benefits of the UK's membership would lapse automatically. He also challenged those backing EU exit to set out their alternative vision for the future of the country. ""I recognise there are disadvantages of being in the EU but I can look the British people in the eye and say this is what it is going to be like if we stay in,"" he said. ""The people who are advising us to leave have got to spell out what the consequences of leaving are."" The statement was the first opportunity Tory MPs have had to question the PM since Friday's agreement and publicly set out their position ahead of the poll in four months time. A succession of Tory MPs questioned the substance of the PM's agreement, suggesting it would do nothing to remedy the unfairness of the EU's Common Agricultural Policy, reduce levels of EU immigration and address the power of European courts. Backbencher Jacob Rees-Mogg said the EU was a ""failed"" body and the UK should ""make our own path"". ""For so much labour, he has achieved so little,"" he said of the PM's renegotiations. ""Is the government's policy basically 'always keep a hold of nurse for fear of finding something worse?"" 'Sideshow' For Labour, Jeremy Corbyn said he was glad the ""theatrical sideshow"" of Mr Cameron's negotiation was over and Labour could make a ""real"" argument for the benefits of EU membership, while former SNP leader Alex Salmond urged him to make a ""more positive case"" for EU membership. Asked about the apparent criticism of Mr Johnson, Mr Cameron's spokesman said the prime minister did not have anyone in mind when he made the comments and ""was speaking for himself"". The government has published further details of the process leading up to the referendum. According to BBC research, 142 Tory MPs will campaign to remain in the EU, 120 to leave and 68 have yet to make their positions clear. The overwhelming majority of Labour MPs back continued EU membership as do the SNP, Plaid Cymru and the Liberal Democrats but the Democratic Unionists and UKIP are opposed. Earlier on Monday, Defence Secretary Michael Fallon rejected claims that the UK's membership exposed it to greater security risks, pointing out that the EU had taken the lead in confronting Russia over its annexation of Crimea and Iran over its nuclear programme. Explaining his decision to back EU exit in the Daily Telegraph, Mr Johnson wrote: ""There is only one way to get the change we need - and that is to vote to go; because all EU history shows that they only really listen to a population when it says no."""
https://www.bbc.com/news/uk-scotland-46617963,Health expert says hepatitis C could be eliminated quickly in Scotland,"By Lisa SummersScotland Health Correspondent Three years ago the Scottish government pledged to eliminate the chronic viral infection from Scotland by 2030. But earlier this year a report by The Hepatitis C Trust said it was not on track to meet that target. Prof John Dillon said Scotland had the opportunity to cure the disease completely in the next few years. Experts said Scotland was heavily involved in the development of the wonder drugs which now offer a cure for the virus, which over time can lead to cancer and liver failure. They are pushing for ministers to be more ambitious in identifying and treating the tens of thousands of people still infected. Most of them have a history of injecting drugs and many are homeless and difficult for health professionals to reach. 'National priority' The Scottish government insisted eliminating hep C was a priority and it was on track. In its report, The Hepatitis C Trust said tackling the disease should be a ""national priority"" and the falling cost of treatments meant Scotland should try to eliminate hep C even quicker than the target. Prof Dillon, the chair of the clinical leads for hepatitis C in Scotland, said it could be done within five years if Scotland was prepared to increase its efforts. What is hepatitis C? How many people are affected? In 2016 it was estimated that about 34,500 people were infected with hepatitis C in Scotland. The vast majority were injecting drug users and almost half were thought to be undiagnosed. Experts said each infected person could pass it on to up to 30 others over a 10-year period. Even after treatment and cure, it is possible to catch the virus again through repeated contact, so hepatitis C can only be eliminated if cure rates are consistently higher than new infection rates. That requires high and sustained rates of both diagnosis and treatment. How can it be tackled? Prof Dillon said many of the people affected by hepatitis C were among communities who used drugs and they were often homeless or disenfranchised. He said there needed to be new methods for bringing those patients into therapy. Prof Dillon said that meant putting treatment into opiate substitution therapy areas, into needle exchanges, community pharmacies and perhaps prisons. He said the cost of the drugs had fallen to about 12.5% of the cost they were four years ago. Quadrupling the numbers of patients in treatment could be achieved even with just half the funding that was available a few years ago, he said. Prof Dillon said: ""There are competing demands for all healthcare resource but we can eliminate hepatitis C so this is an investment over three or four years to get rid of it completely and then you don't need it any more. ""We have a moment of opportunity to move forward and eliminate very quickly but at the moment we are slowing down and treating to target. ""We could still get back on that track and up it to eliminate from Scotland hepatitis C by 2025 or even 2023."" NHS Tayside, where Prof Dillon works, has committed to elimination and hopes to achieve it next year. Other parts of the UK are aiming to eliminate hepatitis C by 2025. A Scottish government spokesman said: ""Eliminating hepatitis C is a priority and we are on track to do this by 2030. ""We're working with Health Protection Scotland to develop a plan to further enhance Scotland's progress and eliminate hepatitis C earlier than that. ""This year, we are on track to treat significantly more people than our target of 2,000."" 'When you're on the streets you don't care about yourself' Edinburgh Access Practice is no ordinary GP surgery. There are no appointments, dogs are welcome and most of the patients know each other. The aim is bring in people who would not normally have access to a GP. Brian has recently finished his hepatitis C treatment at the practice. He lost his council flat when his mum died. He was offered B&B accommodation but they wouldn't take his dog, Cooper, so the two of them slept on the streets for three months until a space came up at a hostel that took dogs. ""Through my own mistakes I ended up getting septicaemia in my blood,"" he said. ""It could have been through needles or a tourniquet, I don't know. ""I would have died but the doctors came looking on the streets trying to find me."" Brian wouldn't go into hospital until he got carers for his dog. He said he did not trust anyone with him on the streets. One of the doctors got a foster carer for Cooper and Brian spent two weeks in hospital. He said having that help and reassurance from the Access Practice about his dog was the first step in starting to look after himself. Brian said: ""It wasn't his fault he was on the streets, so I was just trying to protect him. He's never left my side. ""Now I've been put on a methadone programme, which has helped me a lot, and I've done my hepatitis C treatment, which is all clear now. ""I just need another test in three months but the treatment's worked."" Brian added: ""When you're on the streets you don't care about yourself but the clinic here jumped in, and they've done lots for me. ""Now I want to make my family proud and I've got goals set and I want to achieve them."" 'I've been homeless on and off since I was 14' Deano Stewart is half way through his treatment for hepatitis C at the practice. He grew up in care but has been homeless most of his life. Deano recently moved into a hostel in Leith but before that he shared a doorway above Victoria Street with his dog, Bailey. He said: ""For the past 28 years it's all I've known. I've been homeless on and off since I was 14."" ""People don't see me as a human being any more because I sit and beg and I sleep on the streets."" He said the last thing he was thinking about when he was on the streets was his health. ""I got given hepatitis C deliberately 20 years ago,"" he said. ""Some guy gave me it deliberately because I wouldn't give him drugs - I was selling drugs at the time - so he used one of my needles and then put it back. That's how I got mine."" Deano said the first time he got treatment for hepatitis C it was ""really nasty"". It used to be an injection and tablets which had severe side effects. ""This time it's just a tablet you take and it's only for eight to 12 weeks and there's not any side effects,"" he said. ""Now I'm half way through it and I'm just hoping it works this time and I get rid of it."" Deano said: ""I want to become a drug worker and a key worker. ""And the dog's going to be doing pet therapy with old people and in hospital and sick kids. ""She'll have her own wee badge and that. But it just takes time."" 'I'd had it for 14 years and I just wanted to get cured' Darren Ritchie was given a grant to study film at Napier University but needed money for drugs so dropped out. He said he can't go back. ""I've got bipolar disorder and I can't motivate myself to do anything apart from listening to music and watching the TV,"" Darren said. ""I think I've let myself down because I could have been moving on and doing something better with my life but that's how things go. That's the way the cookie crumbles. It's a mad world."" He has had the treatment and is all clear of hepatitis C. Darren said he contracted hep C by accident when he went to get a pound coin out of a bucket and got stabbed by a needle. He said: ""There was people in my house jagging up but I wasn't sharing needles, I've never done that. ""I'd had it for 14 years and I just wanted to get cured and get a clean bill of health."""
https://www.bbc.com/zhongwen/trad/chinese_news/2012/11/121109_18_congress_wangyang,廣東領導人汪洋18大期間強調改革,汪洋能否「入常」被許多人看作中共是否改革的標誌 今天（9日）中共18大廣東代表團開放團組會上，汪洋對記者強調改革，並說共產黨員就是改革者。 廣東省委書記汪洋說，「每一個中國共產黨黨員，包括我在內，都是改革者，不然就沒有今天。」 汪洋強調廣東省所做的改革嘗試是貫徹17大的精神，都在17大報告規定的範圍內，因為改革開放是中國共產黨的戰略抉擇。 汪洋還說在將來的工作中會按照18大報告的精神繼續推動包括政治改革內的各項改革。他說「18大報告明確了要解放思想、改革開放、凝聚力量、攻堅克難。這是不會變的，中國、廣東會沿著改革開放的路子堅決走下去。」 改旗易幟？ 前一天中國國家主席，中共總書記胡錦濤的講話使外媒評論認為中共將繼續堅持國家對經濟的控制，撲滅了在今後10年推行深層次自由市場經濟改革的希望。 18大開幕式上胡錦濤在在鐮刀斧頭的黨徽下發表講話說要「堅持公有制為主體、多種所有制經濟共同發展的基本經濟制度」，還說「既不走封閉僵化的老路、也不走改旗易幟的邪路。」 下屆總理人選李克強被認為力主都國企改革 胡錦濤發出的信息是絕不改變國家主導的經濟制度，儘管許多人批評中國國家體製造成浪費、過度投資和腐敗泛濫。但胡錦濤表明不會走台灣和韓國的市場化道路。 縮小國企？ 胡錦濤的講話似乎與今年2月份世界銀行和國務院發展研究中心聯合發表的研究報告所做的結論背道而馳。有分析認為，該報告已經成為中國的改革派的聖經。 那份題為《2030年的中國》的報告指出，如果中國不進行深層次改革，可能有臨經濟危機的風險。報告建議的辦法是：將中國國企交給資產管理機構監管，縮小龐大國企的規模，採取商業公司的經營方式。 被看好成為下屆總理的李克強是世行和國務院發展研究中心報告的主要支持者，不過不清楚現在李克強對報告的態度如何。 胡錦濤是李克強的主要支持者，胡錦濤的講話似乎反映了中國權力高層的分歧和鬥爭的複雜性，高層強硬派似乎佔了上風，令改革人士感到困惑。 與内文相關的鏈接 相關新聞話題
https://www.bbc.com/news/uk-wales-politics-25121049,"English universities 'poach' poor Welsh students, AMs are told","The finance committee was told high-achieving poorer Welsh students were 'gold dust' to English institutions. The comments came from Higher Education Wales, who represent university heads. Universities charging the maximum £9,000 annual fees or close to them are required to increase access to their courses for poorer students. The committee also heard that the removal of limits on the number of students with A,B,B results or higher for English universities was having a ""massive impact"" on Welsh institutions. Plaid Cymru education spokesman Simon Thomas asked representatives from Higher Education Wales (HEW) whether there was any truth in stories that English universities were ""trying to poach"" students from poorer backgrounds in Wales. Bangor University vice-chancellor John Hughes, speaking on behalf of HEW, said: ""If you travel around the country and you look in the train stations, you'll find that English universities, both the top institutions and the so-called former polytechnics, are all over Wales trying to recruit both A,B,B students and above and widening access students because those are the two areas where they can recruit to their heart's content."" 'Ironic' Dr David Blaney, from the Higher Education Funding Council for Wales (HEFCW), added: ""Welsh students from relatively economically disadvantaged backgrounds are coming in with the Welsh government paying their tuition fee - so they are like gold dust, particularly a highly qualified widening access Welsh student (is) like gold dust to English institutions."" HEFCW added that the number of students attending state schools in Wales made them particularly attractive as this was a key criteria in being allowed to charge the maximum £9,000 fee level. Committee chair Jocelyn Davies asked: ""Because that counts on their statistics for proving that they are widening access and that is the justification for the higher fee? ""So our students from state schools in Wales are counting towards the justification for £9,000 - a bit ironic."" The committee is currently undertaking an inquiry into the Welsh government's controversial tuition fee policy, which has been criticised for giving more than £50m a year to English universities to support Welsh students who choose to study there. The higher education sector in Wales claims that the policy is resulting in a growing funding gap between Welsh institutions and other universities around the UK. They say this is hitting investment and damaging their ability to recruit students in an increasingly competitive market. 'Massive impact' Mr Hughes warned that the UK government's decision to relax limits on the number of students gaining the highest A level grades for English universities was having a serious effect in Wales. The number of students both English and Welsh universities can take on is capped by government, but in England institutions can recruit unlimited numbers of students with results of A,B,B or higher. He said: ""What effectively it has done, it has taken the around 120,000 students every year who get A,B,B or better and has effectively put them into a free market which allows the so-called more elite institutions to sweep them up. ""As an example, last year, Bristol University took 600 extra students above its normal quota. ""That had a big impact on south Wales. ""We're finding it also in the north (of Wales), in terms of competition with universities in the north west (of England). ""So yes, it's having a massive impact on the ability of Welsh institutions to attract the better students."""
https://www.bbc.com/news/uk-england-norfolk-52679985,Coronavirus: Head teacher claims social distancing 'impossible',"Addressing parents via Facebook, Debbie Whiting said social distancing ""never would exist"" at North Denes Primary School in Great Yarmouth, Norfolk. Her post on the school's page has since been shared thousands of times. The Department for Education said it wanted children to return to school ""as soon as possible"". The government has said children in reception, Year 1 and Year 6 could return on 1 June, but teachers' unions have said there are still ""unanswered questions about safety"". Mrs Whiting said she felt a need to be honest about ""the reality of how school will be"" to allow parents to choose whether to send their child. Describing the requirements, she said trying to set up smaller teaching groups or ""bubbles"", enforce social distancing and carry out continuous cleaning was a ""real headache"". She told parents: ""I can tell you quite honestly that there is no such thing as social distancing in a school - we can try but we certainly cannot guarantee it. ""It does not exist and never would exist. ""We can always make things safer, we could perhaps reduce the risk slightly but as soon as lots of children return, I can tell you that the risk will be there."" Speaking to the BBC, she said he had been praised by parents for her honesty and other head teachers for ""sticking her head above the parapet"". ""I am not trying to stop people sending their children back, or make them feel guilty,"" she said. ""This is going to be really hard for young children - how can you tell them don't play with others, don't go near them? ""It's not going to be safe and it's not going to be normal."" She said she believed teachers would focus on children's emotional wellbeing in class and those remaining at home would not lose out. ""I would rather they fell behind in their learning a little bit and they were safe and they had the right experience,"" she said. ""They are not going to learn in a school in bubbles, not being allowed to go near their friends ""I think for their mental health they are better off at home."" The Department for Education said: ""We want children back in schools as soon as possible because being back with their teachers and friends is so important for their education and their wellbeing."" It said the phased return was based on scientific and medical advice, and it had engaged closely with the unions and would continue to do so. Find BBC News: East of England on Facebook, Instagram and Twitter. If you have a story suggestion email eastofenglandnews@bbc.co.uk"
https://www.bbc.com/korean/international-55391982,영국에서 확산되는 ‘변종’ 바이러스에 대해 지금까지 알려진 사실들,"수개월 전까지는 존재 자체를 모를 정도였던 것이 어떻게 잉글랜드 몇몇 지역에서 가장 흔한 형태의 코로나바이러스가 된 것일까? 정부 자문역 과학자들은 이 변종이 다른 코로나바이러스 변종에 비해 더 전염성이 높은 것으로 보고 있다. 새로운 변종에 대한 연구는 아직 초기 단계이며 아직까지 불확실성도 크고 해결해야 할 의문도 많다. 바이러스는 항상 변종을 일으킨다. 가장 중요한 것은 바이러스의 행동이 변화하는지에 대해 촉각을 곤두세우는 것이다. 이 변종이 우려가 되는 까닭은? 크게 세 가지로, 이를 모두 고려해볼 때 이 변종은 더 빠르게 전염될 가능성이 높다. 그러나 아직 확신할 수 있는 건 아니다. 새로운 변종이 더 많이 발견되는 까닭이 순전히 우연의 일치로 인한 것일 수도 있다. 런던의 경우 최근까지 거리두기 단계가 낮은 편이어서 이 변종이 더 빨리 퍼졌을 수 있다. 그러나 곧바로 거리두기 단계를 최고 단계로 격상한 이유엔 이 변종의 전파를 줄이기 위한 것도 있다. 신종 코로나바이러스 감염증(코로나19)에 대한 유전체 연구 프로젝트를 이끌고 있는 닉 로먼 교수는 “연구가 더 필요한 부분이지만 연구 결과를 확인하고 행동을 취하는 데 몇주에서 몇달은 걸릴 것인데 지금과 같은 상황에서 그걸 기다리긴 어렵다”고 말했다. 다른 변종에 비해서 얼마나 더 빨리 전파되고 있나? 이 변종은 지난 9월 처음 발견됐다. 11월에는 런던에서 발생한 확진자 중 25% 가량이 이 새로운 변종이었다. 12월 중순이 되자 신규 확진자의 60% 이상이 됐다. 위 트윗의 그래프는 밀턴킨즈 연구소에서 실시한 코로나19 검사 중 양성 판정이 나온 검체(파란색)에서 새로운 변종이 차지하는 비중(주황색)을 보여준다. 수학자들은 각기 다른 변종들이 전파되는 정도를 계산하기 위해 노력하고 있지만 전염이 되는 것이 사람의 행동 때문인지 아니면 바이러스의 능력 때문인지를 구분하기란 어렵다. 보리스 존슨 영국 총리는 이 변종이 최대 70%까지 더 전염성이 높을 수 있다고 말했다. 총리는 이것이 전염병이 확산되고 있는지 아니면 줄어들고 있는지를 보여주는 지표인 R값(재생산지수)을 0.4 증가시키는 원인일 수 있다고 말했다. 70%라는 수치는 임페리얼칼리지런던의 에릭 볼츠 박사의 18일 발표에서 나온 것이다. 볼츠 박사는 발표에서 “아직 확언하기엔 너무 이르지만… 지금까지 관측된 것으로 볼 때 이 변종은 매우 빠르게 불어나고 있다. 이전까지의 그 어떤 변종보다도 빠르다. 이를 계속 주시해야 한다”고 말했다. 이 변종의 전염성이 얼마나 높은지를 “확언”할 수 있는 수치는 없다. 아직까지 공개되지 않은 관련 연구를 진행 중인 과학자들은 그 수치가 70%보다 매우 높은 것도 있고 그보다 매우 낮은 것도 있다고 말했다. 하지만 이 변종이 정말로 다른 변종보다 더 전염성이 높으냐는 의문도 여전히 남아 있다. 조너선 볼 노팅험대학교 바이러스학 교수는 “현재까지 공개된 증거의 양은 이 바이러스가 정말로 전염성이 높아졌는지를 확언하기엔 턱없이 부족하다”고 말했다. 얼마나 확산됐나? 이 변종은 영국의 환자에게서 처음 발생했거나 코로나19의 변이를 모니터링할 능력이 부족한 나라에서 들어온 것으로 여겨진다. 북아일랜드를 제외한 영국 전역에서 발견되고 있으나 특히 런던, 사우스이스트잉글랜드와 잉글랜드 동부에 집중돼 있다. 전세계의 코로나바이러스 유전정보를 모니터링하고 있는 넥스트스트레인의 정보에 따르면 덴마크와 호주에서 발생한 변종 사례는 영국에서 유래한 것으로 보인다. 네덜란드에도 변종 확진 사례가 보고됐다. 남아프리카공화국에서 발생한 유사한 변종은 일부 변이를 공유하고 있으나 이 변종과는 무관한 것으로 보인다. 이전에도 이런 일이 발생했었나? 그렇다. 중국 우한에서 처음 발견됐던 바이러스와 지금 세계 곳곳에서 발견되는 바이러스는 다르다. 코로나바이러스의 D614G 변이는 지난 2월 유럽에서 발생했고 세계에서 가장 많이 발견되는 코로나바이러스가 됐다. A222V라고 불리는 또다른 변종은 유럽에서 확산됐는데 사람들이 스페인에서 여름 휴가를 보낸 것과 연관돼 있다. 새로운 변이에 대해 알려진 건 무엇이 있나? 새로운 변종에 대한 초기 분석 결과에 따르면 17가지의 중요한 가능성이 있는 변이가 있다 한다. 바이러스가 인체 세포에 침투하는 데 핵심적인 역할을 하는 스파이크 단백질에 변화가 생겼을 수 있다. N501Y라고 불리는 변이는 스파이크 단백질에서 가장 중요한 부분인 수용체 결합 도메인(RBD)을 변화시킨다. 스파이크 단백질이 인체 세포의 표면과 가장 먼저 접촉하는 부분이 바로 이것이다. 만일 여기서 바이러스가 세포 내로 침입하기 더 쉬워지게 만드는 변화가 생긴다면 감염의 확산은 더 용이해진다. 로먼 교수는 “바이러스가 중대한 적응을 한 것 같다”고 말했다. 스파이크 단백질의 일부분이 사라지는 H69/V70 삭제 변이는 과거에도 코로나바이러스에 감염된 밍크에게서 발견된 것을 비롯, 몇차례 발생했던 사례다. 케임브리지대학교 라비 굽타 교수의 연구는 실험실 연구에서 이 변이가 전염성을 두 배 증가시키는 것으로 보인다고 기술했다. 굽타 교수 연구팀의 다른 연구에 따르면 이 삭제 변이로 인해 생존자의 혈액에서 나오는 항체가 바이러스를 공격하는 효과가 떨어진다고 한다. 굽타 교수는 “이는 매우 빠르게 늘어나고 있고 그래서 정부도, 대부분의 과학자들도 우려하고 있다”고 말했다. 이 변종은 어디서 온 것인가? 이 변종은 드물게 큰 변이를 거친 것이다. 가장 가능성이 높은 설명은 바이러스를 이길 수 없을 정도로 면역체계가 약화된 환자에게서 이런 변종이 발생했다는 것이다. 면역체계의 약화로 환자의 몸이 바이러스가 변이를 할 수 있는 온상이 된 것이다. 이 변종은 치사율도 더 높은가? 아직까지 이 변종으로 인한 치사율이 높다는 증거는 없다. 그러나 이에 대한 면밀한 모니터링이 필요할 것이다. 하지만 단순히 전염성이 높아지는 것만으로도 의료체계에는 문제가 될 수 있다. 새로운 변종이 더 많은 사람들을 더 빠르게 감염시킨다면 병원 치료를 필요로 하는 사람들이 늘어날 것이기 떄문이다. 백신이 새로운 변종에도 먹힐까? 그럴 가능성이 상당히 높다. 적어도 지금까지는 그럴 것이다. 주요 3종 백신들은 모두 기존의 스파이크형 단백질에 대한 면역반응을 생성한다. 백신은 바이러스의 여러 부분들을 공격하도록 면역체계를 훈련시킨다. 스파이크의 일부가 변이되더라도 백신은 여전히 효과를 보일 것이다. 굽타 교수는 “그러나 바이러스가 더 많은 변이를 거치면 그때부터는 우려스럽다”며 “이 바이러스에겐 ‘백신 탈출’의 잠재성이 있다. 이미 그 첫 단계를 거친 것이다”라고 말했다. 백신 탈출이란 바이러스가 변화하면서 백신의 효능을 회피하고 계속 사람들을 감염시키게 되는 상황을 가리킨다. 현재 가장 우려되는 상황이다. 새로운 변종의 존재는 코로나바이러스가 사람들을 계속 전염시키면서 적응을 하고 있다는 걸 보여준다. 데이비드 로버트슨 글래스고대학교 교수는 18일 발표에서 “코로나바이러스는 백신 탈출 변종을 만들어낼 수 있을 것”이라고 결론지었다. 이는 독감과 비슷한 상황이 될 것이다. 독감 백신은 주기적으로 업데이트가 되어야 한다. 다행스럽게도 우리가 갖고 있는 백신은 조정하기가 매우 쉽다."
https://www.bbc.com/zhongwen/trad/china/2016/11/161115_taiwan_china_generals,台退休將領赴京：找尋往日「中國情」？,中國當局在北京人民大會堂舉行孫中山150週年誕辰紀念活動 11月11日，北京人民大會堂舉辦「孫中山先生誕辰150週年大會」，由中國國家主席習近平親自主持。會場中卻出現了32位過去效忠國民黨政府的台灣退役將領，包括許歷農、吳斯懷等，引發高度爭議。 15日台灣即有立委發起提案，要求這些將領的退休終身俸應該全取消，因為他們「不忠於國家」。台灣國防部發言人陳中吉也表示：「以國防部的立場，相關退役人員參加官式活動並不恰當」。 但陳中吉也說，「對超過保密管制期限，前往大陸的退役官兵，國防部是沒有限制的法律依據」。而吳斯懷先前已表示自己「問心無愧」。 32位退伍將領，合計起來53顆星星，這樣的赴陸「盛況」可以說讓台灣政治界相當錯愕，在蔡英文政府上台後，許多台灣退伍將領也在此時集體現身北京人民大會堂，間接意味著他們寧可「相信」中國大陸政府。 放膽去中國 回到過去年代，1949年起國軍與共軍敵我分明，冷戰情形下衝突隨時有可能爆發。但在1987年，時任總統蔣經國開放赴陸探親後，許多中國大陸出生的「外省人」就可以經由第三地香港，睽違近40年回到中國大陸。 台灣文史工作者、知名出版編輯管仁健接受BBC中文網訪問表示：「像南北韓的家族會面還要登記，兩邊核對出生證明，證實有親人在那，帶到定點會面完後各自帶回去。但當時國民黨不管這個，有很多老一輩立委就這樣一去不回了」。 直到後來，2004年競選總統失利的連戰，在2005年開始展開「尋根之旅」，情況開始出現鬆動。一位前副總統、政治高官赴陸，受到了高規格禮遇，隨後如宋楚瑜等，一堆老外省政治人物開始掀起「尋根潮」。 到了2015年，前國民黨主席連戰就前往北京參加九三大閱兵，當時被許多台灣政治人物批評，連國民黨也表示：「遺憾、不解」。因為參加了閱兵等活動，讓很多人有「背叛」的感覺，但是連戰事後沒有受到懲處，也或多或少讓那些退將沒有在擔心。 曾經有先例 管仁健表示，其實在過往台灣政治人物高調進人民大會堂跟大陸高官會面不是第一次。當年蔣經國1987年開放外省人回大陸探親後，就有時任立委胡秋原率先「發難」。 1988年，當時的台灣立委胡秋原就自行前往美國，在美國宣佈「要去北京談統一」，正逢蔣經國剛過世，國民黨內立刻「天搖地動」，但是勸也勸不回來，胡秋原最後自行進了北京，受到國家主席李先念大規模招待。 當時台灣當局對此感覺難堪，因此時任中常委的許歷農跟郝柏村更批評胡「不堅持反共」，最後通過將胡秋原黨籍開除，黨內更立下「三不」紅線：「不進人民大會堂、不跟中國官員公開見面、不談統一問題」。管仁健感嘆：「結果現在變成許歷農自己去人民大會堂，自己當初的堅持也沒有了」。 管仁健表示，這32位退將在央視毫無掩飾地被公開，這裏頭可能大有玄機，是中國大陸當局刻意安排電視播出，許歷農、吳斯懷等人事先是否知情等，都有文章：「他們當初也有可能認為是單純悼念孫中山，就去了，結果就出現在電視前，這就沒有裝糊塗空間了」。 老中華民國情 根據台灣《聯合報》訪問前退役海軍中將蘭寧利，他表示：「可能對方的統戰單位故意將活動放在一起，許多退將缺乏政治敏感度。過去馬政府遇到這種類似活動，都會提前提醒、勸說，希望退將們不要參加」。 但蘭寧利也認為，退將們會有這樣的行為，可能也跟現在政府「去中國化」的想法有關，目前台灣當局雖然「名義上說要遵循中華民國憲法，實際上心口不一」，老兵們反而在對岸找到自己的「中國情」。 管仁健則笑說：「除了許歷農是中國大陸生的，其他很多將軍都是台灣生的，我想說穿了就是他們過去的統治階級受到剝奪。這也是台灣敵我矛盾的深化，高級退將去中國大陸，其實是害怕過去權威被挑戰，所以寧先與外人先合作」。 但他也重申：「中國大陸畢竟有新聞管制，央視會讓這樣的劃面播出，許歷農、吳斯懷他們到底知不知情，這也給了要去中國大陸的前台灣將官們警訊」。 對於這些退伍將領來說，老一輩對中華民國忠貞愛國的信念，如今漸漸被新政府動搖。加上愈來愈多人過世，或許也讓他們對於過去中華民國的「大秋海棠」教育更懷念，前往中國反而能有那種氛圍。但現實是，他們出現在中華人民共和國的場合，唱著義勇軍進行曲、升起的是五星紅旗。
https://www.bbc.com/zhongwen/trad/china/2014/10/141001_tw_hk_protest,台灣將舉辦晚會支持香港「佔中」抗議,台灣多個團體將聲援香港「佔中」抗議 包括中國民運人士王丹、吾爾開希、以及台灣太陽花學運領袖林飛帆、陳為廷等人都會出席，音樂人陳明章、大支、拷秋勤、林生祥與音地大帝等人也將共襄盛舉，支持港人爭民主。 台灣中研院法律所副研究員黃國昌在臉書上呼籲大家前往自由廣場，不僅要表達對港人爭取民主的強烈支持，也要對馬英九政府的傾中政策說不。 黃國昌表示，在捍衛民主的道路上，香港人與台灣人存在共同的敵人，不僅是中國，還有各自的軟弱政府。台灣與香港面對中國政權的軟骨與懦弱，相差無幾。馬英九與梁振英面對自己人民為了捍衛民主所發起的公民運動，均以「違法活動」的論調回應。 黃國昌指出，馬英九總統嘴巴說支持港人爭普選，但還是不斷卑躬屈膝地想要求見習近平；為達目的，竟不惜配合中共統戰在台灣強推各種違反民意的政策，企圖開放中國來台灣設立辦事處。但可悲的是，梁振英不是港人普選產生，馬英九卻是台灣人直選出來的。相較之下，「馬英九可謂比梁振英還軟弱」。 黃國昌說，台北下大雨，今晚我們帶著雨傘，撐民主、撐香港、也撐台灣。 另外，台灣南部多所大學的港澳等地僑生，預計今晚6時起在高雄駁二藝術特區舉辦聲援香港燭光晚會，號召關心和支持香港的民眾到場，同聲譴責暴力鎮壓，支持真普選及公民提名。目前已有近千人在臉書上表示將會參加。 發起學生請參加者穿黑上衣出席，並呼籲不分國籍，只要支持香港就來參加，也歡迎台灣朋友到場了解香港佔中運動。 這些日子以來，台灣各地的學校陸續有學生自發地主辦聲援活動，支持香港爭民主。 台南市成功大學港澳同學會今天中午頂著豔陽天，發起「撐香港、在台灣」聲援連署活動，無論台灣籍、香港籍或外國籍的成大學生，都在胸前別上黃絲帶，簽下自己姓名，隔海力挺香港佔中運動。 「香港加油！」600多名成大學生站在校園雲平大樓前高喊口號，並且立刻透過網路傳回香港給佔中活動的香港大學生，表達對他們的支持。 （責編：董樂）
https://www.bbc.com/news/business-47886642,MPs demand regulator to crack down on bailiffs,"Charities have reported a dramatic rise in cases of bailiffs using intimidating behaviour, threatening to break into homes and in some cases even doing so. The Parliamentary Justice Committee says a regulator is needed to ensure that people in debt are treated fairly. Justice Committee chairman Bob Neill said: ""We were surprised that no regulator is already in place. ""The system is confusing, particularly for the most vulnerable people in society. Complaints are important and must be investigated properly."" The committee calls the existing system in England and Wales of individual certification ""a rubber-stamping exercise"". It is recommending: Mr Neill said: ""We're calling on the government to consult on whether new powers should sit with an existing body or a new one, and how it should be funded."" Breaking the rules Although debt collection was reformed in 2014, 11 debt and mental health organisations launched a campaign called Taking Control to gather evidence and force further change. Gillian Guy, chief executive of Citizens Advice, said: ""Bailiffs regularly break the rules, as our evidence has proved."" In the year to March, Citizens Advice saw a 16% increase in bailiff-related issues from last year and helped 40,000 people with almost 104,000 bailiff problems. The charity highlighted bailiffs refusing to set up offers of affordable payments, charging excessive fees and misrepresenting their rights of entry. Of all the people it helped with bailiff issues, 60% were female, 35% were either disabled or had a long-term health condition and of those, 11% had a mental health condition. Ms Guy said: ""It's excellent to see MPs from across all parties call for a regulator to crack down on the bailiff industry. They've also rightly called for a complaints process to be established, so problems are dealt with independently of the bailiff industry and outside the court system. ""All eyes will now be on the Ministry of Justice, which must introduce these reforms as a matter of urgency."" Breaking regulations In November, the Civil Enforcement Association which represents civil enforcement agencies operating in England and Wales responded to Citizens' Advice's report that called for tougher regulation. Chief executive Russell Hamblin-Boone said: ""It is of great concern that Citizens Advice fails to make a distinction between laws that are broken and laws that people simply don't like. ""For example, in the [Citizens Advice] report it is assumed that a threat to force entry to a property or to remove goods required for work purposes is breaking the regulations. That is simply incorrect and depends on the circumstances. It is shocking that agents are being accused of acting illegally based on such flimsy evidence."" Increasingly bailiffs are used to collect council tax arrears. A survey in 2016 by StepChange Debt charity found that 51% of clients who were contacted by bailiffs were being chased for council tax arrears. On Wednesday the Government said it would improve the way council tax debt is recovered. It said it was bringing in new guidance to help end aggressive repayment enforcement tactics following concerns from charities, debt advice bodies and local councils. Peter Tutton, head of policy at StepChange debt charity, said: ""Enforcement by bailiffs is intrusive and places disproportionate costs on people in the most vulnerable circumstances. ""It is also key that the committee have recommended oversight of the fees charged by bailiffs to ensure these are proportionate and just."""
https://www.bbc.com/zhongwen/trad/chinese-news-44453882,「美國在台協會」風雨40年：美中台三方外交變遷,"「美國在台協會」新館於6月12日落成，台灣總統蔡英文（中）於揭幕後與嘉賓鼓掌。 美國雖然正忙於在新加坡舉辦的特朗普總統與朝鮮領導人金正恩的會談，但仍然指派國務院助理國務卿瑪麗·羅伊斯（Ｍarie Royce）、國務院海外建築業務局默色（Ｗilliam Moser）大使，與美國在台協會主席莫健（James Moriarty）等人赴台一同開幕，參與美台關係新頁。 美台關係新頁 「美國在台協會」新館位於山丘上，後有山壁阻擋，建築材料由美國運來，還有防彈防爆加固，宛如一座小城堡雄據山頭。從象徵意義來看，近40年來，「美國在台協會」某種程度見證了美台關係的實質發展，就像美台關係的「精神堡壘」。 「美國在台協會」誕生於1979年，當年美國正式與中華民國斷交，台灣當局被「最信任的朋友」拋棄後，島內掀起巨大的波瀾。 ""美國在台協會""新館位於山丘上，後有山壁阻擋。 1979年美台斷交後，原先的駐台美軍本部即改為美國在台協會（American Institute in Taiwan） 「誕生於動蕩中」 早在1971年，中華民國已被迫退出聯合國，與美斷交堪稱「第二大外交重擊」。台灣島內爆發罕見的「反美潮」，在最後一任大使安克志（Leonard S. Unger）離台前，許多民眾一度情緒激動並使用暴力。 隨著駐台美軍正式離開，不少擔憂台灣遭到共產黨「赤化」的台灣人與國共內戰後來台的外省人，爭相前往美國大使館申請赴美居留簽證。 台灣政治大學國際關係中心名譽教授、曾拜訪「美國在台協會」的美台關係專家丁樹範回憶：「當時斷交，讓美台關係進入全新摸索期。由於美國要開始介意北京態度，當初連美台往後要怎麼碰面、如何接觸，都面臨相當大的挑戰。」 象徵美國台灣間最高的機構""美國在台協會""（American Institute in Taiwan，簡稱AIT）星期二（6月12日）位於台北市內湖區的新館舉辦落成典禮 為了穩定民心，最後美方通過《台灣關係法》作為美台往後外交的基本標凖，隨後也在原先駐台美軍本部直接成立「美國在台協會」，負責對台交流。至此，「美國在台協會」成為美台間最具代表性的「非官方」機構。 歷經台海危機 進入上世紀80年代後，台灣經濟開始高度成長，「美國在台協會」起先在美台的經貿與金融方面發揮很大作用。根據過往資料，台灣一度有七成的產品出口美國。80年代末期，許多美商紛紛在台設立分公司，「美國在台協會」的牽線更是厥功至偉。 丁樹範則說：「也許很多人不知道，1989年的『六四』天安門事件，才是美國重新重視台灣『華人民主政權正當性』的契機」。在斷交10年後，美台關係再度因為天安門事件升溫，「美國在台協會」不僅在商貿方面，而且在美國軍售方面，也重新強化與台灣的密切聯繫。 但是在1996年，台灣舉行首次總統直選，引起中方相當不快，並以武力恫嚇，讓美軍航空母艦更一度協防台灣。 丁樹範稱「台海危機」為「六四後遺症」，他說：「六四天安門事件後，美國克林頓政府對中國失去信任，重新檢討美台關係。隨後台灣走向民主化，中國也開始擔憂，美方是否想改變美中台關係結構，最後在總統直選時，中國才會對此大動作反制。」 在渡過台海危機後，美方也加速與台灣軍事交流。在「美國在台協會」牽線下，美方固定派遣軍事高層來台、也允許台灣的軍校畢業生赴美軍校就讀、台灣的參謀總長也開始能赴美訪問，美台關係在此時又重新穩固。 台灣前總統陳水扁曾稱""任內常受到AIT指示做事""引發討論（圖為2006年1月23日，前美國在台協會主席包道格與陳水扁在台灣總統府會晤）。 「麻煩製造者」 進入2000年後，台灣由陳水扁當選總統，而陳水扁當初對於台灣主體意識的堅持，並採取許多「去中國化政策」，一度讓美方認為「太過躁進」。 甚至中國媒體還曾提及，前中國政協主席賈慶林透露美國小布希總統曾向當時中國國家主席胡錦濤稱陳水扁為「麻煩製造者」，但遭到美方否認。 陳水扁後來在卸任後的2009年一度稱「當年常受到『美國在台協會』指示做事」，一度讓統派政治人物指陳水扁犯了「外患罪」。而不論與否，包括隨後的馬英九與蔡英文等總統，依舊與「美國在台協會」保持緊密友好關係。 曾拜訪過「美國在台協會」的丁樹範，形容「美國在台協會」就像是「大型船艙」，各部門間就像每個艙室般不互通，資訊保護相當緊密：「每個部就像是個船艙有閥門一般，如果被攻擊進水，其他的閥門可以迅速關上。」 台灣總統蔡英文說：「『美國在台協會』新館落成，堅定台美共同目標理念，共同捍衛民主自由價值「。 「海軍陸戰隊」 一直以來，「美國在台協會」都有美國海軍陸戰隊進駐的消息，讓中方也對此甚為氣惱。隨著新居落成，」陸戰隊進駐「不免也成為媒體追逐的問題，「美國在台協會」主席莫健對此態稱，美方不會對維安措施評論，但「美籍職員的維安」是不會變的。 丁樹範則說，「海軍陸戰隊」的編製一直都在，只是以便服之姿守住「美國在台協會」內的重要處室，如過往的電報室等。他認為，中方對於「陸戰隊」議題常反應過度，就場合上來說，美方也不會讓他們真正穿軍服執勤，因此過度討論，也不過是個「假議題」。 從台北市繁華區遷往內湖的新開發區，丁樹範認為新的「美國在台協會」館，不妨看作美台間各項關係進一步強化的驗證：「確實就我所知，『美國在台協會』內不論是經貿、金融與國防的編製都有增加，證明需要更大更好的設備。」 對於往後的中美台三方關係，丁樹範分析，目前美中依舊在商貿上有許多角力，比如限制中方投資、未來可能也限制中國學生，某種程度來說，對台灣也是對美關係加溫的好機會。 然而他也點出中方對台祭出「惠台政策」，全面拉攏台灣經濟社會，對外不斷打壓台灣外交的兩面手法，是考驗台灣人民的耐性。「中方當然會再美台關係間煽風點火，因此是否會被撕裂，『美國在台協會』在美台間有其角色重要性」。 從當初斷交的風雨飄搖、到見證台灣解嚴邁向民主化、直選總統至今。美台關係並未真正被美國放棄，而以「美國在台協會」的樣貌見證更多歷史時刻，往後的美台關係，這個「美台間關係的精神堡壘」，依舊牽動美中台三方局勢。"
https://www.bbc.com/news/10273431,Michael Jackson fans to have cemetery access,"Fans will be able to pay their respects in the grounds of California's Forest Lawn cemetery, but not at the mausoleum where the pop star was laid to rest. ""They will be viewing it from a distance,"" police officer Tom Lorenz told the Los Angeles Times. Jackson died of a cardiac arrest at his home on 25 June last year. Ensuring safety His death was ruled as homicide, largely as a result of the powerful anaesthetic drug Propofol. Jackson's doctor, Conrad Murray has denied a charge of involuntary manslaughter over the singer's death. Sgt Lorenz said: ""We understand that Forest Lawn is working with the Jackson family for some kind of commemoration. ""We will be working closely with Forest Lawn to ensure the safety of those who want to pay their respects to Michael Jackson while ensuring the safety of others who are coming to the cemetery to pay respects to their loved ones,"" he added. Plans are expected to be finalised by the end of this week. The city of Los Angeles has no plans to issue special permits for access to the cemetery which would allow streets to be closed off and the sale of memorabilia. The singer was buried at a ceremony in September which was seen on television, while fans were largely kept away from the cemetery grounds. Jackson is due to be posthumously inducted into the Apollo Legends Hall of Fame at a ceremony in New York on 14 June. The singer, along with his brothers, won a talent show at the New York theatre in 1967, which led to the Jackson Five being signed to Motown Records."
https://www.bbc.com/news/technology-39198508,My journey from fleeing Iran to making the internet safer,"By Clare SpencerBBC News Her path to being the chief strategy officer of internet security firm RSA started when she travelled on her own to the US at 11-years-old. Ms Howe remembers vividly arriving at San Francisco airport on her own. ""A tall, lanky, moustached immigration agent spends what feels like an eternity questioning me. I know the stakes are high. I know my family's future depends on me passing this interview"" she explained at a Tedx event. Her family had fled Iran shortly before the 1979 revolution. They went to the UK and a few months later put her on a flight to the US as they ""calculated that an 11-year-old girl on her own will not be turned away by immigration,"" she said. Their calculation paid off. The customs officer stamped her Iranian passport and she started her new life. The first thing she had to do was adapt to California - a place she described as ""where all-you-can eat buffets and free-thinking rebellion are the norm"". She found her safe space in coding. ""I was happy in the computer room,"" she told the BBC. ""I was an immigrant, trying to fit in a girls' school and the computer room was a safe place to be."" Sidetracked by Spielberg But at 17-years-old she took an entirely different direction. She ""fudged"" a few details on her CV and applied for a job as a casting assistant for Steven Spielberg. ""My 1968 birthday changed to 1966 so I could work legally full-time in that job,"" she explained. ""I remember trying to stay as close to the truth as possible."" Ms Howe was in her senior year at school, but was also doing a course at the University of California in Los Angeles (UCLA) so just didn't mention the bit about school. She had also been an assistant director in theatre productions and gave that a prominent showing in her CV. She got the job and for around eight months she moonlighted between casting for a TV show and her senior year at high school. The UCLA course gave her more freedom than in normal high school and when she needed to take an exam she told her boss that she had a doctor's appointment. It would be decades before she returned to the world of coding. In that time she went from being an entertainment lawyer to business consultant to angel investor to venture capitalist. Ms Howe was meeting with the cyber security company Endgame to talk about investing in them when she was offered a job by the chief executive. ""He said 'raising money is not going to be a problem. What I need is a business partner'."" She took the job of chief strategic officer and eventually moved to a bigger cyber security company RSA. She described the path back to the computer room as ""circular"" and said she had been ""distracted"" by ""bright shiny things"" in the entertainment industry. But Ms Howe said she was not alone, as a female, in her interest in technology not turning into a career at first. Over the nine years of investing in tech, she said she had only met a ""handful"" of female company founders. Protective urge But Ms Howe urged women to consider working in internet security specifically. She said making the internet safe was a ""mission"" that ""appeals to women"". ""Solving a problem that makes the world safer, makes our personal lives safer and makes our children online safer,"" is how she put it. Internet security companies are struggling to fill vacancies and she said the demand for workers was only going to become bigger. The 13-year-old in the computer room now needs many more protections than when she was a teenager."
https://www.bbc.com/news/world-asia-48415290,Nepal says overcrowding not 'sole reason' for Everest death toll rise,"The department's director general Dandu Raj Ghimire said other factors including adverse weather conditions had also contributed. Ten climbers have been reported dead or missing this season. Photos of long queues near the summit have been widely shared as record numbers ascended the mountain in May. Mr Ghimire said 381 people had ascended Everest this spring but as periods of fine weather had been short, the number of people on the routes had been ""higher than expected"". In his statement, Mr Ghimire put the current death toll at eight, although 10 people have been reported dead or missing so far. Briton Robin Haynes Fisher, 44, died on Saturday minutes after reaching Everest's summit. Kevin Hynes, 56, from Ireland, died in his tent on Friday and Séamus Lawless, also Irish, is presumed dead after falling near the summit. One Nepalese, four Indians, an Austrian and an American are also dead or missing. A local tour organiser told AFP that one of the Indian climbers, Nihal Ashpak Bhagwan, died of exhaustion after being ""stuck in traffic for more than 12 hours"". Mr Ghimire offered ""heartfelt condolences to those who've passed away and prayers to those who are still missing"". ""Mountaineering in the Himalayas is in itself an adventurous, complex and sensitive issue requiring full awareness yet tragic accidents are unavoidable,"" he said."
https://www.bbc.com/news/uk-northern-ireland-54920050,Covid-19 cases reported in all NI special schools,"By Robbie MeredithBBC News NI Education Correspondent That is according to the latest information published by the Public Health Agency (PHA). About three-quarters of the 126 Covid-19 cases reported by special schools to the PHA were among staff. The PHA figures also show there were more than 140 ""incidents"" in all schools in the week pupils returned after the extended half-term break. An incident can be a single positive case, a cluster of two to five cases or more than five cases. A cluster is defined by the PHA as two or more laboratory-confirmed cases of Covid-19 among individuals in one setting, such as a school. The PHA has been informed of 2,420 positive Covid cases in schools since the beginning of term in August until 8 November. There had been 812 Covid-19 incidents in 625 schools up until that date, said the agency. The pre-school sector was the least affected, with positive cases in only about 10% of 458 pre-schools. By contrast, almost nine in 10 post-primary schools and all 39 special schools had at least one positive case. Six special schools had clusters of more than five cases, while 76 post-primary schools had similar clusters. A total of 365 primary schools out of 805 in Northern Ireland had at least one case up until 8 November. Derry and Strabane was the council area with the highest proportion of schools affected. According to the PHA figures, less than 0.5% of pupils in Northern Ireland's schools have tested positive for Covid-19 since the start of term. However, a number of other pupils or staff may have to self-isolate if they are in close contact with a positive case. Some pupils have already had to self-isolate for a 14-day period more than once. Separate attendance statistics from the Department of Education (DE) show that about one in every 50 pupils (2.1%) in Northern Ireland was recorded self-isolating in the week after half-term. However, that was a significantly lower proportion than the week before the break."
https://www.bbc.com/news/world-32884783,Fifa: Who can fix football’s governing body?,"Fifa has been described as a ""totalitarian"" set-up ""beyond ridicule"". A corruption report is said to have contained ""numerous materially incomplete and erroneous representations"". Sepp Blatter, who has been president since 1998, is still favourite to win his fifth four-year term this weekend, despite saying in 2011 that he would stand down in 2015. Fifa plans to go ahead with the presidential elections despite the arrests. So what does the future hold for the controversial organisation? Five expert witnesses offer their insights to the BBC World Service Inquiry programme. Sue Bridgewater: Football is priceless to marketers and broadcasters Sue Bridgewater is director of sport at Liverpool University. ""Football is a global sport. It has immense following and very strong emotional engagement with its fans. ""It is increasingly difficult for marketers to get their message across - current generations are rather bored with advertising, and we've all got very good in the digital age of skipping adverts. ""So they have to find other ways of communicating their messages. Sponsorship is a good one - not least because the younger male audience is notoriously difficult for marketers to actually get in touch with."" Sponsorship now makes up around a quarter of Fifa's revenue for the World Cup, giving those sponsors great potential power. ""They have a voice, and they can use that voice to influence if they choose to. Obviously if you are sponsoring something where there's any possibility that what you're sponsoring could actually have a 'negative halo effect' rather than a positive one, you would be concerned about it as a sponsor."" ""[However] if you are a commercial broadcaster then the advertising that might be associated with showing those matches is going to be a very big draw for broadcasters. It will be a very bold decision to not be involved in a World Cup tournament as a broadcaster. ""The will to reform Fifa has to come from within Fifa."" Alan Tomlinson: Uefa could break away from Fifa if it wanted Alan Tomlinson is professor of leisure studies at the University of Brighton. He argues Uefa - the body that governs European football, and the most powerful of the regional confederations within Fifa - could force its parent body to change. ""I could imagine it causing a tremor in the bunker of the Fifa executive committee. ""A Fifa without the most revered individual players and the most glamorous and rich clubs in the world would not be able to make the same sorts of claims about what it represents. ""There would be fights over player availability. It would be a traumatic split. ""Uefa could seek to mobilise its members. It has a serious product itself, the Champions League. Uefa's members have the top four or five national leagues in the world. It could leave and set up some alternative. ""But it couldn't rival the magic of the full World Cup with 209 associations, and the history and the romance of the World Cup since 1930 would be torn to shreds. But Uefa could - if it were absolutely serious - pull out. ""[But] there aren't, as far as I've heard, any serious voices around or within Uefa committed to that prospect. It's more likely that what Uefa really wants to do is find someone from within its own make-up to get into the top of Fifa. ""It would have to have a new president to change."" Roland Buechel: External pressure will force change Roland Buechel, is Swiss MP who has pioneered changes in Swiss law to force Fifa to clean up its act. He wrote an open letter to Fifa president Sepp Blatter in 2011, calling on him to ""clean up your house"" after Russia and Qatar were chosen to host the 2018 and 2022 World Cup finals. ""Fifa and the other sports federations became a harm to the reputation of my country. I was fed up with that. ""People thought that it would not be possible to change a sports federation, and people laughed at me because many of them didn't see the problem as big as it is. ""Fifa is registered like a normal association. It's just the same status as a yodelling association in a mountain village, and that's not the correct way to be registered for a billion dollar company. They are accountable in a much lighter way than a company of the same size would be. ""They don't have to declare the salaries of the president, they don't have to say how much they spend or give in bonuses."" At the end of last year, he got enough support to help push through a new law, changing the status of sports officials in Switzerland. They're now ""politically exposed persons"". ""If a sports official puts 30,000 Swiss Francs into his account in cash, this will have to be reported to the authorities and so it means that no bribery money will be directed through Switzerland anymore. They will have to find completely different ways of paying the bribes if they want to carry on with that."" There is a second piece of legislation up for debate in June which, if passed, will make private corruption a criminal offence: ""Private corruption will become an official crime. If the public prosecutor knows of a case, he will have to step in, so it will be a huge change in law and - in the end - in the behaviour of sports officials. ""I think Fifa are quite worried because they have now started to do extremely strong lobbying. Three or four years ago they were quite amateurish. ""[Now] they have their own people lobbying in parliament. They really try hard and with a lot of money to influence parliament. ""This is a big turning point for Fifa. Mr Blatter hasn't changed enough, and now with this pressure from the outside, he must change things and I am absolutely convinced that this helps football. ""The change must come from within Fifa."" Mark Pieth: Don't underestimate the challenge of reform Professor Mark Pieth is an expert on bribery and corruption. In 2011 Sepp Blatter asked him to chair a new Independent Governance Committee (IGC) within Fifa. As a result, in 2012 Fifa set up a new two-chamber ethics committee - with an investigative arm led by a prosecutor, and a judicial one led by a judge - as well as a new Audit and Compliance Committee. ""I underestimated the challenge. We were caught up in a lot of infighting. Most of them are happy to reform on paper, but to actually change their attitude, that's a different matter."" When the ethics committee investigated alleged corruption by the winning Russia and Qatar World Cup bids, the head of one part accused the head of the other of misrepresenting his investigation - and resigned in protest. ""[The two parts] were too independent. They were doing exactly what they thought was right, and acting like loose cannons. They had a cross-cultural difficulty. You have on the one hand a very politically-thinking US ex-attorney, and on the other, a very straight Bavarian judge and the two just didn't harmonise."" But Professor Pieth was pleased his proposed audit and compliance committee was established: ""[The people on it] can walk into every room, open every cupboard, walk into every committee, so it's much more difficult to shift packages of money around. ""There are some very blatant aspects [of corruption]. In 2011 you had people who were ready simply to sell their votes. Now, there are much more elaborate ways of patronage and the integrity committee has actually over time found out that some of the old hands have been taking millions and they had to leave."" But these committees represent the limit of the reform he could achieve: ""They realised that things were getting serious when we started talking terms of office or integrity checks for newcomers, then they started balking."" Fifa also rejected his suggestion to publish executive pay: ""They would have to stand up and say, 'I have nothing to hide, it's about transparency, and by the way, I'm starting with myself'. I suggested this to Mr Blatter: 'Why don't you shock all your critics? Stand up and say what's the big fuss about? I'm earning this or that'. ""He said, 'Well, it's not a bad idea, but frankly I don't want to do this alone. I would like to do it together with the entire executive committee,' so it's like standing around the swimming pool and nobody dares to jump in. ""I asked Mr Blatter at the very beginning, 'Why are you doing this? You've been living happily before.' And he said: 'Well, I want to leave the house through the front door.' Now, I would have respected it if he had left, but somehow running again now counteracts what he's been saying. ""People are afraid of losing power."" Walter de Gregorio: Reform process has hurt Walter de Gregorio is Fifa's director of communications. ""In the last four years we tried to strengthen and to improve good governance. I think the biggest achievement was the two chambers of the ethics committee. ""There were about 40 recommendations from the IGC. Most of them - I think 37 or 38 - were accepted. The reform process was a hard process; it did hurt but it is necessary and has to go on. ""In Switzerland it's a different mentality [about publishing pay]. If you live in the US, after the second coffee you tell what you make a year. In Switzerland people see this private; people don't talk about their salaries. ""I would be very honoured to tell you how much I make because I think I earn every penny. [But] I can't tell you because it's also solidarity. I cannot be the first one who tells you how much I make."" Mr de Gregorio rejects the idea that a new president is the simple solution to Fifa's problems: ""You have a structural problem where you have the president elected by one body - namely the congress - and you have his ministers, like his government. elected by another body - namely by six different confederations. ""So basically his government is a group of people representing the interests of their own confederation so you tell me now how a president has to deal with that?"" The Inquiry is broadcast on the BBC World Service on Tuesdays from 12:05 GMT/13:05 BST. Listen online or download the podcast."
https://www.bbc.com/news/uk-northern-ireland-51216554,Muckamore Abbey Hospital: Families reiterate public inquiry call,"Relatives met the Health Minister Robin Swann on Wednesday night. The County Antrim hospital treats patients with severe learning disabilities and mental health needs. It has been the centre of a police inquiry since 2017 when allegations began to emerge that vulnerable patients were being abused by staff. The Police Service of Northern Ireland (PSNI) is examining hundreds of thousands of hours of CCTV from the hospital as part of its investigation. Glynn Brown, whose son is a patient at the hospital, is a spokesman for campaign group, Action for Muckamore. He said he was disappointed that Mr Swann could not give them assurances that a full public inquiry would take place. ""We came tonight with a view that Robin Swann, when he was the Ulster Unionist Party leader, gave written assurances to give a full public inquiry into Muckamore, as did all the party leaders. ""We were hoping to see that put into practice. ""We expected that they would be forthright and determined in protecting the most vulnerable, and the people who don't have a voice in society, but apparently there doesn't seem to be the same urgency from the ministers."" Solicitor Claire McKeegan said: ""The only thing that will satisfy the patients' families is a full public inquiry into what happened, that has the capacity to look not only at the bottom of the ladder but right up the hierarchy of who failed these people and how long this has been going on. ""These people demand answers. Who let them down and when and why."" Earlier on Wednesday, a 34-year-old man was arrested by detectives in connection with the abuse investigation. He was released on police bail pending further enquiries on Thursday."
https://www.bbc.com/zhongwen/trad/world/2015/06/150624_us_france_spying,法國總統奧朗德就遭美竊聽指稱做出回應,法國總統奧朗德（右）和總理瓦爾斯星期三（6月24日）在愛麗舍宮參加了內閣會議 法國總統府在星期三（6月24日）發表聲明說，美國必須恪守自己所做的不竊聽法國領導人的承諾。 維基解密從此前一天開始發表題為「愛麗舍宮諜報行動」的文件，這些文件顯示了針對法國總統府的諜報行動。 維基解密披露，美國情報人員曾在2006年到2012年間竊聽了法國總統希拉克、薩爾科齊和奧朗德。 緊急會議 美國國務院發言人對此做出回應說，美國不會對特定的情報消息發表評論。 美國國家安全委員會發言人普萊斯還說，美國沒有也不會把奧朗德的通訊內容作為竊聽目標。 此前，美國國家安全局曾受到竊聽德國總理默克爾以及巴西和墨西哥領導人的指責。 在法國總統發表上述聲明之前，法國安全部門負責人在巴黎舉行了一次緊急會議。 （編譯：躍生 責編：歐陽成）
https://www.bbc.com/japanese/38204645,ニュージーランド首相が突然の辞意表明 家族のためと,キー首相は、首相の職が家族に大きな犠牲を強いてきたと語った ビル・イングリッシュ副首相が暫定的に首相を務めるとみられる。与党・国民党は幹部会を開いて次の首相を指名する予定。 国内で人気の高いキー首相は毎週定例の会見で、今月12日をもって辞任すると表明。家族の要請を理由に挙げている。 同首相は、「今間までで最も難しい決断だった」とし、「これからどうするかは決めていない」と述べた。 地元紙ニュージーランド・ヘラルドは、キー首相がブロナー夫人の要請を受けて辞任を決意したと報じた。 「何も残っていない」 キー首相は、職務遂行には「一番大切な人たち」の犠牲が余儀なくされたと述べ、子どもたちの生活が「極端なほど侵害された」と語った。「言えるのは、私は全力を尽くしたということだ。もう燃料タンクには何も残っていない」。 投資銀行メリル・リンチで為替ディーラーだったキー首相は2008年、それまで9年間続いた労働党政権のヘレン・クラーク前首相を破り、首相に就任した。 キー首相は米国との関係強化を目指していた（写真は先月ペルーで開かれたAPEC首脳会議の記念撮影で、オバマ米大統領と並んで立つキー首相） 労働党のアンドリュー・リトル首相はツイッターで、「ジョン・キーはニュージーランドに惜しみなく身を捧げた。彼とその家族には素晴らしい未来を祈っている」とコメントした。 緑の党のメティリア・テュレイ共同党首は、「ジョンの政治に対して毎日戦ってきたが、彼が何より先にまずは父として、そして夫として存在する、その権利を支持してきた」とツイッターでコメントした。 （英語記事 New Zealand Prime Minister John Key in surprise resignation）
https://www.bbc.com/news/newsbeat-36042088,Michael Eavis: Glastonbury could move in 2018,"But for the first time its founder Michael Eavis has hinted the venue could change in 2018. Every five years organisers take a fallow year to let the ground recover, but Eavis says he has ""something special planned"" for the next one in two years time. ""I am getting old and don't want to miss out on any festivals,"" he told the Bristol Post. Eavis, who celebrated his 80th birthday last year, said: ""I am very proud of what we have managed to achieve over the years. ""I wake up every morning and get excited just thinking about the festival."" The Olympics were happening in London the last time the festival didn't happen in 2012. This summer the festival is happening during the European referendum, with the organiser Emily Eavis encouraging people to vote by post. Eavis leaves a lot of the organising to his daughter, and doesn't want to fully retire yet. ""At my age I want to enjoy as many festivals as I possibly can. ""We have the biggest act in the world with Adele on Saturday night and on the Sunday night we have the biggest band in the world. ""When I celebrated my birthday in October Chris Martin came over from the States for the celebrations."" Coldplay, Muse and Adele are some of the headliners who have been announced. It's thought 2018 could take the festival out of Somerset. We tweeted the full line up. Follow @BBCNewsbeat on Twitter and Radio1Newsbeat on YouTube"
https://www.bbc.com/news/in-pictures-55537454,North Wales seaside photos resurface after 40 years,"In 1979, a newly reopened Llandudno gallery commissioned him for an exhibition depicting north Wales' coastal towns. ""I was asked to capture the melancholy of seaside resorts out of season,"" he says. ""North Wales in the harsh winter of 1979 was particularly bleak."" But when he delivered the project, Bennett was surprised to find the gallery responded negatively to the images. ""The gallery commissioner almost certainly expected a romanticised impression of the coast,"" he says. ""To me, this wouldn't have been honest - I felt I needed to show exactly how it was. ""I guess I gave them too much reality, grit and detail - they didn't like it at all. ""It affected my confidence for quite a while."" Following a change in the gallery's directorship, however, Bennett was asked to re-photograph the same locations during summer. Leaving behind the bulkier equipment he used in winter, he opted for a small camera that - despite having a fixed wide-angle lens and limited focus control - would allow him to discreetly capture more candid images. ""I worked very close to subjects with a tiny, cigarette-packet-sized camera,"" he says. ""I wanted to be in close contact, not shoot from a distance. ""However, I found it was pretty much the same [as winter] - just warmer, with more people."" Still unsatisfied, the gallery reworked the 1980 exhibition to include other photographers' work alongside Bennett's. After that, Bennett's photos lay forgotten, until 2019, when he saw a call for submissions to the Turner Contemporary's Seaside Photographed exhibition. ""I thought submitting was pointless - I had no confidence in these seaside pictures,"" he says. ""Not only were the prints not rejected, they asked to see more - then, more. ""Ultimately, a wall in the gallery was set aside to show them. ""I hadn't realised at the time I was capturing a piece of social history. ""It's a bitter-sweet sensation for the project to be shown again - after four decades, I feel for the first time that I did something worthwhile."" Michael Bennett's book Pier Closing Time is published by Cow On The Roof Press. Seaside Photographed is on tour at the John Hansard Gallery, Southampton, until 23 January 2021."
https://www.bbc.com/zhongwen/trad/chinese-news-43276766,中國讓北京到紐約2小時的極超音速飛行夢成真？,"中國研發的極超音速飛機比音速快五倍。 毫無疑問，這比現在的14個小時更快，也更方便。對超音速飛行本身的研究並不新鮮，但它通常有更深的含義：即該國有更多的財政投入軍事研究，而財政收支平衡也非難事。 那麼，速度超過音速五倍的航班是否有商業意義，並能在兩小時內運送太平洋兩岸的乘客？ 這架超音速的英法式噴氣機在1969年首次飛行時被譽為航空旅行的未來。 快快快！ 測量飛機速度是否夠快時，所用的標凖是音速或1馬赫，大約為1,235km / h（767mph）。 極超音速是中國研究的重點。中國科學院的一支研究團隊正在研究突破兩大挑戰：空氣動力學和發動機。後者難度更大。 美國宇航局無人駕駛的X-43A超音速試驗機是有記錄以來最快的飛機 就設計而言，極超音速飛行需要能夠使阻力最小化的東西;飛機越快，阻力就成了問題。 ""它的速度近似為速度平方：如果雙倍速度，則會使阻力增加四倍，""墨爾本大學教授尼古拉斯·哈欽斯（Nicholas Hutchins）解釋說。 中國提出和測試的新設計內容是在通常的機翼上方附加的第二層機翼來減少阻力;它有點類似於雙翼飛機。 目前，研發人員只是在風洞中測試了微縮模型。因此這個項目真正起飛還為時過早。 2004 X-43A的速度達到9.6馬赫，即2004年試飛時的11,850公里/小時或7,310英里/小時 達到5馬赫 即使新設計能夠減少阻力，仍然存在其他挑戰。 波音公司的X-51 Waverider是一款無人研究超燃衝壓發動機，旨在克服持續超音速飛行中的一些挑戰。 例如，耐熱性就是其中之一。但這也是聲爆不容忽視的問題。 如果一架飛機速度突破音障時，就會產生衝擊波，而伴生巨大響聲。簡而言之，這是一個非常大的爆炸。這麼大的衝擊波可以打碎玻璃。 當涉及到未來的極超音速飛機的空降時，發動機是更棘手的問題。 Falcon HTV-2是來自美國防務機構Darpa的測試飛行器，其設計最終以20馬赫的速度飛行，時速超過20,000公里/小時 一旦飛行器速度達到5馬赫，它可以通過所謂的超燃衝壓發動機來驅動。即一種進氣流速超過音速的航空用衝壓發動機。 但這種類型的發動機只能在5馬赫以上才起作用，所以它首先需要另一架噴氣式飛機的發動機讓飛機先啟動起來。 專家說，這可能是一個非常強大的傳統噴氣發動機，但最終需要將兩者結合起來。 ""過去幾年來，中國一直在進行一項重大研究，即設計該引擎，""昆士蘭大學極超音速推進主任邁克·斯瑪特（Michael Smart）教授解釋說。 ""這就是真正的突破。"" 美國公司BOOM希望重新開始研究超音速客機。 商業可能性 除了技術進步和標誌性時刻之外，外界關心的問題當然是極超音速航班是否會有商業市場。 快速瀏覽下協和式客機的話，你可能會有疑問。這架超音速的英法式噴氣機在1969年首次飛行時被譽為航空旅行的未來，但很少被大規模建造，而且最終在2003年被棄用，暫時還沒有替代的飛機。 首先，這些航班對於大多數旅客來說太貴了。還記得聲爆嗎？那意味著協和飛機只能在海洋上飛得比聲速快。 這樣就只有穿越大西洋的航班才是極超音速，因此損害了其商業可行性。 英國智庫：中國軍力全球化開始挑戰美國 Aerion正和 美國航空航天製造廠商 Lockheed Martin和通用電氣GE一起研發超音速客機。 雖然近年來對超音速客機重新產生興趣，但它仍處於發展階段。極超音速飛行遇到的挑戰會更大。他們更貴，也會造成聲爆。 2月份出版的《中國科學：物理學 力學 天文學》研究論文大膽地假設，未來極超音速飛行將比""搭乘常規飛機""更加方便和高效。 美國航空航天公司 Spike Aerospace 也有超音速公務機的計劃;但會有不同的機翼和發動機配置。 但新加坡航空業網上雜誌(Flight Global)的埃利斯·泰勒(Ellis Taylor)說，要在商業上可行的話， ""至少需要15至20年""。 ""目前很難看到這個市場，""他說,""事實上，歷史上機票價格一直在下降而不是上漲，因此極超音速航班難有廣泛的客戶群。 "" 來自反應發動機的A2極超音速飛機：這種設計理念將使歐洲到澳大利亞的旅行縮短至5小時。 軍事競賽 據中國媒體報道，這項研究背後的科學家也參與了北京圍繞極超音速的軍事計劃，而極超音速的野心是軍事防禦。 例如可以想想很快就可以部署很難被攔截的空中監視計劃。 極超音速：那麼快，你什麼都看不到，只看得到霧化尾跡？ 或者也許極超音速導彈可能使現有的防禦系統失效。 這個舞台上的大玩家是美國，中國，在某種程度上還有俄羅斯。毫不奇怪的是，軍事研究向來隱秘，因此很難說誰有優勢。 ""從歷史上看，美國一直處於領先地位，但中國正在迅速趕上，""斯馬特教授說。 因此，商用超高音速噴氣式飛機的計劃即使處於早期階段，也毫無疑問展現了中國雄心壯志。"
https://www.bbc.com/zhongwen/trad/chinese_news/2012/03/120309_taiwan_birdflu,台隐匿禽流感官员被曝获上级指示,許天來被指隱匿禽流感疫情 許天來在此一會議錄音帶曝光前幾個小時，曾在民進黨立法委員質詢下義正詞嚴否認說過錄音帶內容。 許天來參加此一同專家討論的會議時，其「老闆」是已隨內閣改組下台的農委會前主委陳武雄，陳武雄在錄音帶曝光前堅稱絕無隱瞞疫情。 向司法單位控告官員隱匿疫情的紀錄片導演李惠仁，在去年底向農委會通報疫情時正值台灣大選關鍵期間，陳武雄遭質疑是為馬英九選情而隱匿疫情，他對此也予以否認。 台灣司法單位雖因接受檢舉而調查隱匿疫情官員責任，但據此前檢方稱並未將陳武雄列入調查名單。 官員隱匿手法 許天來在行為遭曝光後雖對外界宣稱辭職下台，但有媒體引述防檢局官員爆料說，他過去幾天來雖表面辭職但仍在局長室上班，僅是不能批公文。 李惠仁對此表示不可思議，並懷疑其是否正在銷毀證據。 長期追蹤並揭發此一隱匿疫情醜聞的李惠仁表示，從2010年開始官員用竄改實驗室數據的方式，欺騙世界動物衛生組織以隱匿疫情。 李惠仁指出官員隱匿疫情的手法包括用專業進行＂偽科學＂陳述，及用研究計劃經費，要脅禽流感學者噤聲等。 其它隱匿疫情手法還包括拒絕民間團體及個人，依政府信息公開法申請禽流感實驗報告；或對記者「曉以大義」，要求知情者不能當產業崩盤的罪人。 李惠仁的調查說，台灣H5N2病毒是2004年時有不肖廠商為私利，把美洲疫苗病毒帶入違法製造疫苗，由於制程粗糙而造成疫情流行，在2008年底也於高雄路竹爆發疫情。 ＂媒體失能＂ 李惠仁以多年時間自費拍攝追蹤台灣禽流感疫情的紀錄片，曾無償提供給台灣主流媒體播放但遭拒。 據其表示有媒體表明因已接下農委會營銷廣告，不便播放。
https://www.bbc.com/news/business-14320973,"Rising prices have hurt East Asia's growth, says report","Annual growth in the region's ten largest economies moderated to 8.1%, in the first quarter of 2011, down from 8.4% in the previous three months. Consumer prices in the region have been rising due to higher food and fuel costs. East Asia is home to some the world's fastest-growing economies, including China. ""Inflation in many economies has risen above 10-year averages, either breaching or remaining near the upper end of central bank targets,"" the ADB said. As the region's economies continue to expand, domestic demand has been growing. While that has been good for growth, it also has created issues for the governments by putting pressure on inflation rates. Warning To make matters worse for the economies, higher commodity prices have driven up the cost of essential goods across the region. The bank warned that if price growth does not slow, it could make things more difficult for the region's economies. ""Elevated food and commodity prices and robust domestic demand could push inflation higher yet,"" the bank said. Rising prices have seen many economies in the region raise interest rates in a bid to curb price growth. Tighter monetary policies have resulted in a slowdown in growth. Earlier this month, China said its economy grew by 9.5% in the three months to the end of June compared with a year earlier, down from 9.7% in the previous quarter. However, the bank said the economies will continue to take measures to tackle inflation. ""Authorities are expected to keep tightening monetary policy and rolling back fiscal stimulus to counter rising inflation and economic overheating,"" the bank said. Policy dilemma While higher interest rates have been used as an effective tool by the central banks in the region to fight higher prices, they have also created a dilemma, not least because of the robust expansion. While economies in the region have been witnessing rapid growth, developed countries such as the US and in Europe are going through tough times. The central banks in these economies have cut interest rates to historic lows in an attempt to boost growth. The bank said this ""two-paced"" global economy had resulted in investors flocking to the region's economies looking for better returns, putting further pressure on inflation. ""Continued short-term capital inflows add to already ample liquidity and exacerbate price pressures,"" it said. The bank said that not only is the inflow of funds creating problems with consumer prices, it poses a serious threat to the overall economic growth. ""Large capital flows could also destabilize the real economy,"" it said. Investors have been wary of entering the developed markets in recent times, given the uncertainty surrounding the debt issues in various countries. However, the bank warned that as the situation in those economies improves, investors may pull out of the region, thus hurting growth. ""Changes in risk sentiment could bring sudden capital flow reversals, damaging the region's growth prospects,"" it warned."
https://www.bbc.com/news/entertainment-arts-21413030,Call The Midwife to continue post-memoirs,"Set in east London in the 1950s, Thomas has used a trilogy of accounts by the late midwife and writer Jennifer Worth. Series two is currently being broadcast at 8pm GMT on Sunday nights on BBC 1. But Thomas assures fans she received Worth's blessing to continue into series three: ""Don't worry. It doesn't mean the show will end."" ""The characters will be well developed by then and Jennifer was happy for us to continue,"" she told the Radio Times. The final episode of series one attracted 9.2 million viewers, making it the most successful new drama on the channel since 2001. The first episode of its second series held its sizable audience and was watched by 9.3m. As well as screenwriting, Thomas is executive producer of the programme. She said that the hit TV show has prompted an emotional response from people, from crew to viewers and cameramen often ""getting something in their eyes"". She told the magazine: ""The edit suite has a wooden floor and was wet after we watched the Christmas special."" Thomas's credits include the TV adaptation of Elizabeth Gaskell's Cranford and the 2010 series of Upstairs Downstairs. Her husband Stephen McGann stars in the show alongside Jessica Raine, Miranda Hart and Jenny Agutter."
https://www.bbc.com/news/technology-32049350,Ford cars slow when they see speed-limit signs,"By Leo KelionTechnology desk editor The speed-limiting tech can be activated via the steering wheel and briefly overridden by pressing firmly on the accelerator. The car company suggests the facility will help drivers avoid fines and could reduce the number of accidents. However, one expert said the innovation might only serve as a ""stopgap"". ""There's a plan for speed restrictions to be beamed to your car's computer systems and controlled from there, rather than requiring street sign visual recognition systems,"" said Paul Newton, an automotive industry analyst at the IHS consultancy. ""This would be part an extension of the networks that will connect vehicles, allowing cars to warn those behind them if they are slowing down, which is all part of a move toward autonomous vehicles that drive themselves."" Such a system, however, is some way off. Ford's technology will become available to the public this August, when it launches the second generation of its S-Max cars in Europe. A spokesman for the US car company told the BBC the facility would probably be extended to other models around the world. Speed fines The system, which is called the Intelligent Speed Limiter, combines two existing technologies already fitted to many cars: Drivers will be able to set the new system to let them speed at up to 5mph (8km/h) beyond the detected limit. While some motorists might still resist the idea of giving up control to their vehicle, Ford suggested others would appreciate the convenience and safety on offer. ""Drivers are not always conscious of speeding... sometimes only becoming aware they were going too fast when they receive a fine in the mail or are pulled over by law enforcement,"" said Stefan Kappes, a safety supervisor at Ford. ""Intelligent Speed Limiter can remove one of the stresses of driving, helping ensure customers remain within the legal speed limit."" Ford noted that in 2013 more than 15,000 drivers in the UK had been issued with speeding fines costing £100 or more and that a motorist in Finland had been fined 54,000 euros (£38,400) after being caught driving 14mph (23km/h) over a 50mph limit. It hopes that statistics such as this will help encourage consumers to spend extra money on the technology, which it has not included as standard on the basic S-Max model. Heart-attack detector Ford is one of several vehicle-makers to have turned to sensor-based technologies to help people drive more safely. Cars from China's Volvo offer bicycle-detection software that applies the brakes if a cyclist suddenly swerves in front of its cars. Volvo has said it also intends to expand this to avoid collisions with animals soon. Germany's Mercedes-Benz promotes its Steering Assist system, which prevents its cars driving too close to the vehicles in front of them and aims to stop drivers unintentionally drifting out of their road lane. Japan's Honda uses similar technology to provide its False Start Prevention Function, which prevents a sudden lurch forward if it detects another object in close range, and makes the accelerator pedal vibrate. Elsewhere, British computer-chip maker Plessey is developing a car seat that monitors the driver's heartbeat, which could give the car control if it suspected the motorist was having a heart attack. Meanwhile, Australia's Seeing Machines has fitted an eye-movement detection system to several coaches in Europe that sounds an alert if it detects drivers falling asleep. However, Mr Newton warned the rise of further intervention-based automotive technologies posed risks of their own. ""Removing the human element is one way to provide safety, but we know that computers go wrong,"" he said. ""I suppose there will have to be a point in time when we accept that computer-generated accidents and even potentially fatalities are part and parcel of the greater good. We'll never get faultless technology."""
https://www.bbc.com/news/uk-wales-politics-55261534,Covid: Calls for clarity amid post-Christmas Wales lockdown claim,"LBC radio cited an industry source saying Wales will be placed into lockdown-equivalent rules after Christmas. Andrew RT Davies said first minister Mark Drakeford should make an ""urgent statement"". The Welsh Government said ministers are keeping all measures under review. Rules will be relaxed for five days during the Christmas period, 23-27 December, across the UK to allow three households to meet. However ministers have disclosed discussions about further restrictions after Christmas have already taken place. The number of patients in Welsh hospitals is the highest ever recorded, and case rates in more than half of council areas in Wales reached their highest levels yet during the pandemic. Plaid Cymru Adam Price claimed the Welsh Government ""seems to have lost its grip on the situation"". Welsh Conservative health spokesman Mr Davies said demanded ""a full and frank disclosure"" from the Welsh Government's plans to control the rise. LBC said an 'industry source' told them it is likely Wales would go into lockdown-equivalent restrictions from 28 December. But the broadcaster also the Welsh Government was considering using a system of tiers - similar to that seen in England - but that a final decision had not been made. It comes after the Welsh Government announced all secondary schools and further education colleges in Wales will move classes online from Monday. Plaid's Adam Price called for a regional approach if a tiered system is to be introduced, ""where local restrictions reflect local virus transmission levels"". ""Rather than blaming the public, ministers should be asking themselves where they've gone wrong,"" he said. ""With furlough being reviewed in January, the Welsh Government must give urgent assurances that there will be further financial support if the hospitality sector has to close completely for a period of time."" What has the Welsh Government said? A spokeswoman said the public has a ""key role"" to play in limiting the spread of the virus. ""How we all act - and the choices we all make over the coming days and weeks - will define the course of this virus,"" she said. ""We have recently introduced new restrictions to control the spread of the virus, but this will take some time to have an impact. ""Ministers keep all measures under review, including whether additional actions are needed to help further control the spread of the virus. ""However, the Welsh Government cannot control the spread of the virus alone. The people of Wales have a key role to play in stopping the virus from spreading."""
https://www.bbc.com/news/world-europe-52258562,Coronavirus: Pope Francis urges people not to 'yield to fear',"The leader of the Roman Catholic Church was speaking at his Easter vigil service on Saturday evening in an almost empty St Peter's Basilica. Members of the world's 1.3 billion Catholic community could follow a live stream of the service. Lockdown measures are still in place across Italy, hard hit by the pandemic. Prime Minister Giuseppe Conte praised the Pope for his ""gesture of responsibility"" in marking Easter without a congregation. Christians around the world are celebrating Easter, the most important festival in the Christian calendar, despite the restrictions that have left hundreds of millions confined to their homes. Many priests are conducting services in churches without congregations. Pope Francis recalled the Biblical account of a woman finding Jesus's tomb empty on the day Christians believe he rose from the dead. ""Then too, there was fear about the future and all that would need to be rebuilt. A painful memory, a hope cut short. For them, as for us, it was the darkest hour,"" he said. ""Do not be afraid, do not yield to fear: this is the message of hope. It is addressed to us today,"" he added. His service, normally held in front of thousands of worshippers, was attended by only around a couple of dozen people. Several traditional features were also scaled back, including the baptism of converts. On Sunday, the Pope will give his Easter Sunday address at a ceremony behind closed doors. Historically it has been given to crowds in St Peter's Square."
https://www.bbc.com/zhongwen/trad/china/2016/01/160114_2016tw_election_zheng-qiu,台灣大選：爆料「兩天王」選舉前最後一搏,蔡正元(左)與邱毅 最後關頭再開炮 前立委邱毅與現任立委蔡正元，在12日時先召開記者會，表示蔡英文收受人稱「陳水扁賬房」的黃芳彥多達三次的政治獻金，金額逾4.5億台幣（約合美金1344萬元），並「信誓旦旦」地說有證人「林女士」以及證據錄音檔案。 兩人並表示，該名證人「林女士」，之前就將證據錄音帶提供給台灣「特偵組」，卻被特偵組要求籤署保密條款。 但是台灣特偵組在12日下午即發佈聲明，表示林女士確實有提出檢舉，但是「從未交付任何錄音檔案或光盤」，而且她檢舉的內容，與多年前某媒體報導的一樣，而且黃芳彥的資產狀況特偵組也有掌握，跟檢舉內容都不同。 該名林姓女士，也在13日時，身著貴氣衣物出面，並與邱、蔡二人前往台北地檢署按鈴控告蔡英文「妨害名譽」。該名林女士還說，他曾是「綠營」的一份子，但「看不慣」民進黨這幾年的作為，加上自己罹癌，決定要「沒有遺憾」地公諸一切。 民進黨駁斥指控 蔡英文在面對媒體時，先感嘆這是「烏龍爆料」再度重申對手朱立倫「不要再負面選舉」。朱立倫則是13日受訪時表示「有就請檢調好好調查，沒有的話也別隨便指控」。 對於兩人在最後關頭「重操舊業」搬出數據及證人指控，民進黨也開記者會駁斥這種不實指控已經不是第一次，到選戰最後還是持續「抹黑」，將會提告兩人且「不會和解」。 但邱毅認為，民進黨記者會為何能以「特偵組」的名義發表言論，他懷疑特偵組將案情洩露給民進黨，14日下午又決定控告「特偵組」。 而黃芳彥本人，則是在接受台灣東森新聞的越洋電話訪問時，對於這樣爆料相當不解，他說「完全沒有的事，根本是天方夜譚，選舉選成這樣，也太過分了」。 曾任台灣新光醫院副院長的黃芳彥，在台灣前總統陳水扁爆發涉貪污事件時，被普遍認為是幫助陳水扁海外洗錢的「大賬房」，2009年黃芳彥遭通緝時，黃便借故前往美國，至今仍滯美不歸。 正毅兄弟爭議多 「爆料天王」邱毅在台灣政界縱橫多年，待過中國國民黨、親民黨以及新黨，目前他的黨籍雖然是國民黨，但他在這次2016大選，卻代表「新黨」角逐不分區立委席次，並名列第二位。 不只在台灣，邱毅在中國也有很高的知名度，並常上各大新聞台擔任「政治評論員」，多半擔任攻擊民進黨，以及台灣泛獨派的政治人物。 2014年的太陽花學運時，他在央視的政論節目中，拿出學生霸佔立法院主席台的照片，並指稱上面滿滿地向日葵是「香蕉」，另類的行徑更衍生出「指花為蕉」新名詞。 國民黨籍的蔡正元則是連任好幾屆的立法委員，一直以來以尖銳地言詞批評泛綠政黨。尤其在2014年太陽花學運到年底的「九合一大選」期間，因為種種爭議以及自認揭發弊端卻帶來民怨，也引起台灣首次的「立委罷免」事件。 許多政治評論認為，邱毅與蔡正元在選戰最後關頭，依舊使用這樣的「先爆料再走法律途徑」的方法已經不足為奇。只是這種方法在過去已經屢見不鮮，而且不是「大好就是大壞」，如果模糊選情不成，還會變相替對手拉票。 （責編：歐陽成） 如果您對這篇報道有任何意見或感想，歡迎使用下表給我們發來您的意見：
https://www.bbc.com/news/uk-england-berkshire-35549083,Expanded Reading Station Hill plans approved,"The £500m Station Hill plan for flats, offices, shops and a large piazza will now include demolishing a neighbouring 1970s six-storey office and vacant former shopping centre. Historic England had objected, saying the site would be too close to the Grade I-listed Greyfriars church. But the council said it ""welcomed"" this ""hugely important site"" for the town. Planning permission for Station Hill was granted in January 2015 after previous development plans failed, so much of the site has already been demolished. The enlarged site will include an extra 12,000 sq m of residential development with the demolition of the 1970s Telecom House, which has two occupied shop units on the ground floor, and the former Friars Walk Shopping Centre. The director of developers Stanhope, Jason Markham, said: ""It's a new urban quarter right next to the station. ""There will be a new central square, 450 residential units, and we'll have retail and leisure all through the ground floor of the development."" He said about 10% of the flats would be affordable homes. Reading Borough councillors granted planning permission on Wednesday night despite an objection from Historic England, which argued that, although not in a conservation site, the redevelopment would cause ""very serious"" harm to the surrounding area. Council head of planning and deputy leader Tony Page said: ""It's a hugely important site and we welcome it because it also includes a fair amount of public open space."" Related Internet Links Reading Borough Council Stanhope"
https://www.bbc.com/news/uk-northern-ireland-46546074,Arlene Foster: No need for new Conservative leader,"By Mark DevenportBBC News NI Political Editor Mrs Foster said Prime Minister Theresa May was aware of the DUP's difficulties with the agreement. The pair met for about 45 minutes at Westminster earlier on Wednesday. Her comments came ahead of a no-confidence vote in the Conservative leader. The prime minister won the vote by 200 to 117. The DUP's 10 MPs prop up Mrs May's government under a confidence-and-supply agreement signed in June 2017. The Conservative leader and prime minister had been planning to discuss the Brexit negotiations with the taoiseach (Irish prime minister) on Wednesday. However the trip to Dublin had to be cancelled after 48 Conservative MPs triggered a vote of no-confidence in Mrs May's leadership. It comes after a turbulent week in Westminster. Speaking after the vote, the DUP deputy leader Nigel Dodds said that there would be a ""heck of a battle"" with the EU and Irish government over the arrangements for the Irish border backstop. Mr Dodds, who also met the prime minister along with his party leader, said that Mrs May had ""accepted"" during their conversations on Wednesday that how ""the process had been handled up to now... left a lot to be desired"". However, despite their reservations over the existing deal, Mr Dodds said that the DUP would support the government in the event that it faced a no-confidence vote. Majority of MPs back May On Monday, Mrs May announced that a vote in the House of Commons on her Brexit deal, planned for Tuesday, would be postponed as she sought to get assurances on the backstop. A majority of Conservative MPs have publicly backed Mrs May, but it is a secret ballot. It is understood that Mrs May has told backbench MPs she will not lead the party into the next scheduled election in 2022, but is seeking support now to enable her to get her Brexit deal through. Mrs Foster told BBC News NI that she does not believe the kind of radical alterations her party wants to the government's Brexit policy require a new Conservative leader. The DUP leader said Mrs May understands what is needed regarding the Irish border backstop and added that it is not just the DUP that has an issue with the Northern Ireland protocol. Mrs Foster said: ""The prime minister has known our position. We have been consistent which is why it is so frustrating that our warnings about the backstop have not been heeded. ""The DUP wants a sensible deal which our MPs can support in the House. Unionism in Northern Ireland and across the House of Commons has rightly stood against this Withdrawal Agreement. ""It should be utterly unacceptable to any unionist. For Northern Ireland traders to be expected to treat GB as a third country is ridiculous and was never going to receive support in Parliament."" Mrs Foster said the prime minister was in a mood to listen to the DUP's concerns, and she put forward alternative ways to deal with the issue of a hard border. During Northern Ireland questions, the Secretary of State Karen Bradley told MPs the idea of using technology to manage the border after Brexit was flawed. Assembly promise sought Mrs Bradley argued that ""at this time there is no technology which deals with the issue of the border in a way that respects the rights of the people of Northern Ireland and also respects the Belfast Agreement and the way it operates"". However the DUP leader said that it is for the prime minister to decide on such matters. Mrs Foster also reiterated that a promise that a future Northern Ireland Assembly and Executive would have a lock on whether trade regulations in Northern Ireland diverge from Great Britain should have been included within the EU Withdrawal Agreement. Questioned about forecasts that more than 170 Conservative MPs have pledged support for Mrs May, the DUP leader refused to speculate on the result of the vote, insisting that is a matter for the Conservative Party."
https://www.bbc.com/news/uk-scotland-south-scotland-51356747,South of Scotland's key issues aired at convention,"Deputy First Minister John Swinney chaired the Convention of the South of Scotland in Dumfries. It looked at the key issues facing Dumfries and Galloway and the Scottish Borders such as transport, population change and employment. Mr Swinney said the convention would allow the Scottish government to ""work more closely"" with bodies in the area. The meeting at Easterbrook Hall was aimed at improving links with local councils and other public agencies. It looked at: Mr Swinney said the convention provided a ""unique platform"" to strengthen the relationship between national and local government. He said it was one of a ""number of exciting developments"" in the area - including the creation of a new enterprise agency and the Borderlands growth deal. He added that he was looking forward to discussing ambitions for the economic future of the area."
https://www.bbc.com/zhongwen/trad/chinese-news-49716058,美中貿易戰與特朗普混亂不測的新世界格局,十幾個月打下來，他的貿易戰「很好」的堅稱與全球經濟學專家與商家的共識相左。與中國的貿易戰對美國經濟的負面影響已經開始顯現，而且有把全球經濟拖入衰退的危險。 「很容易贏」？顯然不是特朗普想像的那麼的容易。在美國新一輪對中國加徵2500億美元關稅生效前夕，特朗普一條推文宣佈暫緩實施，他的解釋是讓中國先好好過個國慶節，不給中國人過節添堵。 忽冷忽熱貿易戰 這個解釋顯然難以令人信服，尤其是出自特朗普之口。別忘了，兩年前特朗普在競選中高喊中國「強姦」美國，甚至把中國比作是比伊斯蘭聖戰恐怖主義更大的問題。 有分析人士認為，2020年美國大選臨近，感到經濟壓力的特朗普在向中國伸出橄欖枝。 這個判斷要能站得住腳，要基於兩個前提。一是特朗普有一個明智、明確、一貫的談判戰略。二是特朗普凖備接受妥協雙贏。貿易戰打到今天，這兩點都似乎缺乏證據。 特朗普執意要與中國打這場貿易戰，而且只能有一個贏家，美國。 特朗普堅信實施單邊懲罰性貿易關稅和制裁是殺手鐧，中美之間幾十年來積累的貿易不平衡可以一朝翻盤。但是，美國前勞工部長，現任美國加州大學伯克利分校公共政策教授的羅伯特·萊奇（Robert Reich）提醒人們，特朗普的貿易戰「好且易贏」的信念，是建立在對關稅以及美國海外公司運作的最基本的常識錯誤上的： 「他堅稱是中國人而不是美國的消費者為他的徵加關稅買單。他『命令』美國公司停止在中國做生意」。 只能美國贏 美國對中國的巨額貿易逆差，冰凍三尺非一日之寒，是多年積累起來的。特朗普之前的美國總統沒人是睜眼瞎。之所以沒有像特朗普那樣單邊挑起貿易大戰，是因為在多元化全球經濟的今天，貿易關稅壁壘已經被證明是害人不利己的不智之舉。 尋求妥協雙贏，合作互惠，已經是國際社會的共識。 特朗普顯然不信這一套，他不但執意要與中國打這場貿易戰，而且只能有一個贏家，美國。在特朗普的世界裏，贏重於一切，超越意識形態，原則立場。 當香港的抗議者打著美國星條旗，高唱美國國歌，呼籲特朗普把香港元素加入他的對華貿易戰，甚至要特朗普來「解放香港」的時候，他們是把美國總統當作傳統的「自由世界的領導人」，負責任，值得信賴，堅持正義，恪守原則。 然而，特朗普徹底砸碎了美國自二戰以來在國際舞台上精心塑造的這個形像。今天住在白宮裏的美國總統，美國歷史上絶無僅有。特朗普入主白宮不到3年，徹底攪亂了過去半個多世紀逐漸形成的世界格局。特朗普一手打造的世界新格局呈現的是極度的混亂、不確定，潛伏著危機與危險。 美中貿易戰的忽冷忽熱，山重水複，必須放在特朗普追求的世界新格局下來觀察和判斷，才會有任何的意義。 破制攪局 2017年1月，特朗普打著「美國第一」的大旗上台，兩年多的時間裏，「美國第一」就像建築工地上拆除舊建築的破碎球，把第二次世界大戰後形成的以遵守規則為基礎的多邊主義國際秩序砸了個遍地瓦礫。 保障遵守遊戲規則的國際機構和國際條約，無論是北約、聯合國，還是巴黎氣候協議、伊朗核協議，都成了特朗普攻擊的對象。 特朗普憎恨多邊主義。無論是生意經還是政治經，特朗普都堅信，多邊主義下美國只會吃虧當冤大頭。因此，任何體現多邊主義成果的國際機構和國際條約都成為特朗普的眼中釘。 特朗普的世界裏，傳統的盟國與對手，朋友與敵人的界限變得模糊甚至顛倒。特朗普對盟國領導人出言不遜，惡語相向，對政治強人獨裁暴君羨慕欣賞，讚譽有加。 丘吉爾，羅斯福，斯大林。1945年2月出席雅爾塔會議。丘吉爾與羅斯福在二戰中確立的「特殊關係」是半個多世紀來西方盟國維持世界持續的基石之一。 英國脫歐脫的焦頭爛額之際，特朗普也要插手攪和。無論是遭特朗普譏笑的前首相特蕾莎·梅，還是受特朗普欣賞的新首相鮑里斯·約翰遜，都是把寶押在英國脫歐後能迅速與美國達成全面貿易協定。特朗普也許諾給脫歐後的英國一個「非常非常大，非常非常快」的貿易定單。 畢竟，美英「特殊關係」是二戰以來多邊主義世界新秩序的重要基石之一。看在老朋友的面子上？ 然而，特朗普支持英國脫歐也是以「美國第一」為前提的。英國皇家國際事務研究所的美國和美洲項目負責人溫亞姆裏博士（Dr Lwslie Vinjamuri）認為，特朗普支持英國脫歐，是因為他厭惡多邊主義，他更願意一對一，各個擊破，特朗普堅信這最符合美國的利益。 美國先總統林肯傳記的作者，曾任美國總統克林頓政府高級顧問的布魯門索（Sidney Blumenthal）對特朗普約翰遜治下的美英「特殊關係」感到的是悲哀： 「這與丘吉爾和羅斯福開創的特殊關係完全背道而馳。這不是一個新階段，這是一個根本不一樣的關係。它不是特殊關係，是懷有惡意的關係。美國總統與英國首相聯手將不是去挽救西方，而是砍殺（slay)西方。」 「特朗普第一」 特朗普是個臉皮極薄的一言堂主。入主白宮兩年多，唯我獨尊，剛愎自用，朝令夕改，出爾反爾，翻臉不認人的性格已表現的淋灕盡致。 美國總統府白宮似乎成了特朗普重溫當年主持《學徒》電視真人秀的地方。按特朗普自己的話說，只有他一個人最重要，其他人都是可有可無。 美國約翰·霍普金斯大學的戰略研究教授艾略特·科恩（Eliot Cohen）說：「總統已經自己證明了他是批評者所指責的那種人：好斗，欺凌，煩躁，不負責任，不動腦子，壞脾氣和自戀。令人瞠目的是，他的這些缺點還沒有轉換成明顯的大災難」。 但是，科恩教授 在《外交事務》雜誌上撰文警告說：「這（尚未出現的明顯災難）不能轉移我們對正在積累的美國外交危機的視線」。 的確，從朝鮮到伊朗到阿富汗，特朗普混亂不測的舉動潛伏著災難性的危險。 英國皇家國際事務研究所的美國和美洲項目負責人溫亞姆利博士說，「特朗普的美國第一實際上是特朗普第一。問題不在於如何應對美國，而是如何應對特朗普。」 特朗普的美國第一實際上是特朗普第一。問題不在於如何對應美國，而是如何對應特朗普。 如何對應 從政府部長到特別顧問，特朗普一手招聘一手辭退，走馬燈似的換人，白宮裏的「成年人」已經所剩無幾之時，特朗普的言行舉止日漸怪異乖張。僅舉最近的幾個例子： 不惜篡改美國氣象局的颶風預報氣象圖來證明他的錯誤聲稱言之有據？（特朗普稱不知道有修改氣象圖的事，也不知是誰修改的） 在美國遭受9·11恐怖襲擊週年紀念的同一周裏，安排在美國總統別墅戴維營秘密會見塔利班代表，然後一條推文宣佈取消？（9·11恐怖襲擊發生後，正是從戴維營裏，時任美國總統喬治·布什發佈了對阿富汗的軍事打擊命令。美國認定塔利班政府為9·11恐怖襲擊者提供了庇護和支持） 也是一條推文，特朗普取消了讓丹麥政府精心凖備了數月的美國總統對丹麥的國事訪問，只因丹麥說它不賣也無權賣格林蘭島？ 美國前勞工部長，現任美國加州大學伯克利分校公共政策教授的羅伯特·萊奇說： 「我認為我們不得不面對一個似乎沒人願意承認的事實。這已經不再是極度的自戀、自負和驕狂。美國總統是嚴重的、可怕的，危險的不穩定，而且他的狀況日漸惡化。」 如何對應特朗普？英國皇家國際事務研究所的美國和美洲項目負責人溫亞姆利博士的問題問得好，但似乎沒人能給出答案。 美國民主黨人把希望寄托在14個月後用選票把特朗普趕下台。如果特朗普在2020年的大選中獲勝連任呢？特朗普的對手似乎不願意麵對這個可能性。 回到文章開頭的美中貿易戰。美中雙方談判小組技術層面上的突破妥協，如果達成的話，能否經得住特朗普隨手發的一條推文？ 美中貿易戰放在特朗普打造的混亂而不測的世界新格局下看，它的忽冷忽熱，反覆無常就不難理解和預見。 難以預測的是，特朗普治下，美中貿易戰能否在雙方都接受的停戰條件下偃旗息鼓。
https://www.bbc.com/zhongwen/trad/china/2014/08/140825_taiwan_china_spy_row,台灣陸委會前官員張顯耀被檢方限制住居,張顯耀否認「共諜」指控。 馬英九政府原傳出將以最高可判處無期徒刑的外患罪偵辦張顯耀，但在台灣法律規定中國不屬外國下，檢方目前是以最高刑期七年的洩密罪偵辦。 張顯耀在進入地檢署時說這幾天以來外界有很多的傳聞與「不實謠言」，包括說他洩密、洩漏談判底線，或公文外洩等等，完全都不是事實。 對於馬英九政府對他的指控，張顯耀再度稱他只是執行長官交辦任務，他並意有所指稱要提醒公務員「若長官交辦事件沒有紙條蓋官防，就可能有洩密之虞，對外的談判或溝通也只能拿著蓋好官防的文字稿念，否則就有洩密之虞」。 在張顯耀對他遭控案件一路喊冤下，檢方則以偵察不公開的理由，對這起受台灣社會高度矚目事件未置評論。 議論紛紛 張顯耀遭指控的許多不尋常處連日來引起議論紛紛，比如若張犯罪為何馬政府一開始還打算安排他到國營事業擔任董事長，且是在張反擊後才命令檢調偵辦。 出身國安情報系統的張顯耀此前稱已寫好遺書一旦出事將公諸於世，評論員則說的張顯耀熟知特務手法，這是其擔心被特務用暗殺等「家法」處置下先發制人。 各種揣測與議論也包括了馬英九政府間的内鬥，以及被認為是馬英九心腹的國安會秘書長金溥聰在此一指控中扮演的角色。 金溥聰此前說將對不實的媒體報導提出控告，而張顯耀在檢方約兩個小時的偵訊後則對法庭外的媒體說，媒體關注他得罪了什麼人，「大家心理很清楚」。 以「黑幫追殺叛徒」形容馬英九政府對他指控的張顯耀，其間究竟涉及兩岸政府間什麼未公開秘密，包括張顯耀與馬政府都未對外說明。 張顯耀在法院外再度被問到到底涉及什麼秘密時，他回答說他的工作涉及國家機密與兩岸業務使他非常為難，因為能證明他清白的就是這些兩岸事務及機密，要真的講出來就變成洩密。 習馬會 張顯耀稱自己「對得起」馬英九總統。 外界對此一案件涉及秘密的一種揣測是馬英九希望同中國國家主席習近平的會面間的交涉，張顯耀對此則說過去有關馬習會的報導很多，他只是其中一顆非常小的棋子。 張顯耀並稱或許他是在其中得罪人而不自知，他會將有關於此的事證交給檢調參考。 張顯耀此前一再表示他對得起國家，也對得起總統馬英九，而任命他作為陸委會首席副主委的馬英九，對此一事件則保持沉默，其此前是通過總統府說他支持將張顯耀調職調查， 最大在野黨民進黨則表示此案在陸委會、調查局及國安高層等連日對媒體釋放信息下，恐已造成證人勾串及滅證等影響正常偵辦，而馬英九在兩周前就已掌握相關事證，檢方應盡速傳喚馬英九、金溥聰以及江宜樺與王郁琦等官員。 針對張顯耀稱他只是一顆奉命行事的小棋子，民進黨則呼籲檢方對包括馬英九在內可能向他下令的這些長官也應進行調查，不應自我設限使國家安全受到危害。 從近年來的經驗來看，受行政系統指揮的檢調系統並未不會對馬英九進行這類調查偵辦，在野的台聯黨主席黃昆輝此前因釣魚台被列入中國防空識別區等事件向檢方控告馬涉外患罪，在檢方未有動作下黃批評聽命於上級的檢方不敢處理該案。 （責編：葉靖斯）
https://www.bbc.com/zhongwen/trad/china/2014/11/141129_tw_election_kewenzhe_rex,柯文哲：相信的力量 讓台北市改變成真,"柯文哲以獨立身份參選獲勝。 從中午過後，柯文哲競選總部就陸陸續續湧進許多支持者，柯總部安排了許多樂團演唱安撫支持者緊張的情緒，四點過後開始開票，一開始，群眾緊盯著大屏幕上的開票數字，只要有新的統計數字出現，群眾就響起一陣歡呼聲，但柯的票數一路領先，因此柯總部現場呼樂聲此起彼落，不見緊張氣氛。 柯文哲在晚間七點半來到競選總部召開記者會，對於競爭對手，他表示，「感謝連勝文先生對我的指教，讓我得以發現缺失、學習改進。」他還同時感謝另一參選者馮光遠，以光明磊落的態度參與選舉，提出許多務實的政見，這些競選對手對於市政規劃藍圖的意見，他都將虛心採納。 柯文哲在當選演說中表示，他認為造就台北改變成真的力量，來自庶民、鄉民（網民）和公民。特別是鄉民力量的展現見證了網絡世代的強大，讓這場選戰成為一場網絡主導的選戰。他更表示，台灣社會從白衫軍到太陽花學運，公民運動造就了台灣新政治的來臨，他說：「公民社會的崛起不是否定政治，而是開拓公民參與的契機。政黨與政治人物必須更謙卑面對公民社會，這也會是台灣政治的正面發展。」 不加入政黨，不服務政治 由於此次九合一選舉結果，將牽動2016總統大選，曾經參與民進黨內台北市長初選的姚文智、顧立雄也都來到競選總部，與群眾同樂。 因此在記者會上，有媒體詢問柯文哲對2016大選的態度，柯文哲一開口就說：「我不會….」但話未講完立即話鋒一轉，重申他不會要求市府官員加入政黨，「未來台北市政府的公務員，不用服務政黨與政治，只需要服務市民。」對於國民黨慘敗，柯文哲並未落井下石，他反而說：「是非成敗轉頭空，青山依舊在，幾度夕陽紅，國民黨也曾經歷經十次失敗，所以不用想太多！」 延續與大陸的城市交流 對於未來市府小內閣，柯文哲說：「我們待會兒九點半就要開會討論。」他指出，副市長將採功能取向，局處首長則以遴選產生，希望五天內就能提出局長名單，但他強調，他要做的第一件事，是穩定市府的員工。 許多媒體關切他當選後，是否會以台北市長的身份訪問大陸？對此，柯文哲表示，他將延續郝龍斌市長任內，台北市與大陸的交往，包括台北、上海的城市論壇都將延續，至於是否到大陸去，他說，不需刻意，但適當時機時，該去就去。 結束記者會後，柯文哲走到競選總部外，與妻子陳佩琪一起站上舞台，接受群眾的道賀，現場氣氛頓時達到最高點，主辦單位表示，今晚一同來慶賀的群眾達到二萬人，即使柯文哲離去，人群仍然不肯散去。 如果您對這篇文章有任何意見或感想，歡迎電郵至 chinese@bbc.co.uk。您也可以使用下表給我們發來您的意見： 讀者反饋 如果柯p真的做的到他參選時的承諾，我想這是台灣政治邁向瑞士直接民主的里程碑。只要人民的民主法制素質持續提昇，台灣將會改寫某些人說華人不適合民主制度的鬼話。 人民給了你機會、希望你不要讓人民失望了。加油！ Ivan, Melbourne, AU"
https://www.bbc.com/zhongwen/trad/china/2014/01/140109_twh5n1_byyansiqi,"台陸委會：北京列為""黃色""旅遊警示區","台灣決定提升北京市的旅遊疫情為第二級的""警示（Alert）""等級 台灣行政院大陸委員會周四（1月9日）依據衛生福利部疾病管制署決定，將北京市列入""黃色""旅遊警示區域。 台灣衛生福利部疾病管制署表示，加拿大政府公布一例感染H5N1流感死亡病例。由於死者去年12月曾至北京市，於是決定提升北京市的旅遊疫情為第二級的""警示（Alert）""等級，和中國大陸廣東省、浙江省、江西省、江蘇省、湖南省、上海市一樣。 疾病管制署表示，由於人類感染H5N1禽流感及H7N9禽流感的傳染途徑都是經由吸入或接觸口、眼、鼻黏膜而感染，因此呼籲前往中國大陸或流行地區旅遊探親民眾，應注意個人衛生和自我防護，保持勤洗手、戴口罩的衛生習慣，勿任意碰觸與餵食鳥禽，避免前往販賣活禽的傳統市場，食用禽肉及蛋類務必煮熟。一旦出現發燒、咳嗽等症狀，應立即戴口罩就醫，並告知醫師旅遊史。 台灣陸委會還提醒，各型禽流感病毒持續存在環境中，其傳染威脅並未解除，仍須對其感染風險與威脅保持警覺。 加拿大衛生部1月8日證實，加拿大阿爾波特省出現北美第一宗H5N1流感死亡病例，並強調這只是個案，並不會威脅大眾的健康。 加拿大衛生部表示，死者去年12月曾去過中國大陸北京市，搭機從北京市飛往溫哥華時出現感冒症狀。這名乘客繼續前往埃德蒙頓，並在今年1月1日住進醫院，兩天後病故。加拿大正在與中國大陸共同處理這一宗H5N1死亡病例。 (責編：李莉) 網友如要發表評論，請使用一下表格："
https://www.bbc.com/news/uk-politics-18315330,"Lady Warsi has questions to answer, says prime minister","The Sunday Telegraph reported she did not declare her directorship and majority shareholding in a spice company. Lady Warsi denies wrongdoing, saying she followed the rules. Labour wants the police to investigate separate allegations over allowances. The paper said February accounts showed Lady Warsi held 60% of Rupert's Recipes' shares, two months after she entered the Cabinet. In a statement, Baroness Warsi said: ""My shareholdings and, before becoming a minister, directorships have at all material times been disclosed as required on the Register of Lords' Interests and to the Cabinet Office and on the register of ministerial interests."" According to the Lords code of conduct, members must register share holdings in firms in which they hold a controlling interest or if they are valued at more than £50,000. Asked by a reporter if the baroness had acted improperly, Mr Cameron said: ""I am satisfied that there are questions that have been raised and there are questions which have to be answered. I am satisfied that will happen."" Separate investigation Lady Warsi is already being investigated by a parliament watchdog over separate allegations that she claimed accommodation allowance while staying with a friend rent-free. Lady Warsi, who is a member of the cabinet, has said she made an ""appropriate payment"" to her friend - now her special adviser - Naweed Khan, who was renting the house in which she stayed. But the owner of the property in Acton, west London, Dr Wafik Moustafa, said he never received any money from her. She has now referred the allegations to the Lords commissioner for standards, Paul Kernaghan. A spokesman for Mr Kernaghan said he would conduct ""an initial assessment"" of the allegations to see whether they were within his remit before deciding what to do. Labour MP Karl Turner said there were ""serious questions to answer"" and has urged the police to investigate Mr Turner said: ""It appears that Baroness Warsi may have claimed for expenses which she did not in fact incur, and that a criminal offence may therefore have been committed."" He has written to the City of London police asking them to undertake an inquiry into whether Baroness Warsi or her aide Mr Khan have broken the law."
https://www.bbc.com/zhongwen/trad/business/2015/07/150722_apple_sales_and_shares,蘋果第三季業績創紀錄但股價下跌,第三季度通過都是iPhone銷售增長最緩慢的一季，消費者往往在等待新一代型號的到來 在截至6月27日為止的第三季度中，蘋果共賣出了4750萬台iPhone，比去年同期上升了35%，而Mac電腦銷量則上升9%，售出480萬台。 這樣的業績表現令首席執行官蒂姆·庫克（Tim Cook）將過去數月稱為「令人驚嘆的一季」，蘋果營利上升38%，達到107億美元（68.7億英鎊），總收入則上升33%，達到496億美元。 BBC記者霍普（Katie Hope）在紐約報道說，第三季度通常都是iPhone銷售增長最緩慢的一季，因為消費者往往會在此時決定推遲購買iPhone，等待新一代型號的到來。 不過，儘管銷售業績強勢，但蘋果在紐約後市交易中的股價卻下跌了6.7%，即每股下跌約8.85美元。 分析家將股價下跌歸因於市場對公司第四季度營業額預期的失望，蘋果對第四季的營利預測低於預期，此外，蘋果的營利也過於依賴iPhone的銷售。 在中國市場上，蘋果則繼續表現出色——這個市場包括中國大陸、香港和台灣。 銷售額與去年同期相比翻了一番，在公司整個第三季度銷售中佔了超過四分之一。 在分析人士擔心市場已經接近飽和狀態時，中國市場對蘋果產品的需求仍然巨大 「依賴」iPhone 蘋果在中國市場上的上升趨勢應該能令投資者放心，在分析人士擔心市場已經接近飽和狀態時，中國市場對蘋果產品的需求仍然巨大。 但是，美國財政顧問公司BGC合作伙伴公司（BGC Partners）的分析家科林·吉利斯（Colin Gillis）告訴BBC說，蘋果公司「完全依賴」iPhone在中國的銷售和增長仍然是一件值得擔憂的事情。 「看看個人電腦市場，有人問這有沒有可能發生在智能手機身上。當然有可能。而依賴中國本身也附帶著一些風險，」他說。 不過，吉利斯同時表示，投資者應該也將業績考慮在內。 「總體來說，業績是令人驚嘆的——它創造了100億美元的營利。不過蘋果在很多指標上都屬於異數，所以你要看的是它的表現與人們的期望之間的對比，」他說。 去年上市之後打破了iPhone銷售紀錄的iPhone 6和iPhone 6+，目前才剛剛上市10個月。 蘋果手表的「好開局」 iPad平板電腦的需求仍然較弱，第三季銷售量為1090萬台，較一年前下降了18%。 但庫克表示，蘋果手表（Apple Watch）取得了一個「好開局」，在第一份成績單中顯示了該公司第一款可穿戴的高科技產品銷量到底有多好。 這位蘋果的最高領導人在去年秋天就曾表示，他不想透露關於這款在4月24日開始發售的手表的具體數據細節，以免給競爭對手提供更多的內部信息。 蘋果手表在上市頭9個星期內的銷售量超過了iPhone和iPad在首次上市初期的業績 但蘋果表示，該公司「其他產品」的營收達到了26億美元，比上一季度增加了9.52億美元，這些產品包括蘋果手表在內，以及iPod和Beats耳機等等。 首席財務官盧卡·梅斯特裏（Luca Maestri）表示，蘋果手表的營收總額「遠遠超過」那9.52億美元的增長部分。 他還說，蘋果手表在上市頭9個星期內的銷售量超過了iPhone和iPad在首次上市初期的業績。 而蘋果表示其毛利率——生產成本和顧客所支付金額之間的比例——為39.7%，較上一年有輕微上升。 （編譯：列爾 責編：葉靖斯）
https://www.bbc.com/news/business-33090516,Ryanair told to sell Aer Lingus stake,"The Competition and Markets Authority (CMA) said Ryanair must cut its stake in Aer Lingus from 29.8% to 5%. Ryanair said the decision was ""manifestly wrong"". It comes after the Irish government agreed to sell its 25% stake in Aer Lingus to British Airways owner International Airlines Group (IAG). The sale of Ryanair's Aer Lingus shares has an important bearing on the deal. Court battle Ryanair's chief executive Michael O'Leary has fought previous attempts to get him to sell his stake in Aer Lingus, which he has tried to takeover on two prior occasions. The last time Ryanair attempted to buy its main domestic rival two years ago, the deal was blocked by the European Commission - a decision that was welcomed by Aer Lingus at the time. A short while later, the Competition Commission - the forerunner to the CMA - ordered Ryanair to sell down its stake in Aer Lingus to 5%. Ryanair appealed against the decision in a case that went to the High Court and which it ultimately lost in April this year. The airline has applied to the Supreme Court to appeal that decision. If the Supreme Court agrees to hear the case, it could lead to a lengthy delay in the takeover of Aer Lingus by IAG. Ryanair said on Thursday that it would appeal the latest CMA ruling which it called ""ridiculous"" and ""legally flawed"". Ryanair spokesman Robin Kiely said the CMA's decision was ""manifestly wrong and flies in the face of the current IAG offer for Aer Lingus"". ""When the only basis for the CMA's original divestment ruling was that Ryanair's minority shareholding was or would prevent other airlines making an offer for Aer Lingus, the recent offers by IAG for Aer Lingus totally disprove and undermine the bogus theories and invented evidence on which the CMA based its untenable divestment ruling."" Mr O'Leary recently said his company would consider any offer from IAG for its shares but it is believed that he wants further concessions from IAG, including a number of its slots at Heathrow airport."
