url,title,content
https://www.bbc.com/news/science-environment-26655779,Dissent among scientists over key climate impact report,"By Matt McGrathEnvironment correspondent, BBC News, Yokohama Members of the Intergovernmental Panel on Climate Change (IPCC) will publish their first update in seven years on the scale of the threat. Leaked documents speak of significant effects on economies, food supplies and security. But some attendees say the summary, due out next Monday, is far too alarmist. This will be the second of a trilogy of reports on the causes, effects and solutions to climate change, from a body made up of some of the leading researchers in the world. Long-term perspective Last September in Stockholm, they produced a summary on the physical science of climate change, arguing that it was real, and humans were the ""dominant cause"". Now in Yokohama, the second IPCC working group will set out the impact that rising temperatures will have on humans, animals and ecosystems over the next century. The scientists and government officials will agree on the exact wording of the final summary over the next few days, with publication coming early next Monday, UK time. The summary is a short, dense document that sums up the findings of 30 underlying chapters, each made up of detailed assessments of relevant research that has been published since 2007. A leaked draft of the summary, seen by the BBC, points to a range of negative effects that will, in some instances, be ""irreversible"". Millions of people living in coastal areas in Asia will be affected by flooding, and displaced due to land loss. The draft says that crop yields around the world will decline by up to 2% per decade for the rest of the century. If the world warms by 4C towards the end of this century, this will pose a ""significant risk to food security even with adaptation"". The summary says that in the near term, at levels of warming that scientists say we are already committed to, there is a very high risk to Arctic sea ice and coral reefs. They warn that the oceans will become more acidic as they warm, and species will move towards the poles to escape the heat. The researchers say that in this report they have been able to call on a broader range of observations. Instead of just adding up all the effects, saying that together they suggest an influence of climate change, they have been able to look at individual events. ""We've reached the stage where we can go impact by impact, and say is there an influence of climate change?"" Dr Chris Field, co-chair of Working Group II told BBC News. ""We don't see it with every one but we do see it with a lot. It's a real difference. Before it was a very general concept, now it is much more specific."" But some researchers are decidedly unhappy with the draft report. Prof Richard Tol is an economist at the University of Sussex, who has been the convening lead author of the chapter on economics. He was involved in drafting the summary but has now asked for his name to be removed from the document. ""The message in the first draft was that through adaptation and clever development these were manageable risks, but it did require we get our act together,"" he told BBC News. ""This has completely disappeared from the draft now, which is all about the impacts of climate change and the four horsemen of the apocalypse. This is a missed opportunity."" Critics say that some aspects of the projected effects are ""alarmist"", such as the impact on conflict and migration caused by climate change. ""You have a very silly statement in the draft summary that says that people who live in war-torn countries are more vulnerable to climate change, which is undoubtedly true,"" said Prof Tol. ""But if you ask people in Syria whether they are more concerned with chemical weapons or climate change, I think they would pick chemical weapons - that is just silliness."" The assertions that the summary for policymakers is too alarmist has been countered by Dr Arthur Petersen, the chief scientist at the Netherlands Environmental Assessment Agency, who is representing his government in Yokohama. He said that this working group had to anticipate all the challenges that might arise from a warming world. ""Working group I (the physical sciences) doesn't want to sound alarmist. In working group II, they don't want to chance not having spotted a particular risk so they have a bias in the other direction,"" he said. ""In this report, they are more honest and open that they have a risk orientation because they do focus more on the risks than the opportunities."" The report is shaping up to be more nuanced, with far more emphasis on adaptation than the last one in 2007. According to many familiar with the text, it is about managing the risk rather than waiting to see if things get worse. ""We are going to frame the issue of climate change as more of a distributional issue,"" said Dr Petersen. ""It's not doom and gloom but an additional stress on countries that are already severely stressed."" Follow Matt on Twitter @mattmcgrathbbc."
https://www.bbc.com/news/uk-scotland-glasgow-west-49641741,Graduation charges scrapped at Glasgow Caledonian University,"It follows a high profile campaign by the NUS Scotland which has said it can cost up to £225 to take part in graduation ceremonies. The University of Glasgow abolished the charges in 2018 while Strathclyde and Aberdeen followed suit earlier this year. Glasgow Caledonian University (GCU) said the change will come into effect from summer next year. According to the NUS Scotland campaign, students at some universities have to pay £70 just to get a seat in the graduation hall - then there is the additional expense of hiring gowns and getting photographs. In some cases, students who cannot afford their graduation decide not to attend the ceremony. GCU's student president, Eilidh Fulton, said the university acted after a strong student-led campaign. She said: ""I am absolutely delighted to have worked alongside the other full-time officers to secure this agreement with the university to remove graduation fees for all students from summer 2020. ""Such a positive outcome has been the result of the strong partnership working between the students' association and the university."" The move was also welcomed by the NUS, which described the move as ""amazing news"". Prof Pamela Gillies, the principal and vice-chancellor of GCU said: ""We have always valued the strong, collaborative working relationship we have with our Students' Association, and we're very pleased to have reached this agreement."""
https://www.bbc.com/news/uk-england-south-yorkshire-53150467,HSE 'toothless' over Covid-19 factory workers deaths inquiry,"Dave Baxter was one of the workers who died after an outbreak at food supplier Cranswick in Wombwell, near Barnsley. Wentworth and Dearne MP John Healey said: ""If they didn't do a site visit when three people died, what would it take?"" The HSE said it was operating its work remotely during the pandemic. Mr Baxter, 55, and two other colleagues died after the outbreak in April. Another 11 workers were diagnosed with the virus and seven were admitted to hospital. Mr Baxter's partner, Leander Lupton, said measures to protect staff at the site had only been put in place after the deaths. She said: ""When he was in the back of the ambulance he asked me to let them know he wouldn't be going in - he didn't want to let them down. ""If they'd shown the same concern, they might still have a loyal, hardworking employee. ""My son would still have a dad and the world would still have a kind, gentle and giving man."" Mr Healey said he had been contacted by people concerned about the site and these were passed on to the HSE, but ""their investigation went no further than getting emails from the company"". Read more news and stories from across Yorkshire Stephanie Peacock, MP for Barnsley East, said it was ""deeply concerning"" the HSE had failed to visit the site. A spokesperson for the HSE said inquiries into Cranswick Foods were ongoing and added: ""We continue our ongoing dialogue with the Members of Parliament who have contacted us on this matter."" The HSE said it had received concerns relating to social distancing measures in place at the site but that inspectors had got in touch and concerns ""were very quickly addressed by the company with minimal intervention from HSE"". Barnsley Council's director of Public Health, Julia Burrows, said she was ""saddened"" by the deaths and the authority had been working with the company since late April. ""Based on the information the company shared with us, we agreed that the measures they had put in place were suitable and sufficient at that time,"" she said. The information gathered was shared with Public Health England (PHE) and with the HSE. Cranswick Foods said that from the start of the pandemic it had implemented ""additional measures to protect both the physical and mental wellbeing"" of staff. ""All colleagues are also advised not to attend work if they have any symptoms,"" it added. A company spokesperson said it had worked with various regulatory agencies including the HSE and Public Health England. Follow BBC Yorkshire on Facebook, Twitter and Instagram. Send your story ideas to yorkslincs.news@bbc.co.uk."
https://www.bbc.com/news/uk-england-south-yorkshire-49155360,Lewis Bagshaw Sheffield stab death: Further arrest made,"Lewis Bagshaw, 21, died in hospital after he was found with a stab wound to his chest on Piper Crescent, in the Southey area of the city, at about 22:15 BST on 21 July. A 21-year-old, from Sheffield, has been detained and remains in custody. Two other people, a 16-year-old boy and a 39-year-old man, have been charged with murdering Mr Bagshaw. Scott Lee Winter, of Southey Avenue, Sheffield, and the teenager, who cannot be named because of his age, are both remanded in custody and youth detention until 30 July when they are due to appear before the city's crown court. Follow BBC Yorkshire on Facebook, Twitter and Instagram. Send your story ideas to yorkslincs.news@bbc.co.uk."
https://www.bbc.com/zhongwen/trad/world-44287184,菲律賓在中業島修跑道：南海工程競賽「白熱化」,"美國戰略與國際研究中心指，5月17日拍攝的衛星相片顯示，中業島機場跑道西邊停靠了兩隻船。圖片也顯示了跑道的損毀情況。 菲律賓總統府發言人羅克（Harry Roque Jr.）證實，菲律賓當局正在維修中業島的飛機跑道，強調工程符合「國家主權和管轄權「。中國官方媒體報道，菲律賓總統杜特爾特是因為國內壓力才展開工程。但有專家向BBC中文分析，菲律賓已經計劃這些工程多年，不大可能是因為政治壓力才開始維修，而且菲律賓需要維修中業島這條跑道，給島上居民運送補給品，改善他們的生活。 菲律賓外交部長卡耶塔諾（Alan Peter Cayetano）周一（5月28日）一個儀式上引述總統杜特爾特，警告中國不要擅自開採南海的天然資源，否則會向中國「開戰「。 另外，中國國防部宣佈，位於北京的解放軍軍事科學院副院長何雷中將會率團，參加6月1至3日在新加坡舉行的香格里拉對話會。官方議程包括探討區域軍事發展的影響，可能會談到南海問題。台灣中央社周一（5月28日）報道指，東南亞各國對抗中國的力量正在增強，可能在香格里拉對話會上「凝聚成對抗及孤立中國的力量」。 多國近期在南海的活動仍然頻繁。美國在周日（5月27日）派出兩艘軍艦到南海巡航，一度駛近距離西沙群島（Paracel Islands，又稱黃沙群島或帕拉塞爾群島）不足12海里的地方，被中方指「擅自進入中國西沙群島領海」。 何雷去年也代表中國，參加香格里拉對話會。 菲律賓在做甚麼維修工程？ 中業島機場的跑道原來設計1300米長，為島上約100至300名居民提供交通服務和補給品。但《菲律賓星報》報道指，機場兩端多年來被海洋侵蝕倒塌，令C-130等大型運輸機無法在島上安全降落。 總部設於華盛頓的戰略與國際研究中心（Center for Strategic and International Studies）周六（5月26日）發文指，5月17日拍攝的衛星圖片顯示，有兩隻挖泥船正在維修跑道的西端，四周的水域還漂浮著被工程船揚起來的泥沙。除了維修跑道外，衛星圖片也顯示菲律賓在中業島上興建了最少七座新的建築物，也顯示菲律賓在鄰近中業島的馬歡島（Nanshan Island ）修建了一個新的直升機坪。 《菲律賓星報》引述一名菲律賓官員指，政府已經把工程需要的物資和人員運到島上。他又說，菲律賓也將在南海其他島嶼進行類似的維修工程。 菲律賓軍方於1999年將廢棄軍艦馬德雷山號（Sierra Madre）拖至仁愛礁附近擱淺，作為附近海域及島嶼的監測站。菲律賓指中國多次被指阻撓它維修這只軍艦和向艦上官兵提供補給。 「相形見絀」 中國轟炸機在永與島降落的消息引起多名菲律賓政客不滿，該國多名議員讉貴中方的行為。杜特爾特政府沒有直接批評中方，這在菲律賓國內也引起不滿，直至菲律賓外交部長卡耶塔諾周一打破多天的沉默，警告如果中國開採南海的資源，就會向對方開戰。 香港《南華早報》引述新加坡拉惹勒南國際研究院專家許瑞麟（Collin Koh）指，菲律賓總統杜特爾特可能是受到國內的壓力而開展工程；而《菲律賓星報》周日（5月27日）也發表評論文章，批評杜特爾特沒有全力保護菲律賓在南海的權益，違反他競選總統時作的承諾。 菲律賓德拉薩列大學（De La Salle University）助理教授海達裏安（Richard Heydarian） 接受BBC中文採訪時說，他認為菲律賓的跑道維修工程與這些事情無關。他指出，菲律賓國防部長德芬·洛倫扎納（Delfin Lorenzana）去年四月訪問中業島時，就已經提出要維修島上設施的計劃。他認為這種維修工程沒有違反國際法或東盟（ASEAN）相關的協議，因此菲律賓政府早就應該進行工程。 他指出，菲律賓早前把南海的爭議提交荷蘭海牙國際仲裁法庭，而為了保持它的「道德高地」，菲律賓政府當時認為不宜在南海中進行這種工程。 菲律賓大學政治學系教授卡洛斯（Clarita Carlos）接受BBC中文採訪時也指出，中業島居民的生活環境十分惡劣，維修是「早就應該做」的事情。 她指出，中國在南海的工程完全改造了島嶼的情況，甚至部署了導彈等先進的武器設備。菲律賓在中業島的工程與中越兩國的工程相比「相形見絀」。 美國上月據報派出了B-52轟炸機在南海附近作訓練，引來中方不滿。（資料圖片） 中國空軍四月首次在南海爭議島礁區域進行轟炸機起降訓練，引發周邊國家對於國家安全的擔憂和警告。（資料照片） 中國應「適當升高對抗的等級」 各國近來在南海的活動仍然頻繁。美國上月據報派出了B-52轟炸機在南海附近作訓練，周日又派出了兩艘軍艦，一度駛入南海一些由中方控制的島嶼十二海里範圍內。 這令中方十分不滿。中國外交部和國防部在同一天分別發聲明，指美方的軍艦「擅自進入中國西沙群島領海」，也損害中美兩軍的「戰略互信」。北京大學海洋戰略研究中心執行主任胡波在中國官方《人民日報海外版》網上版撰文指，中國仍要避免與美國進行戰略對抗，但中國在有需要的時候也要展示「自己的底線和決心」。 南海的爭議更影響到中美的軍事合作。美國國防部5月23日宣佈，因應中國持續把南海「軍事化」，美國將取消邀請中方參加今年的環太平洋聯合軍演。中國外長王毅指美國的決定「沒有建設性」，無助中美互相了解。環太平洋聯合軍演每兩年舉行一次，由美國主導，中國在2014和2016年都獲邀出席。 除了中國，多個聲稱擁有南海島嶼主權的國家近年都在它們控制的島嶼上增加人員和設備。美國前國防部主管亞太安全事務的部長助理施大衛（David Shear）在美國參議院2015年一場聽證會上透露，越南在2009至2014年期間在南海填得約60公頃土地，去年12月也有報道指越南在西礁（West London Reef）建造了一些包括船隻維修廠的新設施。 台灣在2016年也被指在它控制的太平島建造了四座建築，前國防部長馮世寛拒絶透露這些建築的實際用途。 美國國防部稱，因應中國持續把南海""軍事化""，美國已取消邀請中方參加今年的環太平洋聯合軍演中國。2014和2016年，中國都有獲邀請，參加環太平洋聯合軍演。"
https://www.bbc.com/news/uk-scotland-11876821,Margo MacDonald's End of Life Assistance Bill rejected,"Independent MSP Margo MacDonald's End of Life Assistance Bill aimed to make it legal for someone to seek help to end their life. Ms MacDonald, who has Parkinson's disease, claimed there was wide public support for the legislation. But the bill was defeated by 85 votes to 16 with two abstentions. MSPs were allowed a rare free vote on the bill, rather than on party lines, and it was supported by a number of members from across the Holyrood parties. It is not illegal to attempt suicide in Scotland but helping someone take their own life could lead to prosecution. The End of Life Assistance Bill would have allowed people whose lives become intolerable through a progressive degenerative condition, a trauma or terminal illness to seek a doctor's help in dying. It also proposed a series of safeguards which would prevent abuse of the legislation. Ms MacDonald said it was important to allow terminally ill people some dignity. Speaking at MSPs debated the bill in parliament, she added: ""The idea of assisting someone to achieve a peaceful death, within the law, in accordance with what that person considers to be a dignified fashion, is alive and well."" Ms MacDonald also attacked the ""Care not Killing"" alliance of 50 groups, including faith-based organisations, which campaigned strongly against the bill. Some critics have claimed it could have led to Scotland becoming a ""suicide tourism"" destination, along with other countries where the practice is legal, such as Switzerland. There have also been concerns it could fail to safeguard frail, elderly people. Holding up a piece of literature linked to the group, she said: ""I'll cut to the chase and condemn as unworthy and cheap, the contribution made by the publishers and authors of this catalogue of linguistic contortions, headed 'Care not Killing'. ""This postcard was distributed through churches and caused alarm among frail, elderly and disabled people."" Scottish Health Secretary Nicola Sturgeon said she was opposed to the bill, adding the Scottish government's view was that it did not support a change in the law. She said: ""I personally find myself particularly concerned and fundamentally concerned about the difficulty I think would always and inevitably be present in determining that someone choosing to end their life had not been subjected to undue influence."" During the debate, MSPs from all parties spoke out for and against the bill. Labour MSP Michael McMahon described it as ""dangerous and unnecessary"", while the two Green MSPs - Robin Harper and Patrick Harvie - said current laws were unclear and ""served nobody"". Lib Dem MSP Ross Finnie, who convened a special Holyrood committee set up to scrutinise the legislation reiterated its conclusion that it was ""not persuaded that the case had been made to decriminalise the law of homicide as it applies to assisted suicide and voluntary euthanasia"". In England, the director of public prosecutions previously indicated it was unlikely that legal action would be taken against those who assist the suicide of friends or relatives who have a settled and informed wish to die. However, no such guidance has been given in Scotland. MSPs are also currently considering a separate bill to strengthen palliative care for the terminally ill, although Holyrood's health committee has questioned the need for legislation to improve services. The rejection of the bill came after Lord Falconer launched an inquiry into assisted dying in the UK, insisting it would be ""an objective, dispassionate and authoritative analysis of the issues""."
https://www.bbc.com/korean/news-54581189,프랑스에서 교사가 참수당한 사건에 대해 마크롱 대통령이 '이슬람 테러 공격'이라고 말했다,"마크롱 대통령은 교사가 '표현의 자유를 가르쳤기 때문에' 살해됐다고 말했다 희생자는 학생들에게 예언자 무함마드에 대한 묘사로 논란이 된 만화들을 보여준 것으로 알려졌다. 공격자는 경찰에 의해 사살됐다. 마크롱 대통령은 이름이 알려지지 않은 희생자 교사가 ""표현의 자유를 가르쳤기 때문에"" 살해됐다고 말했다. 대통령은 ""그들은 이길 수 없을 것... 우리가 행동할 것""이라고 사건 현장에서 말했다. 공격은 오후 5시경(현지시간) 한 학교 인근에서 발생했다. 대테러 당국이 수사 중에 있다. 흉기를 휘두르던 공격자는 사건 발생 후 경찰에 의해 사살됐다. 경찰은 공격자에 대한 어떠한 개인정보도 공개하지 않은 상태다. 파리에서는 2015년 프랑스의 풍자 잡지 샤를리 에브도가 문제의 만화를 실은 후 이슬람주의자들의 공격을 받았던 사건에 대한 재판이 현재 진행 중이다. 3주 전에는 한 남성이 샤를리 에브도 잡지의 과거 사무실 바깥에서 두 명을 공격해 부상을 입혔다. 사건에 대해 지금까지 알려진 것은? 파리에서 24km 떨어진 도시 콩플랑생토노린의 거리에서 큰 흉기를 소지한 남성이 교사를 공격해 그의 머리를 베었다. 경찰 소식통에 따르면 목격자들은 공격자가 ""알라후 악바르(신은 위대하다)""라고 외치는 걸 들었다고 로이터통신은 전했다. 공격자는 도주했으나 신고가 빨리 접수돼 현지 경찰이 출동했다. 콩플랑생토노린 경찰이 현장을 통제하고 있다 경찰은 인근 지역에서 공격자를 발견했다. 경찰이 항복하라고 소리치자 공격자는 경찰에게 위협을 가한 것으로 알려졌다. 경찰은 공격자에게 사격을 가했고 그는 곧 사망했다. 수사가 진행 중인 가운데 현장은 봉쇄된 상태다. 한 명의 미성년자를 비롯한 4명이 체포됐다고 법원 소식통이 AFP에 말했다. 체포된 이들은 공격자와 연관돼 있다고 이 소식통은 전했다. 프랑스 방송사 BFMTV는 용의자가 18세의 남성이며 모스크바에서 태어났다고 보도했다. 희생자는 누구인가? 르몽드에 따르면 희생자는 역사와 지리학을 가르치는 교사로 교실에서 무함마드 만화 논란을 가지고 표현의 자유에 대해 말하고 있었다고 한다. 당시 샤를리 에브도에 실린 무함마드 만화는 무슬림 사이에서 큰 반발을 불러일으켰다. 교사는 무슬림 학생들에게 만일 모욕감을 느낄 것 같다고 생각하면 교실을 나가도 된다고 말한 것으로 전해졌다. 이달 초 몇몇 무슬림 학부모들은 이 교사가 샤를리 에브도 재판에 대해 논의하면서 문제의 만화를 사용하기로 한 결정에 대해 학교에 민원을 제기했다고 현지 언론은 전한다. 콩플랑생토노린 경찰이 현장을 통제하고 있다 이 학교의 학부모는 ""우리 아들 얘기로는 그가 매우 좋고 친절한 사람이라고 했다""고 AFP통신에 말했다. 이번 사건에 대해 샤를리 에브도느 ""불관용이 또다른 문턱을 넘었다""고 트위터에 썼다. 프랑스에서는 2015년 샤를리 에브도 공격으로 유명 만화가들을 포함한 12명이 사망한 이래 이슬람주의 폭력이 여러 차례 발생했다."
https://www.bbc.com/news/entertainment-arts-44103947,BBC Young Musician: Teenage pianist Lauren Zhang wins 2018 title,"By Mark SavageBBC Music reporter The 16-year-old took the title after playing Prokofiev's challenging Piano Concerto No 2, accompanied the City of Birmingham Symphony Orchestra. Kerry Andrew, chair of the judging panel, said the performance ""left us all breathless"". Lauren beat cellist Maxim Calver and sax player Rob Burton to win the title. ""I'm astonished!"" she said after receiving the prize. ""I'm pleasantly surprised and I can't believe it. ""The journey, right from the start of the competition, has been incredible."" Born in Albuquerque, New Mexico, Lauren started learning piano at the age of four, and is also an accomplished violinist. The musician moved to the UK in 2010, bringing her family with her, after winning a place at the Royal Birmingham Conservatoire. She won the BBC's competition on home turf - having previously played in Birmingham's Symphony Hall at school concerts. Although this was her first time playing with a professional orchestra, conductor Mark Wigglesworth had nothing but praise for the youngster. ""When you meet Lauren she seems... I wouldn't say 'shy', but controlled within herself and very confident about her own personality,"" he said. ""Then you hear her play and you discover this incredible depth and range of thought and imagination. That's an extraordinary combination."" Lauren said she chose Prokofiev's second piano concerto because it balanced ""lyrical, elegant"" melodies with moments that are more ""grotesque or bizarre"". In addition, she confessed, it neatly fitted into the final's the 30-minute time limit. Not that it was an easy piece to learn: ""I really had to practise it quite a few times before I could play without stopping in the middle because it was just so difficult,"" she said. You may also like to read: But speaking on BBC Four after the performance, Lauren said she ""really enjoyed playing"" the piece. The BBC Young Musician competition began in 1978, and previous winners - including Nicola Benedetti, Freddy Kempf and Sheku Kanneh-Mason - have gone on to achieve worldwide success. Having taken the 2018 title, Lauren will now perform at BBC Music's Biggest Weekend in Coventry on 28 May, and also at a special BBC Young Musician 40th anniversary concert at the BBC Proms on 15 July at the Royal Albert Hall in London. She'll have to juggle these commitments with her exams, which start on Tuesday with a French paper. ""I think it's quite stressful juggling GCSEs with this competition,"" she said. ""So I've tried doing some revision and all I can do is hope for the best. I've tried my hardest."" Follow us on Facebook, on Twitter @BBCNewsEnts, or on Instagram at bbcnewsents. If you have a story suggestion email entertainment.news@bbc.co.uk."
https://www.bbc.com/zhongwen/trad/business/2013/08/130825_g20_shadow_banking,20國集團將「溫柔」處理「影子銀行」,今年7月在莫斯科舉行20國集團財長會議通過了打擊跨國逃漏稅計劃。 路透社報道稱，改革以「溫柔」姿態出現，旨在避免傷害全球經濟活動所需的資金流。 方案著眼於具體行為、活動，而不針對有關機構，不點機構名，不列「黑名單」。 預計方案還將開列出針對證券融資貸款業務的最低限度自我整頓建議；這些自我整頓建議被稱為「理髮」。 「催化危機」 「影子銀行」是對傳統正規銀行以外的各類金融中介的統稱；這個群體每年經手的交易額約60萬億美元，大致相當於世界經濟總量。 被歸入這個類別的包括對衝基金、貨幣市場基金和結構性投資工具管理公司等。它們向金融業提供信貸，但不受中央銀行支持，沒有傳統銀行享受的存款保險和債務保證之類安全網。 路透社引述熟悉內情者說，20國集團之所以採取「溫柔」路線，主要考慮到全球金融銀行業經過2007-08年美國次貸危機引發世界金融、經濟危機的重創，目前仍較脆弱，擔心對這些金融中介用力過猛會影響全局。 前英格蘭銀行和英國財政部一名官員說，「影子銀行」業的改革目的在於避免次貸危機重演。 由債務證券化釀成的次貸危機後，各國政府和國際機構已經採取行動，對傳統的銀行和金融機構從事高風險金融投資、融資交易做出嚴格規定。 業內普遍認為「影子銀行」扮演了危機的催化劑，也需改革。 但一些對衝基金和貨幣市場基金對這種指責表示不滿，甚至抗議被稱為「影子銀行」，認為這個詞匯帶貶義。 其中一家公司，黑石（BlackRock），認為「市場融資」機構比影子銀行更貼切。 路透社稱，9月5-6日的G20首腦峰會前，大西洋兩岸已經開始就改革議案展開激烈的游說。 （編譯：郱書 責編：路西）
https://www.bbc.com/news/world-europe-jersey-27921445,Jersey group in campaign to create 'Bitcoin Isle',"By Ryan MorrisonBBC News Bitcoin payments are already accepted in a handful of places but an industry expert says, if the States allow banks to accept and trade with it, Jersey could become a magnet for new business. Robbie Andrews, of bit.coin.je, an industry body set up to promote and campaign for the currency, wants to create a ""Bitcoin Isle"". Treasury Minister Senator Philip Ozouf said he wanted Jersey to be an early leader in the field. There have been issues around the digital currency, including a lack of regulation and concerns over potential for money laundering and other illegal activity. In October 2013 the FBI shut down online marketplace Silk Road. The site traded in drugs and other illegal goods and took payments using ""crypto-currencies"" such as Bitcoin. In December 2013, Fiona Le Poidevin, Chief Executive of Guernsey Finance, said the current lack of regulation was an area of concern. She said the Bitcoin concept had become ""increasingly familiar, but it is still in its infancy and this brings with it both challenges and opportunities"". Senator Ozouf said: ""[This] is a sector that could hold significant opportunities for Jersey. ""Our infrastructure of world-class financial services and digital expertise gives us the tools to be an early leader in the field. Innovation will be central to Jersey's future prosperity. ""We are keen to support local businesses by helping to create a well-regulated and responsive environment for investment in the sector."" Early in 2014 the Chinese government said Bitcoin was not a currency and banned financial institutions from dealing with Bitcoin exchanges. BBC chief business correspondent, Linda Yueh, said: ""It is clear that regulators around the world are unsure about what to make of Bitcoin and are still in the process of making up their mind if and how it and other crypto-currencies should be regulated."" Mr Andrews said Bitcoin was vital to the future of Jersey's economy and would be used globally. ""In the same way email changed how we send files globally, Bitcoin will change how we transact our lives. It is a network you can use for payment that is global and not managed by one industry body."" He said he would like to see more places accept payment in digital currency. ""My plan would be that you get the bus and pay using your phone. You get the paper, you pay with your phone. And at no point do you constantly give people your credit card details."" Tiffin tearoom on St Helier's waterfront already accepts Bitcoin. Owner Giles Day said: ""It is fast, reliable and a very secure payment method. It is the way of the future. It is what the digital and finance industry will be using and those two industries are key to Jersey. ""With a credit card, we get charged and it takes a while to get the money. We get Bitcoins into our account straight away, without any charges."" Mr Andrews said the next step would be Bitcoin banking, meaning workers would get paid in Bitcoins. ""That would require new legislation and the States need to act quickly if they want to capitalise on it,"" he said. ""At the moment there is a big push for a digital industry in Jersey to grow and if you asked any technologist what is the one technology that fits between technology and finance, it would be a crypto-currency like Bitcoin."""
https://www.bbc.com/news/uk-england-leeds-52103905,Dewsbury house explosion: Man seriously injured,"Emergency services were called to the property on Crescent Walk, Ravensthorpe, Dewsbury, at 11:37 BST. Police said a man, 55, who was in the house, was seriously hurt but his injuries were not life-threatening. Another man suffered a head injury after being struck by debris from the explosion and is being treated in hospital. The cause of the blast is not known. More from Yorkshire West Yorkshire Police said on arrival the property had suffered ""significant damage and was on fire"". Follow BBC Yorkshire on Facebook, Twitter and Instagram. Send your story ideas to yorkslincs.news@bbc.co.uk."
https://www.bbc.com/news/world-europe-37498847,Spanish election: Senior Socialists resign in protest against Sanchez,"Party representatives hope to force Mr Sanchez out after his failure to form a coalition government. A Socialist lawmaker told AFP news agency that party leadership must now be dissolved and ""passed on to a caretaker administration"". Out of the 35-member executive committee, 19 have quit. Without a majority, an interim leadership must take over the party. Spain has been in a political deadlock for the past nine months. The results of a general election on 20 December 2015 left a hung parliament. The majority Popular Party has faced the challenge of forming a coalition government, but Socialist leader Mr Sanchez has repeatedly blocked their attempts. In attempt to break the stalemate a second election was held on 26 July 2016, but no party won an absolute majority. Doesn't this ring a bell? Well, there are parallels with - and salutary lessons to be taken from - the experience of other left-leaning parties in Europe. In the UK, left-wing Labour leader Jeremy Corbyn has so far survived a deep ideological split in the Labour party, triggered by his own election as leader last year. He endured a wave of resignations including many of his shadow cabinet in late June, and went on to win another leadership contest. But perhaps more pertinent to Mr Sanchez is the experience of Greece's socialist Pasok party. The party that once dominated Greek politics for three decades then fell dramatically from favour when the debt crisis hit - reviled for accepting hated austerity while in power in 2009. As with Podemos in Spain, the long-established left was challenged by a more radical party, Syriza, which is now in power. Mr Sanchez may fear that if his Socialist party is seen as paving the way for the conservative PP to return to power, he'll be similarly punished by left-leaning voters. Does it matter? It will have big repercussions for a country that has been in political deadlock for nine months. The Socialists are Spain's second largest party, and won 85 seats compared with the PP's 137 in elections in June. With more than half of its 35-member executive resigning, the Socialists could end up rudderless at a crucial time. Parliament has until the end of October to decide whether to back a conservative-led Popular Party minority government. If not, Spain's stalemate will last 12 months and a third general election will take place in December. How long can a country last without an elected government? For a long time, if Belgium is to be taken as an example. A political deadlock there lasted for 541 days. The situation led to demonstrations and pressure from financial markets and ratings agencies. Spain, the eurozone's fourth biggest economy, is still recovering from the 2008-2013 double dip recession, known there as ""la crisis"". Prolonged political deadlock could bring uncertainty to investors and eventually slow the country's recovery - something that Spaniards (and politicians) surely want to avoid. It is thought that the uncertainty in Belgium only came to an end after the ratings agency Standard & Poor downgraded the country's credit rating, making it more expensive for Belgium to borrow money."
https://www.bbc.com/zhongwen/trad/business/2014/01/140122_life_uk_bosses_most_confident,「英國企業信心全球名列前茅」,調查發現，英國近三分之二的企業雇主計劃在馬年招聘新員工。 最新調查顯示，英國企業雇主對全球對經濟前景最具信心名列前茅。 普華永道會計事務所調查顯示，93%的英國企業雇主對今年的公司財務狀況看好，比2013年調查的78%有所上升。 調查發現，英國有將近三分之二的企業雇主計劃在今年招聘新員工。 全球平均只有50%的企業雇主有招聘新員工的計劃，只有台灣、韓國和中東地區打算招聘新員工的企業雇主比例高於英國。 全球市場 調查報告在達沃斯的世界經濟論壇上公布，普華永道英國負責人鮑威爾（Ian Powell）表示，「英國企業雇主在市場活動上體現出他們私底下所表達的樂觀信心。」 但是鮑威爾也說，對經濟看好也帶來新的挑戰，英國企業需要有新的戰略，「適應一個全球市場激烈競爭的未來」。 他表示，英國企業長期忽略具有發展潛力的新興市場，只有5%的企業有計劃拓展市場尋求更多機遇，遠低於全球平均的14%。 普華永道的調查也顯示，有四分之三的英國企業在今年仍然會持續支出精簡措施，這表明經濟恢復並不意味著財政縮減的結束。 （編譯：友義 責編：路西）
https://www.bbc.com/zhongwen/trad/world/2015/12/151214_japan_india_rail,日本獲得印度高鐵協議促起國內改良聲,"日本首相安倍晉三和印度總理莫迪簽訂了高鐵協議。 這一成果不僅是安倍致力的首腦推銷取得一個經濟上的政績，而且也扳回了安倍十分在意與中國競爭的一個外交棋局。 日本取得印度6條高鐵線路建設協議的前提，是向印度總額約149億美元的建設費中，提供8成日元低息貸款約121億美元的海外開發援助ODA，而且破例地大幅降低利息，從以往通常超過1％的年息，降低到0.1%，此外還破例把過去通常30年的償還期延長到50年。 雖然英國路透社形容這是日本""非常讓步的結果""，但兩個月前被中國奪取印尼高鐵合同震驚和沮喪的日本主流傳媒、輿論，大部分慶幸這一極具政治意義的經濟成果。《產經新聞》周一（12月14日）的社論還稱此是""可謂首腦推銷的重大成果""。 「最大的對手是中國」 日本新幹線不斷改良，在安全、高速原則下實現降低成本、更適應外國國情。 不過日本並不滿足於這個繼2007年台灣之後，第二個成功獲得海外引進新幹線的成果。相反，如何把日本新幹線改良到安全、高速原則下實現降低成本、更適應外國國情的議論已經開始。 《產經新聞》的社論也說，""不僅有印度國內6條線路，美國德薩斯州和泰國也在研究建設新幹線。出口基礎設施是安倍政權經濟成長戰略的中心，日本剛剛輸掉了印尼高鐵建設計劃，希望這次日印高鐵協議能擴大日本海外中標的機會""。 日本有影響力的經濟雜誌《東洋經濟》周一發表長文說，""印度高鐵是法國最早提出建設提案，但日本在提供總建設費8成的海外開發援助資金這個最大武器條件下，改變了局面""。文章引述日本政府機構相關者透露的分析說，""經濟規模比不上日本的法國，無法像日本這樣凖備資金，就算世界銀行和歐洲投資銀行等可能貸款，法國能有那麼大的發言權嗎""。文章說，日本也不斷向印度說明使用專用軌道的新幹線優越性，比法國高鐵省時和安全。 但文章說，""日本不能樂觀，最大的對手是中國。日本接待印度鐵道官員認識新幹線等基層交流時，中國也在向印度建議合作設立""鐵道大學""，向印度提供鐵道技術等「誘餌」，而且負責德里至孟買等1750公里的主幹線事業調查，也是中國的顧問公司。其它路線事業調查也有法國、西班牙顧問公司負責，所以印度如果只是採用1條日本新幹線的話，勝利的旗幟上就會有失敗烙印，為了以後的勝利，第一號列車不容失敗""。 鈴木樣板受矚 那麼日本新幹線該如何改良來適應印度的國情呢？日本已關注到印度提出的""鈴木樣板""。今年10月，日本新幹線有關團體接待印度國會議員訪日團時，印度議員在東京演講中呼籲""印度鐵道現代化和增強輸送能力是緊迫課題，需要日本的技術支援""。講台下，印度議員更具體說明印度渴求日本技術""是從在印度大成功的多元化鈴木汽車經驗裏，信賴日本的技術""。 鈴木汽車（Suzuki Motor Corporation）是日本主要汽車公司之一，在日本國內市場是排氣量660cc以下的輕車主要製造商。2002年鈴木汽車與印度政府建立合資公司生產廉價小型車，結果在購買力低下的印度大獲成功，年販賣量分享印度汽車市場的54％，利益也佔了鈴木汽車經常收益的四成。 日本新幹線是否能仿效鈴木方式，摸索到一條適合印度國情的技術道路，不僅是印度渴望，更是日本能否成功開拓海外市場的關鍵。 已故的三菱綜合研究所技術評論家牧野升曾對BBC中文網記者說：""日本不善於發明，電視、汽車都不是日本發明的。日本擅長的是畫延長線，在別人發明的基礎上不斷改良，精益求精，最終做得最出色，日本人的個性也是樂在改良產品之中""。 （責編：歐陽成） 如果您對這篇報道有任何意見或感想，歡迎使用下表給我們發來您的意見："
https://www.bbc.com/zhongwen/trad/china/2015/11/151101_zhulilun_taiwan_campaign,台國民黨參選人朱立倫臉書公布競選口號,台灣國民黨總統參選人朱立倫在臉書上公布的競選口號。 朱立倫還強調，「團結就是力量，行動就是力量，台灣就是力量！」 朱立倫表示，他思考這幾年來，台灣所面臨的種種困境，就是因為「當批評替換做事，當用於爭辯問題的時間，多過解決問題，經濟怎麼可能成長，社會又怎能不亂，對辛苦開創的上一輩，要如何交代？晚上看著孩子的眼睛，怎麼告訴他們未來會更好？」 朱立倫因此指出，「台灣的困境，需要大家互相包容、團結起來，以多彩多元、同心一命的ONE Taiwan前進」。 民調仍落後蔡英文 身為國民黨主席的朱立倫在10月17日國民黨臨時全體代表大會上取代原來的參選人洪秀柱，成為國民黨新的總統參選人。 不過，自此之後發表的多個民意調查顯示，朱立倫的民意支持率仍然遠遠落後於主要在野黨民進黨總統參選人蔡英文。 根據10月30日公布的台灣指標民調最新統計結果，47.1%的受訪者支持蔡英文，朱立倫的支持者佔16.4%，而親民黨總統參選人宋楚瑜則為10.2%。朱立倫的支持率僅高出洪秀柱被換之前最後一次民調0.8%，而且還落後蔡英文超過30%。 而台灣智庫在10月27日公布的另一項民調也顯示，蔡英文獲得48.1%的支持率，領先國民黨參選人朱立倫的16.3%，宋楚瑜則以10.4%墊後。 （撰文：李文/責編：川江）
https://www.bbc.com/news/world-europe-53559274,Ireland: Schools set to fully reopen before end of August,"The Irish government confirmed the plan following a cabinet meeting at Dublin Castle. Approximately 4,000 schools were closed on 13 March due to the coronavirus pandemic. The plan, worth €375m (£342m), was announced on Monday evening and will fund an additional 1,000 post-primary teachers. The money will also fund the building of new school premises to allow for social distancing and 120 extra counselling posts to help students adjust to a different educational environment. A €75m (£68.5m) building package will be used to alter buildings and classrooms. Minister for Education Norma Foley said children in the first four years of primary school would not need to social distance, but beyond that age there would be a one-metre distance between pupils. She said there would also be ""enhanced cleaning and hand hygiene"" support for schools and opportunities for them to receive Personal Protective Equipment. In the event of a suspected case of Covid-19 in a school there will be isolation areas where a person can be taken for testing to take place, and if there is a positive case then the whole class might be asked to self-isolate."
https://www.bbc.com/news/health-45369842,Organ donation: Man's nine-year wait for heart transplant,"The 45-year-old, from Stockport, has been waiting longer than anyone else in the UK on the current list of heart transplant patients. His health is declining and, as Organ Donation Week begins, the NHS wants people to join the UK's donor register. NHS Blood and Transplant figures show about 3,000 lifesaving transplants were missed in the last year, as families would not donate relatives' organs. They also show 80% of people support organ donation, yet only 33% of people have told their family they want to donate. Gareth originally had a heart transplant in 1990, aged only 17, after he contracted cardiomyopathy, a disease of the heart muscle. The heart has lasted 28 years, which is long for a donor organ, but now it is failing. He has spent the last three months in Wythenshawe Hospital, Manchester, where he is having IV medication to correct the damage done to his organs as his heart deteriorates. ""I never thought it would take this long to find a donor,"" he said. ""I feel like I'm merely existing, not living. It was a lot easier to get through it as a 17-year old lad. Now I have the most awesome wife and kids that I worry about and I get very emotional when I think about them. ""Having to tell the family you might not make it is the most difficult thing to do,"" added Gareth, who is married to Danielle and has two sons aged 10 and 13. Anthony Clarkson, interim director of Organ Donation and Transplantation at NHS Blood and Transplant, said the issue was often that family members had not communicated their decision on organ donation. ""Families tell us that they don't know their relative wanted to be an organ donor, and therefore they err on the side of caution and say no. ""Then often their family member becomes too ill to have the conversation and it is too late."" There are currently 6,133 people on the transplant waiting list and in the UK in 2017, 411 people died before the right donor was found. NHS Blood and Transplant is urging people to sign up to its Organ Donor Register, and to tell their families their wishes. Organ Donation Week will be be marked by councils, businesses and hospitals lighting their buildings pink. The campaign comes as the government has announced that it aims to introduce a new ""opt-out"" law in England, which will assume that over-18s are in favour of donating their organs when they die, unless they specifically register to ""opt out."" If voted through in the autumn it will come into effect in England from spring 2020. The government said this could save up to 700 lives a year. A similar opt-out system has been in place in Wales since 2015. Scotland plans to introduce a similar scheme and Northern Ireland has also expressed an interest. Mr Clarkson added: ""We know that organ legislation will change, but the harsh fact is people are dying right now waiting for an organ, so it is important to share your wishes now."""
https://www.bbc.com/news/uk-scotland-scotland-business-53567449,Scotland's rail services to be increased as Covid restrictions ease,"From Monday 3 August, more than 90% of normal services will be operating. All routes will once again have normal early morning, late night, and peak services. Scotland's principle rail operator said 100% of normal capacity would be provided at peak times, however many seats would need to stay empty to allow for social distancing. It added that the increase in services comes ahead of schools reopening on 11 August, which it anticipates could result in an increase in the number of people travelling. Social distancing requirements made driver training impossible during lockdown. The rail operator said this means it is not possible yet for its full service to operate. Where a reduced service must continue to operate will be targeted at the times when fewer people travel. 'Physical distancing can't be guaranteed' ScotRail added that passengers were still being urged to consider alternative travel options where possible. Operations director David Simpson said: ""We'll operate as close to a normal timetable as possible from Monday 3 August. ""Like businesses across the world, we continue to face challenges caused by coronavirus, but we will have every available train in service from 3 August. ""We do need everybody to continue taking personal responsibility for their travel choices, because physical distancing can't be guaranteed."" He reminded passengers that face coverings were compulsory on public transport."
https://www.bbc.com/news/uk-england-birmingham-53310313,Former Victorian Dudley school destroyed in 'arson' attack,"The blaze was brought under control in about six hours by more than 30 firefighters on Blowers Green Road, Dudley, on Sunday. Some 80% of the roof collapsed to first and ground-floor levels, leaving four gable ends in ""a dangerous and unstable condition"", the fire service said. It had stated conditions were ""challenging"", but no-one was injured. Emergency services were called to the scene at about 02:20 BST and roads in the area were closed for a time. Follow BBC West Midlands on Facebook, Twitter and Instagram. Send your story ideas to: newsonline.westmidlands@bbc.co.uk"
https://www.bbc.com/news/35859885,Japan's retirees: industrial waste or a silver lining?,"By Mariko OiBBC News, Japan The feeling is, once you reach 65, retirement offers a well-deserved break. But that doesn't suit everyone. When 67-year-old Akio Kouyama was asked by a former colleague to join his human resources company, he was very keen. ""The first year after retirement was fun. You travel and enjoy your hobby but after that, you start to wonder if it is ok not to use your skills in the workforce,"" he says. The human resources company that he joined is exclusively for retirees who are eager to work. It has over 750 registered members whose average age is 69 with the oldest being 81 years old. They can choose from over 30 assignments such as being receptionists or personal drivers. Silver talent The company is called Koreisha which translates to ""the elderly"" in Japanese. ""Our founder was told that the solution to Japan's shrinking working population lies in elderly, women, foreigners or robots. So he started a firm which can help Japan utilise its silver talent,"" says Mr Kouyama who has since taken over the top job at Koreisha. Japan's workforce is shrinking fast. When Koreisha was founded in 2000, the proportion of Japan's population above the retirement age was 17.4%. In February 2016, that statistic has jumped to 26.9% and is expected to rise to 36.1% by 2040. Spending on healthcare and pensions already accounts for one-third of the country's annual budget and it is ballooning fast. Koreisha's founder, the septuagenarian, Kenji Ueda, has cheekily referred to retirees as ""industrial waste"" who should be recycled, rather than getting under their wives' feet at home. ""At our age, we don't want to work full time, so most of our members only work two to three days a week,"" says Mr Kouyama. For 68-year-old Rikizo Takano, his office for twice a week is a rooftop garden in central Tokyo with a magnificent view which includes the Tokyo Tower and the rainbow bridge. At first sight, his job of tending to a client's garden looks almost like a hobby. ""Before retirement, I used to work on factory constructions so I am a certified landscape engineer. I know what kind of soil should be used for a rooftop garden and it is nice to be able to use my skills again,"" he said. Mr Takano and other Koreisha members don't get paid a lot of money. On average they receive an hourly income of 800 (£5; $7) to 1,000 Japanese yen which is roughly what students earn by working at a restaurant. Pocket money But low pay is not necessarily a problem. ""As long as you don't work over 30 hours a week, or earn more than 400,000 yen (£2,497; $3,528) a month, it doesn't affect pensions,"" says Koreisha's Mr Kouyama. ""It is great pocket money that they can use to spoil their grandchildren,"" he adds. But Japan is traditionally a Confucian society and the norm would be for older workers to earn not only more money but also more respect in the workplace. That has been a challenge for some of those returning to work in more junior roles. ""We educate ourselves that if we want to rejoin the workforce, we have to do so as newly hired employees. We need to be humble. Young people may learn from us by watching how hard we work, but not because we stand on our dignity,"" says Mr Kouyama. Hierarchy, however, is deeply entrenched in the Japanese society. Crossing over So when 75-year-old Masatoshi Tsuneno created a group to help the local community in Kashiwa city, he made it a rule among the group, that they would never mention or discuss their previous occupation and job titles. The group has over 100 members, and they call themselves 'a community of multi-generation interaction'. When I asked him what he used to do - even off the record - he still wouldn't say, adding that it is important for his peers to be able to treat each other equally, even if someone was formerly a chief executive or diplomat. What Mr Tsuneno's group does in Kashiwa is not high-powered. They supervise school crossings for example - lollipop men or ladies as they're known in the UK - to make sure the children in the neighbourhood get to school safely. They open the library outside school hours to help children study before and after classes. They also volunteer their time at a day-care facility, and the female members would visit new mothers, to check in and make sure they are settling in well with their newborns at home. Morning greetings They can be considered as 'stand-ins' for parents, or grandparents even. That's because for many of the residents in Kashiwa, their own extended family do not live in the same neighbourhood. And this interaction between the generations is exactly what the government wants more communities to do across Japan. Mr Tsuneno says the positive impact can be seen through the lower crime rates, as well as the growing number of young families settling in the area. ""It's nice to hear some children who were very shy several years ago greet us properly in the morning,"" he says, ""but it's also great for us to be able to do some good for the community instead of just doing nothing at home."" Whatever his past position, however senior it may or may not have been, his new role is clearly giving him a keen pride, and a sense of being of service to his community, something he may not have got from sitting at home in his slippers."
https://www.bbc.com/news/uk-politics-36370560?obOrigUrl=true,Ghost of Blair continues to haunt Labour,"Mark MardellPresenter, The World This Weekend@BBCMarkMardellon Twitter Lang is not so much a thinly veiled portrait of Tony Blair as an explicitly, obviously exotic extension, with added warts and delusions, of our former prime minister. Now, according to one Sunday newspaper, the Chilcot inquiry could, in reality, accuse Tony Bair of such crimes. The added spice is that while Lang merely faced his former foreign secretary, current Labour leader Jeremy Corbyn would apparently back Blair's prosecution at the Hague. No novelist would be quite so obvious as to cast his revenging fury as a current party leader, the very embodiment of all his victim had exiled from mainstream politics. The Ghost indeed. The Labour Party is still haunted by the manifest success and equally spectacular failure of Tony Blair. Mr Blair has just suggested that simple lessons should be learnt about genies and bottles, saying: ""We underestimated profoundly the forces that were at work in the region and that would take advantage of the change once you topple the regime."" Chilcot may not be as dramatic as the weekend headlines suggest, but it is still very far from ancient history. What is the Chilcot inquiry into the Iraq war for? Iraq Inquiry: Timeline of key moments The legacy of the Iraq War is a critical part of the vital, current debate within the Labour party. Still, Mr Blair looms too large for his erstwhile supporters to either praise him or bury him. Crucially, the road to Baghdad was paved with political ambitions for his party. One was dealing with the outsized fear, after 9/11, of enemies getting hold of weapons of mass destruction (WMD). The mingling of realistic fears, the actual facts and convenient fantasy is what Chilcot has to disentangle, and there will be plenty of time to chew over the findings. Appetite for intervention What may get lost is the wider context of Mr Blair's enthusiasm for action. Central to Mr Blair's transformation of the Labour Party was killing off negative perceptions that the party was ""too left wing"" for power. He didn't bother to dispute the accusations of a hostile press and the worries of swing voters - instead his technique was to flamboyantly adopt policies that spoke loudly of their opposite. In one area, he saw a double lock on Labour's door to power - the claims it was: Both had deep roots, from the pacifism of party leader George Lansbury in the 1930s to protests over Vietnam in the 1960s. But more important was CND in the 1980s and a view of the world that saw the US not as a valiant bulwark in a Cold War against tyranny, but the inheritor of an Western imperial legacy, giving succour to dictators and oppressors who made the world safe to sell Coca-Cola. Jeremy Corbyn was firmly, prominently, consistently one of those who saw the ills of the world through the lens of American imperial power. Mr Blair thought the world needed that power, almost irrespective of its actual actions. Curious as it seems in retrospect, he feared that George W Bush (pre-9/11) would disengage the US from the world. An enthusiastic ""liberal interventionist"", as set out in his Chicago speech, Tony Blair realised the US was an essential part of his vision of a West that righted wrongs with enthusiasm and military power. As he has made clear since, he didn't just go along with President Bush. ""It's worse than you think,"" he said. ""I believe in it. I am truly committed to dealing with this, irrespective of the position of America. ""If the Americans were not doing this, I would be pressing for them to be doing so."" He is still at it, urging a new ground war in Syria and Iraq, involving the UK, US and France. Tony Blair: Born: 6 May 1953 Educated: Choristers school, Fettes, Oxford Family: Married, four children 1976: Barrister specialising in trade union and employment law 1983: Labour MP for Sedgefield, shadow City spokesman 1984-87: Shadow trade and industry minister 1987-88: Shadow energy secretary 1989-92: Shadow employment secretary 1992-94: Shadow home secretary 1994-97: Opposition leader 1997-2007: Prime minister, winning three successive general elections 2007-2015: Envoy of the Quartet on the Middle East 2008: Launched the Tony Blair Faith Foundation After Mr Blair, after Iraq Labour supporters could bitterly, wryly, reflect that their party had put to bed forever the idea that it was weak on defence, such was his enthusiasm for offensive action. Except that is no longer true. We are witnessing the same old debates, the same old questions, about Trident, about Nato, about military spending. And perhaps that is appropriate. But it is not very helpful for the Labour party itself to be squabbling in the past tense. On the eve of the Iraq War, I reflected that we were sailing into uncharted waters - a British prime minister taking a country into a war, that as far as one can tell, the population didn't want. A war against the will of the people. It could have turned out differently, perhaps. But no WMD were found, and the occupation was both occasionally brutal and usually incompetent. New Labour staggered on, but those who had always mistrusted Mr Blair found a fitting locus for their dislike. Party members and voters peeled off, so slowly, but so certainly. His behaviour out of office has made him even more of a hate figure for some on the left. Although he is the ghost who haunts the party's halls, he is a very bouncy, upbeat, jet-setting sort of spirit - defiantly unapologetic, made extravagantly rich in part, some say, by consorting with questionable regimes. I can't be the only one who sees something of Mr Blair in Hugh Laurie's brilliant portrayal of Richard Roper in the Night Manager - not that anyone's suggesting Mr Blair is a corrupt arms dealer, its just there's something familiar about his breezy, easy way with power, wealth and entourage. Wherever Mr Corbyn's subsequent career takes him, it is impossible to imagine him following these footsteps. It is only one of the myriad ways in which he is the austere anti-Blair. Not, however, Mr Blair's exorcist, but his primal antithesis, all the tribe's most atavistic instincts reanimated, all that Mr Blair buried, resurrected. He will not lay the family ghost. The leadership may despise Mr Blair's techniques for winning power - but they haven't yet found their own. Part of Mr Blair's skill was in the much-mocked art of triangulation, rising above left and right, to hover somewhere not only midway between the two, but with a certain degree of moral altitude above both. No-one in the Labour party has yet attempted this between Mr Blair and Mr Corbyn. It is perhaps too soon. But the world does not wait. The lessons drawn from Iraq by a former senior civil servant may be clear by the late summer, but the foreign policy debate generally grows ever more complex. It is too early for Labour to deal with its devils, but it will probably means it will be stuck in a black-and-white debate in an increasingly multi-hued world."
https://www.bbc.com/zhongwen/trad/china/2013/10/131016_china_taiwan_summit,國台辦：兩岸領導人會面不需借助國際場合,范麗青：兩岸領導人見面是兩岸中國人自己的事情，不需要借助國際場合。 記者會上，有媒體問道台灣輿論認為，台灣總統馬英九和中國國家主席習近平應該可以在2014年北京主辦APEC年會時會面。 范麗青則表示，台灣方面參加APEC領導人非正式會議，需要按照APEC有關之諒解與備忘錄的規定處理。 她說「兩岸領導人會面是兩岸中國人自己的事，不需要借助國際會議的場合」。 在回答台灣記者相關提問時，范麗青強調說「兩岸領導人會面是我們多年來的主張，只要有利於促進兩岸關係和平發展，我們都持積極開放的態度」。 范麗青也呼應了馬英九在台灣慶祝雙十節國慶時引起爭議的講話，表示北京方面注意到馬英九的「兩岸不是國際關係」的講話。 她說，「大陸和台灣雖然尚未統一，但兩岸同屬一個中國，兩岸關係當然不是國與國的關係」。 有分析人士認為，中國國台辦的表態其實是「婉拒馬英九」參加2014年的APEC北京年會，而台灣方面向來希望以兩岸領導人在國際場合會面的方式降低敏感的程度。 但是顯然北京方面有不同的看法，似乎是認為在國際場合見面，很容易被視為是超越中國底線的「一中一台」或者是「兩個中國」。 （撰稿：威克，責編：李莉）
https://www.bbc.com/zhongwen/trad/china/2014/09/140926_tw_iphone6_first_day,iPhone6正式登台 果粉排隊搶頭香,iphone6首日在台灣開賣 iPhone6周五（26日）在台灣正式開賣，4大電信業者以及通路商紛紛舉辦促銷活動，拉抬買氣。全台果粉熱烈捧場，三天前就開始排隊卡位，估計第一天將賣出逾5萬支iPhone 6。 其中，蘋果專賣店是凌晨零時起開賣，蘋果店外早已出現排隊人潮，有人甚至三天前就來排隊，iPhone6和iPhone6 Plus的魅力，可見一斑。 排首位的林先生前天傍晚就來排隊，他接受媒體訪問時表示，他本身並不是果粉，是買來送姊姊當生日禮物。 電信業者「台灣之星」也是凌晨開賣，同樣是人氣紅不讓。上班族陳先生前一天上午9時就來排隊，順利搶得頭香，買到金色128GB iPhone 6 Plus。陳先生興奮地說，由於太太4月剛生寶寶，他特地請假來排隊，想把手機送給老婆，想給她驚喜。 由於iPhone6上周五在香港首賣，出現黃牛得手後轉賣獲取暴利的現象，台灣通路業者為避免黃牛掃貨，一人限購一機，現場排隊購買。 周邊商品熱賣 全台iPhone 6陸續首賣，周邊商品的買氣也水漲船高，帶動業績成長。 網購業者「樂天市場」表示，果粉雖然不一定已拿到iPhone 6現貨，但因周邊的行動電源、手機殼等幾乎是必備品，不少消費者早就看好心中所屬的商品，就等手機到貨後，能在第一時間使用。男性消費者偏愛原木、極簡質感的手機殼，女性族群則偏愛卡通人物、可愛的圖案裝飾手機。 店家看好這次iPhone商機，手機殼、卷線器與傳輸線等周邊產品的備貨量較平常提升2倍，相較其他廠牌的備貨更是多出3到4成。 台廠利潤微薄 隨著蘋果iPhone 6兩款新機上市，台灣代工的利潤也再次被外界拿來檢驗。根據《經濟日報》報導，台廠代工iPhone6，一支僅賺新台幣135元。 iPhone新機問世，台灣真正賺到錢的業者不多 報導中指出，台灣電子零組件廠以打入蘋果供應鏈為傲，但iPhone新機問世，台灣真正賺到錢的業者不多。 根據市調機構IHS與網友iPhone 6拆解報告，就關鍵零組件來看，只有大立光、新普入列，但也不是高單價零組件。就整體來看，僅台積電獲得A8處理器與高通等芯片廠代工訂單，日月光、京元電等取得一些芯片封測訂單，相對有賺頭。 然而，負責組裝的鴻海與和碩兩家公司共動員至少10萬名員工投入製造，每組一支手機只能賺約新台幣120至135元，僅約售價的千分之六，但蘋果每賣一支16GB iPhone 6的利潤高達售價的近七成，台廠再度成為蘋果新機的「打工仔」。 報導中引述市場人士的話指出，蘋果本身賣iPhone的利潤持續增加，但是台灣廠商每年都要承受降價壓力，甚至還要面對產品更精進、組裝複雜度提高、大陸工資調漲等考驗，未來「吃蘋果」對業者是利還是弊，值得關注。 （責編：路西） 網友如果想發表看法，請使用下表
https://www.bbc.com/zhongwen/trad/china/2013/10/131005_taiwan_us_radar,台國防部：先進雷達由美軍提供後勤支持,樂山雷達是鋪路爪型相位雷達，據稱是東亞地區目前偵搜能力最強的防空雷達。 所謂的「樂山雷達」是美國「鋪路爪」遠程預警雷達，由於位於台灣新竹縣的樂山，而簡稱為「樂山雷達」。 來自台灣的報道說，台灣國防部在今年編列了7億多新台幣（約合2500萬美元、1億4千萬人民幣）的預算，由美軍執行備份零部件採購等後勤支援。 預算報告書說，為確保系統運作正常，並維持裝備妥善，由台灣的空軍執行67項使用單位維護能量，美方負責全系統廠級修護作業。 台灣國防部在報告書中強調，建成樂山雷達等預警系統之後，在導彈來襲時，能爭取至少5分鐘的反應時間，增加應變、求生以及躲避的能力。 報告同時說，將和製造該雷達的美國雷神公司爭取技術轉移，未來逐年降低維修保養以及後勤支援的支出。 據稱樂山雷達的偵測距離達600公里，並可偵測200公里內巡弋飛彈（巡航導彈）、無人飛行載具（無人飛機）的動態。 專家說，搭配台灣已經擁有的美造愛國者2、3型防空導彈和台灣自行發展的天弓系列反恐導彈，可以有效地組建防空網、阻絕來自中國的導彈襲擊。 樂山雷達去年11月完工啟用，據稱總共耗資400多億新台幣，構建期間因為所需預算不斷增加，被認為是美方對台灣「予取予求」。 但是在啟用後不久，就發生了朝鮮試射遠程火箭事件。據稱樂山雷達比美日都還要早偵測到朝鮮火箭的動態，並且將搜集的情報與美日分享。 台灣媒體報道說，前一任國防部長高華柱在任時曾經表示，樂山雷達是台灣所有，所以搜集到的情報也歸台灣，但是現任國防部長嚴明則似乎表態，所搜集的情報未來將和美日兩國分享。 （撰稿：威克，責編：李莉）
https://www.bbc.com/zhongwen/trad/china_watch/2013/10/131016_kmet_conference,國民黨稱將邀請王金平參加十九全黨代會,國民黨的十九全終於在飄搖震蕩中確定了舉行日期和地點。 王金平被總統馬英九指責涉嫌司法關說，並由國民黨考紀會決議撤銷其黨籍，引發台灣媒體所稱的「政爭」。 負責國民黨對外發言的文傳會主委範姜泰基說，所有的黨籍立委都是當然的黨代表，都會收到邀請函，「若無意外」，王金平也會受邀。 但是範姜泰基並未明白回答，是否會按照以往的安排，由擔任院長的王金平進行書面的立法工作報告。 據稱，國民黨是在周三（16日）舉行的中常會上作出邀請王金平的決定，同時也確定十九全將在台中舉行。 周二（15日）是王金平在國民黨內提出申訴的最後一天，但是到午夜截至期限，王金平並未向國民黨提出申訴。 範姜泰基表示，黨內程序現在已經走完，未來就只有經由法院裁定國民黨撤銷王金平黨籍是否危害王金平的權利，亦即「確認黨籍」訴訟。 國民黨原定9月29日在台北的國父紀念館舉行十九全黨代表大會，但是因為政爭導致民間團體凖備在當天舉行大規模示威，抗議馬英九的執政，後來決定11月10日在台北近郊陽明山中山樓舉行，不過也是出於安全顧慮，因此現在改到台中梧棲舉行。 王金平先前就表示，如果收到邀請就會參加十九全；媒體報道說，國民黨的決定，顯示黨內高層已經認定，在訴訟沒有確定裁決之前，王金平仍然擁有黨員身份。 （撰稿：威克，責編：李莉）
https://www.bbc.com/news/uk-politics-55932464,Coronavirus: Government under pressure over quarantine plan 'chaos',"Boris Johnson confirmed in January UK residents returning from Covid hotspots would have to quarantine in hotels. But a timetable for the new measure has still not been confirmed, with Labour saying the plans are in ""chaos"". The PM had said there would be an announcement on Thursday, but No 10 later said he had been ""misinformed"". Home Secretary Priti Patel had also told the Commons that more detail would be provided to MPs this week. But Mr Johnson's official spokesman confirmed the announcement would not come until next week. Health Secretary Matt Hancock insisted there wasn't a delay to bringing in the hotel quarantine policy, adding that ""what there is, is work to make sure that the border is always as secure as it needs to be"". Mr Hancock said the government was working ""at pace"" adding: ""It's important to get it right."" Labour leader Sir Keir Starmer - who wants everyone coming into the UK from any country to be quarantined, with exceptions for transporting food and medicines - said he was ""really worried about the chaos and confusion on the government's borders policy"". He warned the risk was ""huge"" if the UK did not secure its borders, saying we could ""go back to square one"" if a new variant that was immune to the vaccine got through. Sir Keir added: ""We're in a race now - virus against vaccination. Let's secure our borders."" 'Yet to hear details' Demands to introduce tougher border restrictions in the UK have been growing since the emergence of new coronavirus variants from other countries, such as South Africa. Transport Secretary Grant Shapps introduced the requirement for travellers to have a negative test result before arriving in the UK last month, but critics continued to call for mandatory quarantine in hotels for all arrivals - echoing similar moves in Australia and New Zealand. At the end of January, Mr Johnson confirmed this rule would be introduced, but only for UK nationals and residents returning from 30 ""red list"" Covid hotspots. However, hotel industry leaders said on Thursday they are ""yet to hear details"" of government plans. Speaking to BBC Radio 4's Today programme, the boss of Best Western, which has 250 hotels in the UK, said beyond ""very broad information"" about timings, hoteliers had not had ""any discussions at all"" with government. Rob Paterson added: ""In any normal company, if you went out and announced a programme nationally and you hadn't thought about how you were going to plan that, and you hadn't spoken to the people involved… I'm not sure I'd have a job if I did that in my company."" He said his industry ""needed some assurance of what demand levels are going to be"", as well as clarification on ""security protocols"". Chief Executive of industry body UK Hospitality, Kate Nicholls, said: ""Hotels have offered their help to the government, but we are yet to hear any details on the scheme. ""We are ready to provide assistance as and when hotels will be needed."" The Immigration Services Union - which represents workers for the UK Border Force - also claimed ""nothing has been communicated"" to them or staff. Have you recently entered the UK from a hotspot such as South Africa? Are you planning to travel soon? Email haveyoursay@bbc.co.uk. Or use this form to get in touch: Your contact info I am over 16 years old I accept the Terms of Service In some cases a selection of your comments and questions will be published, displaying your name and location as you provide it unless you state otherwise. Your contact details will never be published. At no time should you endanger yourself or others, take any unnecessary risks or infringe any laws. The BBC retains the right to select from these contributions based on editorial requirements and subject to online terms and conditions and BBC editorial guidelines. For more information about how the BBC handles your personal data, see here. If you are reading this page and can't see the form you will need to visit the mobile version of the BBC website to submit your comment or send it via email to HaveYourSay@bbc.co.uk. Please include your name, age and location with any comment you send in."
https://www.bbc.com/news/uk-england-humber-54371669,Fire breaks out at Haltemprice Crematorium,"The blaze, at Haltemprice Crematorium, in Willerby, East Yorkshire, started at about 09:30 BST. Humberside Fire and Rescue said a ""severe"" blaze took hold in the roof space of the chapel. Crematorium director Steve Gant said no-one was hurt and the fire may have been caused by a fan malfunction inside the cremation equipment. ""All funeral services today have been cancelled and we thank those bereaved families and funeral directors for being so understanding,"" he said. He added it was not possible to currently assess the damage but ""hoped to be operational as soon as possible"". Irene Kopanska, funeral celebrant for Tandem Funerals, said she arrived for a service to see smoke billowing from the building. ""I went up to check everyone was OK,"" she said. ""As we stood on the lawn more and more fire engines arrived."" ""It's a wooden roof. I can imagine it's done a lot of damage,"" she added. More news from across Yorkshire Follow BBC Yorkshire on Facebook, Twitter and Instagram. Send your story ideas to yorkslincs.news@bbc.co.uk or send video here."
https://www.bbc.com/zhongwen/trad/world/2014/11/141104_japan_china_shrine,日本內閣決定公文否認首相不拜靖國,"日本首相安倍晉三向靖國神社奉獻的祭品（資料照片）。 在中日首腦下周能否在北京亞太經合組織峰會期間實現「破冰」會談，目前處於朦朧局面時，首相安倍晉三的內閣這一決定是否影響中日首腦會談計劃或會談方式的荊棘引起懸疑。 「君子協定」 日本內閣決定的這一政府答辯書是作為回答參議院議員濱田和幸提出的質問書而敲定的，多個大小日本傳媒報道了這一消息。再有不到一周時間，北京舉辦的亞太經合組織峰會期間，中國領導人習近平與安倍是否會談，因安倍沒顯示回應中國提出「首相不參拜靖國神社」和「承認釣魚島（日稱尖閣諸島）存在主權糾紛」兩個會談前提條件，使得會談或會談方式至今沒定案，日本內閣此一決定的時期相當敏感。 日本傳媒廣泛相信，安倍不會公開宣稱他會不會參拜靖國神社（資料照片）。 王毅2005年在中日關係因前首相小泉純一郎堅持每年參拜靖國神社導致嚴重惡化的時候，在東京的自民黨總部演講中說，1985年前日本首相中曾根康弘參拜靖國神社後，因中國不滿，兩國達成首相、內閣官房長官、外相三個職位的人不參拜靖國神社的「君子協議」。王毅的話當時引起日本嘩然，小泉內閣澄清不存在此一協議，不過現任自民黨副總裁，前外相高村正彥事後說，「外務省的人知道存在這種說法，但兩國並沒達成任何有記錄的協議」。 「會談未定」 儘管安倍沒回應中國提出的會談前提條件，不過包括中國新華社在內的中國輿論最近陸續預測說，基於中國主辦峰會的東道主禮節，安倍可能實現與習近平會談，但不是正式會談。 而在日本，《產經新聞》和《朝日新聞》周二都分別引述政府內傳出的消息說，安倍執意「首腦會談不應有條件」，《產經新聞》引述來自首相官邸的消息說，安倍身邊現在很警惕日本傳媒、輿論過分關注中日首腦是否會談而「被中國利用」，官邸內認為「如果中國執意追求前提條件，那不談就算了」。 日本傳媒廣泛相信，安倍不會公開宣稱他會不會參拜靖國神社。不過《朝日新聞》周二報道說，上周再次在北京與習近平會談的前日本首相福田康夫對習近平說「中日作為世界第二、第三經濟大國，應該對這個地區被世界看作不安定感到羞恥」，來解釋中日首腦會談、中日改善關係的必要。報道說，習近平聽了點頭表示贊同。不過《朝日新聞》也引述外務省官員的話說，「如果相信中日首腦會談已是既定路線，那就錯了」。 （責編：蕭爾） 如果您對這篇報道有任何意見或感想，歡迎電郵至chinese@bbc.co.uk。 您也可以使用下表給我們發來您的意見： 讀者反饋 中日關係惡化有中日兩方面的因素。中共在九十年代開始以民族主義或者說愛國主義作為執政基礎之一，宣傳中共代表中國廣大人民利益。民族主義必須要有矛頭，美國太強大，以之為矛頭容易走火。日本是一個比較好的目標，軍備不弱但無開啓戰爭權，歷史上侵略過中國。 日本方面在新世紀以來政治不斷向右轉，經濟低迷使得民眾對現實政治失望，右翼乘機抬頭。加上釣魚島，獨島，北方四島的領土糾紛使得日本人有一種國家安全的危機意識。日本本身無法與中國和俄國全面對抗，於是轉向加強美日安保尋求強化國家安全。問題在於美日安保是一個冷戰產物，美日安保不僅涉及美國和日本，還涉及到所謂的周邊有事。這使得中國方面更加憂慮日本是否有藉此介入台灣問題的企圖。 中日關係緊張的另一個主要的因素是美國。美國近期提出重返亞洲，通過香港的民運團體故意高調保釣引發日本右翼購島，激起中國過度反應。而後強化日美安保，日本自衛權擴大。美國目前基本實行其重返亞洲第一步，強化日美安保。目的已經達到以後美國不想看到中日游離戰爭邊緣，應該會讓日本方面改善中日關係。 Willingl, Japan 中日關係惡化的關鍵在於中方是個見利忘義反覆無常政權。日方克不克制沒什麼用。中方要鬧照鬧。當中方不想鬧時，日本首相每年參拜兩三次都沒事。 1978年甲級戰犯入祭靖國神社後，日本首相按慣例每年參拜兩次以上。雙方關係不但沒受影響，反而進入了最親密時期。甲級戰犯後入祭後第二天，日本首相高調參拜。第五天，鄧小平訪日。他拜見天皇，高度讚揚中日親善。此後十餘年裏，中國領導人一個接一個訪問日本並拜見天皇。華國鋒等還去了不止一次。那時參拜最勤的日本首相也最受中方敬重。一年裏參拜三次的大平正芳去世後，華國鋒親赴東京奔喪。以前斯大林胡志明去世時，中國都沒出動這麼高的規格。 親日政策換來巨額日本援助。中方在經濟好轉後就決定要過河拆橋。此後日方怎麼做都錯。十多年來，日本首相參拜已經減少到一年一次甚至多年一次。中方反而更加勁煽動仇恨。橫豎中方憋著要搞事。日首相少參拜不參拜都不會有改善，多參拜也不會更糟。 hsnzj,"
https://www.bbc.com/news/uk-politics-37584531,Jeremy Corbyn completes Labour reshuffle,"Jon Ashworth becomes shadow health secretary, John Healey returns to housing while there are promotions for Teresa Pearce and Ian Lavery. Mr Ashworth has been replaced on the ruling NEC by Kate Osamor. One ally said it was a unifying reshuffle amid criticism from some MPs. Mr Watson said his new role would allow him to develop Labour's policy on ""introducing the arts pupil premium to every child of primary school age."" He added: ""There should be no class ceiling placed on anyone who wants to contribute to or enjoy our artistic, musical and sporting heritage. ""I also want our globally successful games industry to be given the recognition it deserves."" Dawn Butler, the new shadow minister for diverse communities, told the BBC the Labour leader had shown ""great guts"" and by bringing in ""formidable"" Nick Brown as chief whip showed he was ""not scared"" of promoting someone who was not one of his natural supporters. Mr Corbyn has filled a number of jobs that were left empty after a mass walkout from his front bench this summer, although he has not been able to appoint a shadow Scottish secretary - with shadow Northern Ireland secretary David Anderson continuing to hold the role. After being appointed shadow health secretary, Mr Ashworth said: ""I'm doing this because I think the Labour Party needs to run a very strong campaign against what the Tories are doing to our National Health Service."" Labour reshuffle: Diane Abbott made shadow home secretary Mr Ashworth has been replaced on Labour's ruling National Executive Committee by shadow international development secretary Kate Osamor. He takes over from Diane Abbott, who has been promoted to shadow home secretary, while former Liberty director Baroness Chakrabarti becomes shadow attorney general. Former director of public prosecutions Sir Keir Starmer, who left the frontbench team in June, returns as shadow Brexit secretary. Mr Corbyn, who was hit by a wave of front bench resignations and a no-confidence vote from the majority of his own MPs in the wake of the EU referendum result, was re-elected with an increased mandate from the wider party membership last month. Some roles had remained unfilled in the interim. The decision to sack Dame Rosie Winterton - who was brought in to replace Nick Brown as Labour chief whip in 2010 - was met with a rush of tributes to her by senior figures including former leader Ed Miliband and former deputy leader Harriet Harman. Neil Coyle MP tweeted: ""There were plenty of spaces to fill in shadow cabinet if Nick Brown wanted one. Sacking unifying chief whip shows 'reaching out' meant nothing."" His colleague Tom Blenkinsop accused Mr Corbyn of ""seeking submission not unity"". BBC political correspondent Iain Watson said many Labour MPs had expressed disappointment that she had gone. Dame Rosie was seen as someone, behind the scenes, who stood up for MPs' interests against the party leader, he added. Jeremy Corbyn's new shadow cabinet appointments Labour's new shadow cabinet in full But Ms Butler, who supported Andy Burnham's Labour leadership bid in 2015, against Mr Corbyn, said she believed Mr Corbyn's reshuffle was an attempt at unifying the party. ""Jeremy has shown that he is a leader,"" she said and was ""making sure we have a full shadow cabinet to take on the government on Monday"". She said Nick Brown's return, having served under Tony Blair and Gordon Brown, showed ""that Jeremy isn't scared of putting someone in a position who doesn't really support him but will do an excellent job as a chief whip"". ""I think that shows great guts,"" she told the BBC. Mr Brown was chief whip between 2008 and 2010 under Gordon Brown's premiership - during which time, BBC analysis shows that Mr Corbyn rebelled 100 times, voted with the government 511 times and was absent 254 times. Jo Stevens, who has been brought in as the new shadow Welsh secretary, told BBC Radio 4's Today programme she agreed with Ms Butler that Mr Corbyn had reached out to unify the party. ""I was one of the senior people in Owen Smith's leadership campaign and he's offered me a place on the shadow cabinet,"" she said. ""The Labour Party is a collective and we're there to hold the government to account,"" she added. ""That's why I stayed in my post in the summer and accepted the job."" Ms Stevens said there would be opportunities on ""plenty of issues"" to unite the party against the Conservatives. 'Sadly unsurprised' But the decision to promote Baroness Chakrabarti, who became a Labour peer shortly after holding an inquiry into anti-Semitism in the Labour Party and concluding that it was ""not overrun"" by racism, was met with some criticism from Jewish groups. Board of Deputies Vice President Marie van der Zyl said: ""We are disappointed, but sadly unsurprised, that once again Shami Chakrabarti and Jeremy Corbyn have spectacularly undermined her so-called 'independent' report. We hoped her report would be a potent weapon in the fight against anti-Semitism. It now looks increasingly like the whitewash was a job application."" Ms Butler was later asked on BBC Radio 5 live whether her diverse communities brief included the Jewish community. She said: ""Yes, I hope so,"" adding: ""As you know, it's a new brief, so we are still kind of looking at what it will include in its entirety."" Later she said she would be talking to the Jewish community about their concerns about anti-Semitism in the party. Sir Keir Starmer stood down from his shadow home office minister post in June. He will now join shadow foreign secretary Emily Thornberry, shadow international trade secretary Barry Gardiner, new shadow economic secretary Jonathan Reynolds and shadow chancellor John McDonnell on Labour's ""shadow Brexit team"". Sarah Champion has been made shadow women and equalities minister."
https://www.bbc.com/news/uk-scotland-north-east-orkney-shetland-35602902,Aboyne picture appeal over River Dee floods project,"The University of Aberdeen team wants to crowd source information so they can build an accurate picture of how the River Dee flood waters caused by Storm Frank built up and drained away. The aim is to create a plot of the water level through time. They are working with Aberdeenshire Council and Sepa. Dr Clare Bond, one of the team, said: ""In general the data for these charts come from gauges in monitoring stations along the river, but in order to build the kind of accurate 3D picture we're looking for we need help from people who took pictures of the flooding as it happened on the morning of 30 December. ""Every photo of the river will carry information on water level that will be useful as long as it retains information on the time and date on which the image was taken, which most smartphones and digital cameras do. ""Our aim is to crowd source multiple images of the same location, but taken at different times. Once we have this information we hope to produce a hydrograph that will provide us with the accurate information we need to work towards a solution."" Images can be sent to deeflood@abdn.ac.uk"
https://www.bbc.com/news/uk-34272303,Archbishop calls talks over divisions in Anglican communion,"It comes amid divisions over female priests and same-sex relationships. Talks could lead to a looser communion in which cultural differences are respected, BBC religious affairs correspondent Caroline Wyatt said. The Most Rev Justin Welby's spokesman said the gathering would allow primates to look at fresh ways of working. In recent years, splits between liberals and conservatives in the communion have become more pronounced. If talks fail, it could lead to a permanent schism in the third largest Christian body in the world, our correspondent added. Analysis Caroline Wyatt, BBC religious affairs correspondent The worldwide Anglican communion has become an increasingly fractious and divided body over the past decade, with many of the heads of the national Anglican churches no longer on speaking terms. Some churches in Africa support legislation against homosexuality, while bishops in the US have voted to allow clergy to solemnise same-sex marriages. So the Archbishop of Canterbury Justin Welby is now deploying a high-risk strategy. A source at Lambeth Palace described this meeting of the ""Anglican family"" not as discussions over divorce, but more a possible move into separate bedrooms. A spokesman for the archbishop said the meeting would be an opportunity for the 38 leaders of national churches to talk face to face and decide together their approach to the next Lambeth Conference - a once-a-decade gathering of the worldwide Anglican bishops in Canterbury. The archbishop himself added: ""I have suggested to all primates that we need to consider recent developments but also look afresh at our ways of working as a communion and especially as primates, paying proper attention to developments in the past. ""The difference between our societies and cultures, as well as the speed of cultural change in much of the global north, tempts us to divide as Christians: when the command of scripture, the prayer of Jesus, the tradition of the church and our theological understanding urges unity."" The meeting's agenda is likely to include the issues of religiously-motivated violence, the protection of children and vulnerable adults, the environment and human sexuality. The consecration in November 2003 of Canon Gene Robinson, a divorced man in a gay relationship, as bishop of New Hampshire in the United States is one factor which has led to divisions within the communion. In July 2008 the Lambeth Conference passed largely without mishap after a boycott by around a quarter of the bishops who objected to the presence of US bishops responsible for the consecration of Bishop Robinson."
https://www.bbc.com/japanese/46683001,インドネシア津波で「新たな津波警報システムを」 海底地滑りにも対応,スマトラ島やジャワ島の海岸を襲った津波は、火山島アナククラカタウの火山活動によって海底で起きた地滑りが原因と考えられており、これまでに少なくとも429人が死亡した。 当局はBBCに対し、来年から新しい観測ブイの設置を始めると述べた。 この津波ではなお約150人が行方不明となっているほか、1万6000人が避難生活を送っている。 救助隊はスマトラ島とジャワ島で被害の大きかった地域の村を回り、重機の助けを借りながら、がれきの間から生存者を捜索している。 新しい津波警報システム インドネシア技術評価応用庁のイヤン・トゥリャナ報道官はBBCインドネシア語の取材に対し、新しい警報メカニズムは津波の規模を関知することで作動すると説明した。 現状の技術は今回の津波を予測できず、スンダ海峡に面する町は津波に飲まれた。 現状のシステムは地震を感知するものの、致命的な津波を生む可能性のある海底の地滑りや火山の噴火には対応していない。 資金不足や観測ブイへの破壊行為、そして技術的故障のため、津波警告システムは2012年以来作動していないという。 しかし、もし観測ブイが火山の近くにあったとしても、アナククラカタウが海岸線に近いことから、警報が鳴ってから避難するまでの時間は最小限だっただろうと専門家は指摘している。 火山により岩や堆積物が海へ滑落したのが津波発生の原因とされる アナククラカタウに近い海岸付近の住民は、火山活動が続いており新たな津波の可能性があるため、海岸から離れているよう警告されている。 被災地の状況は？ ジャワ島バンテンで取材しているBBCのサミール・ハシミ記者は、道がふさがれたり大雨が降ったりするなどして、救助活動は難航していると報告した。 また、汚染された水によって病気が広がる懸念もあるという。 遠隔地にも食料や飲料水、毛布、医薬品などが徐々に到着しており、何千人もの被災者がテントのほか、モスク（イスラム教礼拝所）や学校などの一時的な避難所で暮らしている。 ジャワ島西部ラブアンの自治体職員アトマジャ・スハルさんはロイター通信に、「皆がまだパニック状態だ。災害はよく起こるが、こんなにひどくはない（中略）神が再建を望まれている」と語った。 インドネシア津波、次の波が来るまでに逃げ出した 生存者の証言 津波は現地時間22日午後9時30分（日本時間同日午後11時30分）ごろに被害地域を襲った。この日の現地は休日で、地震警報もほとんど出なかったもよう。 津波のため観光客に人気の複数行楽地で建物数百棟が損害を受けたほか、自動車が押し流され、樹木も根こそぎ流された。被害地域の中には、ジャワ島西部のビーチリゾート、タンジュンレスンもあった。 タンジュンレスンでは津波当時、インドネシアの人気ロックバンド「セヴンティーン」がライブ演奏中だった。ソーシャルメディアで拡散している動画には、ライブが行われていたテントに津波が押し寄せる様子が映されている。 津波によりステージも破壊され、「セヴンティーン」はリードボーカルを除くバンドメンバーが死亡した。 （英語記事 'New tsunami warning system' for Indonesia）
https://www.bbc.com/japanese/51581777,新型ウイルス、韓国で初の死者 宗教団体で集団感染,集団感染が起きている新天地イエス教会がある韓国・大邱市では、消毒作業が行われている 人口約250万人の南東部・大邱市における、新天地イエス教会の集団感染は、1人の女性から始まったとされる。 20日に新たに確認された症例53件のうち30件を、同教会信者が占めた。当局は、前代未聞の危機だと警告している。 韓国での感染者数は20日の時点で合わせて104人となった。 新たな症例は、首都ソウルや、慶尚北道近郊でも報告されている。 韓国の地図。感染が確認された首都ソウル（Seoul）、大邱（Daegu）、慶尚北道清道郡（Cheongdo） ＜関連記事＞ 中国・湖北省で発生した新型コロナウイルスは、肺炎のような症状を引き起こす。 中国での死者は2118人に達し、感染者数は7万5000人近くに上っている。 日本政府は20日、新型ウイルスの集団感染が確認され、横浜に停泊中の大型クルーズ船「ダイヤモンド・プリンセンス」に乗船していた、80代の日本人の男女2人が死亡したと発表した。 新天地イエス教会での集団感染 韓国保健当局は、新天地イエス教会での集団感染について、今週初めに新型ウイルス陽性と確認された61歳の女性が関係しているとみている。 韓国の疾病予防管理局（KCDC）は、この女性（名前はわかっていない）と接触した166人に対し、自主隔離するよう指示したとしている。 新天地イエス教会は、カルト集団と形容されている。現在は大邱市の支部は閉鎖され、他の複数地域で礼拝がオンラインあるいは各自自宅で行われる。 大邱市の市長は、集団感染は「前代未聞の危機」だとした上で、市民に対し、屋内にとどまるよう求めた。近くの米軍基地の司令官も、立ち入り制限措置を取ったと、AFP通信が報じた。 韓国初の死者 こうした中、韓国当局は、南東部・清道郡の病院に入院していた男性（63）が、19日に肺炎で死亡したと発表した。新型ウイルス感染による肺炎だったとされる。男性の名前は公表されていない。 入院先の病院では、この男性を含む15人が新型ウイルス陽性と確認されていた。 聯合ニュースによると、男性はこの病院で20年以上寝たきりだったという。 新天地イエス教会とは 新天地イエス教会のイ・マンヒ教祖は、自分は「約束された牧師」だとしている ダイヤモンド・プリンセスの最新状況は 乗客乗員約3700人を乗せたクルーズ船「ダイヤモンド・プリンセンス」では19日、14日間にわたる船内での隔離が終了し、ウイルス検査で陰性だった乗客が下船を開始した。 これまでに数百人が下船した。ほかの人々は21日までに下船する予定。 クルーズ船の乗客数百人が下船し、帰宅している オーストラリア人の乗客150人以上は、チャーター機でダーウィンに到着。今後、2週間の隔離措置を受けることとなる。 香港の乗客を乗せたチャーター機の第一便も、市内に到着した。オーストラリアと同様に、隔離措置が取られるという。 イギリスのドミニク・ラーブ外相は、船内に取り残された英国人について、21日にも退避機に搭乗できるとしている。ただし、感染の症状が現われていないことが条件という。 インドネシアもまた、同国民を帰国させる予定だ。 そのほかの動き： 中国の状況は 中国は、19日に新たに114人が死亡したと発表。一方で1日あたりの感染者数は、前日の1749人から減少し、394人だった。 ダイヤモンド・プリンセスや、シンガポール、韓国、香港など中国大陸以外では、1000人以上の感染が確認されている。 イランは19日、コムで新型ウイルス患者2人が死亡したと発表した。中東での死者は初めて。 中国は、新型ウイルスによる死者の多くは持病のある高齢者だとしている 香港は19日、基礎疾患を抱える70歳の男性が死亡したと発表。香港での死者は2人目。 日本では3人が、フランス、フィリピン、台湾では各1人の死亡が報告されている。 （英語記事 South Korean sect identified as coronavirus hotbed）
https://www.bbc.com/korean/news-50258550,손흥민 퇴장에 대한 영국 해설진과 한국의 반응,"태클을 당한 에버턴 미드필더 안드레 고메즈는 손흥민의 태클 직후 세르지 오리에 선수와 충돌하며 발목이 탈골되는 큰 부상을 당했다. 아직 공식 입장은 나오지 않았지만, 전문가들은 이를 두고 ""끔찍한 부상""이라며 선수 생명이 위험할 수 있다며 우려했다. 이번 태클에 대한 비난과 옹호 의견이 엇갈리고 있는 가운데, 영국 현지와 한국의 반응을 정리해봤다. YouTube 포스트 마침, 1 '손흥민, 괴로워했다' 손흥민은 고메즈의 부상이 심각해 보이자 두 손으로 얼굴을 감싸고 괴로워했다 사고는 에버턴과의 4일 원정 경기에서 나왔다. 손흥민이 후반 33분 안드레 고메스의 뒤에서 태클을 시도했고, 고메스는 넘어지던 중 토트넘의 세르주 오리에와 충돌하면서 발목이 꺾였다. 애초 옐로카드를 꺼냈던 마틴 주심은 카드를 레드카드로 바꿨다. 손흥민에게 퇴장 명령을 내린 것이다. 손흥민은 고메즈의 부상이 심각해 보이자 두 손으로 얼굴을 감싸고 괴로워했다. 감독과 선수들의 반응은? 사고는 손흥민이 에버턴과의 4일 오전 원정 경기에서 뛰던 중 나왔다 마르코 실바 에버턴 감독은 BBC와의 인터뷰에서 ""부상의 심각성을 듣고 기다리고 있다""며 ""안드레와 그의 가족들에게 모든 지원을 해줄 것""이라고 말했다. 마우리시오 포체티노 토트넘 감독은 ""안드레 고메스의 부상에 우리는 엄청난 충격을 받았다""고 말했다. 또 손흥민의 태클이 ""고의가 아니었다""며 ""너무 불운했다""고 더했다. 토트넘 동료 델리 알리 선수는 경기 이후 손흥민이 고개조차 들지 못하고 많이 울고 있었다고 전했다. ""그의 탓이라고 볼 수 없어요. 손흥민은 정말 좋은 사람 중 한 명입니다."" ""부상이 그의 마음속에 남겠지만, 프로로서 마음을 잘 지켜야 한다고 생각해요."" 전문가 반응은? 마틴 키언(오른쪽), 마크 채프먼(중앙), 이언 데니스(왼쪽) BBC 해설위원 펫 네빈은 ""손흥민이 일부러 그러한 행동을 했다고 비난하는 것은 100% 잘못된 일이다. 손흥민은 그런 선수가 아니다. 비난을 받을 이유가 없다""고 설명했다. 아스널의 전설적인 수비수이자 현 BBC 해설위원으로 활동 중인 마틴 키언 역시 손흥민을 변호하며 이번 사건을 ""괴기한 사고""라고 설명하며 ""레드카드를 받을만한 일도 아니었다""고 말했다. 이언 데니스 BBC 시니어 풋볼 디렉터는 손흥민의 태클이 직접 부상을 입힌 것이 아니며, 태클에 대한 모든 연쇄 작용에 대한 경고 기준을 부상 정도로 두어서는 안 된다고 더했다. ""태클 이후에 상대 선수가 연속 동작에서 심각한 부상을 당했다고 해서 레드카드를 주는 것은 아니라고 봅니다."" 대중들의 반응은? 현지 반응 역시 전문가의 의견과 비슷하다. 영국의 한 트위터 사용자는 '손흥민이 부상의 원인을 제공한 것은 맞지만 레드카드감은 아니었다'고 올렸다. 또 다른 사용자 역시 '고메즈의 빠른 회복을 기원하지만, 사고였을 뿐이며 축구계에서 이런 일이 일어나곤 한다'고 말했다. 하지만 비난의 목소리도 있었다. 손흥민이 출장 정지 등 징계를 받아야 한다는 의견부터 '개고기나 먹는 놈'이라는 원색적인 비난도 난무했다. 한국 내 반응은? 한국 내 팬들은 대부분 안타깝다는 의견이면서도 태클의 책임이 누구에게 있는지, 레드카드를 받아야 할 상황이었는지에 대해 반응했다. 또 태클에 관여된 오리에, 손흥민, 그리고 고메즈 선수가 이번 사고를 딛고 잘 회복하기를 바란다는 위로의 글도 이어졌다. 하지만 역시 손흥민이 과거 이청용 선수의 십자인대 부상 원인을 제공했던 톰 밀러 선수와 다를 바 없다며 '한 선수의 축구 인생을 망쳤다'는 비난도 있었다. 한국 국가대표팀 벤투 감독은 축구에서 벌어질 수 있는 사고라며 충격에 빠진 손흥민을 ""최대한 돕겠다""고 말했다."
https://www.bbc.com/japanese/features-and-analysis-56369763,「誰も守ってくれない」、1人で歩く恐怖を語る女性たち ロンドン失踪事件,現職警官の訴追に先立ち、ロンドン警視庁のクレシダ・ディック警視総監が10日、英南東部ケント州の森林で人の遺体が発見されたと発表した。この記者会見の際にディック氏は、多くの女性が「心配していて、怖い思いをしているだろう」と述べた。警察は12日、発見された遺体が、サラさんのものと確認されたと発表した。 ＜関連記事＞ チャットアプリ「WhatsApp」のグループや会議アプリ「Zoom」を使って、イギリス各地の女性たちが、この事件を受けてについて話し合っている。その中で多くの女性が、街なかを1人で歩いて自分がどういう経験をしてきたか、怒りやいらだちや、恐怖を共有している。 行方不明になる直前に道路の防犯カメラが捉えたサラ・エヴァラードさんの姿。サラさんは混雑する幹線道路の歩道を歩いていた 「私はとても若いころ、自分を守るためには自分の行動を変えなくてはと学びました」。グレイス・ジェサップさんはBBCラジオ1の番組「ニュースビート」にこう話した。 「たくさんの女性が、『もううんざりだ、もう我慢ならない』と言ってます。それに私たちは、そんなの知らなかったと男性たちがいまさら衝撃を受けていることにも、なんとなくうんざりしているんです」 「14歳くらいのころからずっと、これが私にとっての現実なので。学校の制服姿で道を歩いていると、通りすがりの相手に嫌がらせされるのが」 グレイスさんは友人と出かけるときは必ず、お互いに帰宅したらテキストメールを送りあうことにしている。 「もし連絡がなかったら、友達は私の無事を確認してくれます。誰も守ってくれないと、私たちは学んでしまったので」 グレイスさんは31歳。18年前から「鍵を握ったまま道の真ん中を歩く」ようにしているという グレイスさんはかつてクラパムに住んでいた。サラ・エヴァラードさんが消息を絶った場所の近くに。 「彼女は私だったかもしれない。私の友人の誰かだったかもしれない」と、グレイスさんは言う。 クラパムの緑地「クラパム・コモン」で、サラさんのため13日夜に行われる追悼集会にも、参加するつもりだという。 「私にとっては単なる集会ではなく、みんなが集まって支えあう場所になります。今回のことで若い女性はみんな傷ついているので」 「なので私たちが集まって、自分がどういう気持ちでいるのか確認するのは、大切だと思います。そしてもちろんその結果として、彼女のことを思うのが大事だと思います」 あまりに家に近くて サラさんを探す張り紙がクラパム周辺にたくさん張られ、ソーシャルメディアでも拡散された デイジー・エドワーズさんは、サラさんが最後に確認された場所から、歩いて5分のところに住んでいる。数カ月前にクラパムに引っ越してきたデイジーさんも、13日の集会に行くつもりだ。 町のあちこちで、サラさんを探す張り紙を目にしていた。 「自分に対して本当にショックで。人探しのポスターを目にしていたのに、ちゃんと見ていなくて、真剣に受け止めていなかったことに。もしかして、鈍感になっていたのかも」 デイジーさんは、どこかへ1人で歩く時には、注意するようにしている。特に夜には。 「誰かにつけられているみたいに感じたら、振り返って相手の顔を見たりします。それか、立ち止まって電話に出たり。電話に出るふりをしたことも何度もあります」 デイジーさん（26）はケント州の両親の家から先月、ロンドン・クラパムに引っ越したばかりだ ソーシャルメディアでは、自分に何ができるか尋ねる男性もいる。1人で歩く女性が安心していられるために、男性はどうすれば良いのか。 これに対して多くの女性が、道で女性の後ろを歩いたり、女性を追い越して歩いたりする際には、女性からたっぷり距離を開けて欲しいと答えている。 一方で、女性を襲うような男性は全体のほんの一握りだと指摘し、「#NotAllMen（男全員というわけじゃない）」というハッシュタグを使う人たちもいる。 「でもそこには問題があって、女性には勝ち目がないんです」とデイジーさんは言う。 「全ての男性が女性を襲うわけじゃないんだから、男だからといって全員をそういう風に扱わないでほしいと、私たちは言われているわけです。けれども同時に、女は自分で自分を守るようにとも言われる」 「自分で自分を守るために、私たちは全ての人を、この人は自分を襲うかもしれないと見なくてはならない。『そうですね、男全員が悪いわけじゃない。推定無罪の原則で全員を扱いましょう』なんて言ってしまったら、そういう時にこういう事件が起きるんです」 「それでいざこういう事件が起きると、『もっと注意すべきだったのに』と女性は言われてしまう」 「だから本当に、きついです。そういう態度は、社会に組み込まれたものだと思うので」 無視されたら諦めないと シャイさんは、表を1人で歩いていて怖いと感じたことが何度かあると言う。 たとえば2日前、昼ごろ外を歩いていて。 「男の人が2人くらいいて、私はヘッドホンをつけていました。何か言うのが聞こえて、『おいこっち来いよ』とか言っていたので、無視して歩き続けたんです」 「するとその男たちは、『こっち来いよ、おい、お前に言ってるんだ。お前に言ってるんだよ』って」 「こんなの間違っている。誰かの気を引きたいのだとしても、それで相手に無視されたら、諦めないと」 「もしこれが夜のことで、私がヘッドホンをつけていたら、『ヘッドホンをしてたのが良くない』とか言われるんでしょうか？ それか、あの道を歩くべきじゃなかったとか」 シャイさんはサラさんと同じ33歳。それだけに今回の事件には衝撃を受けたという 「はっきりさせておきたいんですが、全ての男の人が問題だとは言ってません。そんなことはまったく思っていません」とシャイさんは言う。 それでも、パンデミック対策のロックダウン緩和に伴い、外出の機会が増える事態に備えて、すでに安全確保の対策を進めているという。 「今朝も友人と電話していて、いざという時のために使えるスマホのアプリをググって探していたんです。それにお互いにどうやって連絡し合うかも決めてあります」 シャイさんはイングランド中部バーミンガム在住だ。サラさんの件は、国中に衝撃を与えていると話す。 「私は仕事でよく出張するので、国中あちこちに行きます。ロンドンだけの問題じゃないと思う。バーミンガムの問題でもないと思う。全体的な問題だと思います」 （ストーカー被害や性犯罪・性暴力被害などの相談窓口を紹介する、日本政府の内閣府男女共同参画局のサイトはこちらです） （英語記事 Sarah Everard: Women share their fears of walking alone）
https://www.bbc.com/news/world-africa-42748769,Ellen Johnson Sirleaf: The legacy of Africa's first elected female president,"By Tamasin FordBBC News, Buutuo, Liberia Mrs Sirleaf's story is pitted with remarkable feats of defiance and courage, entangled with accusations of corruption and nepotism. Just days before she was due to step down from 12 historic years in power, she was expelled from her own political party. Some people hold her up as their saviour; others say she's just like all the rest. ""The best thing she did is the peace she kept for us,"" said 22-year-old Jenneh Sebo, who was sitting lazily in the scorching sun drumming down on the capital Monrovia when I saw her ahead of the country's election in October last year. This is not an uncommon answer. Liberians went through 14 years of barbaric, drug fuelled, chaotic war, where child soldiers carried out the most unspeakable crimes. Myriad rebel groups reigned over towns and cities with terror, stripping the country of any semblance of infrastructure. Hospitals, schools, roads and even lamp-posts were destroyed; the latter out of a belief that enemy soldiers could turn themselves into one. So to be thankful for peace is not a flippant response. However, 15 years on from the end of the war people have long begun demanding more from their government. Jenneh, too young to remember much of the fighting, was sitting in the sun because she did not have a job and had not been in education since high school. The same month, on a grassy field opposite President Sirleaf's house in the more affluent Sinkor area of Monrovia, hundreds of women dressed in white danced to music blasting from massive speakers. The musicians sang ""we want peace in Liberia, peace in Monrovia"", the song Ivorian reggae star Alpha Blondy wrote about their country during the war in 1992. Many of these women launched a mass peace movement in 2003 that helped finally end war. They organised sex strikes, until their men put down their arms. They forced a meeting with President Charles Taylor, getting him to agree to go to Ghana for peace talks. Once there, they surrounded the room threatening to take off their clothes until some sort of peace deal was reached. It was these women who then rallied the country to vote for Ellen Johnson Sirleaf in 2005. ""We don't want no problem again,"" said 73-year-old Kula Freeman, who remembers the war in all its graphic detail. ""We don't want no wahala,"" her friend, 65-year-old Kwa Sheriff said, chipping in over her shoulder. Wahala is the Liberian word used to describe anything from an argument in the street to a full out war. They are both happy for the peace President Sirleaf brought to the country. Behind them, activist Leymah Gbowee, who won the Nobel Peace Prize alongside President Sirleaf in 2011, began rallying the ladies together. She was one of the key figures who led the peace movement at the end of the war. Ms Gbowee said Mrs Sirleaf will always be remembered for becoming the continent's first elected female president. But for Ms Gbowee, that is all she has achieved. ""In terms of delivering a women's agenda we really didn't see that,"" she said. President Sirleaf is not a warm, cosy character and she certainly didn't focus on women during her 12 years in power. However, the Harvard-trained economist did erase nearly $5bn (£3.2bn) in debilitating foreign debt after three years of being in office, paving the way for foreign investment and boosting the annual government budget from $80m to $516m by 2011. But Ms Gbowee expected more for women. ""She's said she's not a feminist, that feminism is extremism,"" she exclaimed. ""I say, well, if it is I'm a proud extremist."" Under President Sirleaf's tenure a new, tougher rape law came into force but was then amended, reducing the tough sentences and making it a bailable offence. During her final week in office, President Sirleaf signed an executive order on domestic violence, protecting women, men and children against ""physical, sexual, economical, emotional and psychological abuses"". She is however disappointed that a key part of her proposal, the abolition of female genital mutilation (FGM) against young girls under the age of 18, was removed. ""It undermines the very essence of the law and leaves it incomplete"", Mrs Sirleaf's spokesman said of the amendment by the Senate and House of Representatives. Many thought a female president would pave the way for more women in politics. Yet, not unlike the Thatcher era in the UK, Mrs Sirleaf's departure also marks the departure of women in power. Of 19 presidential candidates there was only one woman, 40-year-old Macdella Cooper, a former girlfriend of incoming President George Weah. ""She didn't have enough women in the house of parliament to help push bills to support women initiatives,"" said Cooper. ""Economically she didn't have enough women to approve budgets or at least create and craft budgets that will support women. So, she had her limitations."" Despite sharing the title of Nobel Laureate, Mrs Sirleaf and Ms Gbowee haven't spoken since Ms Gbowee said she ""criticised her government for corruption and nepotism"". Mrs Sirleaf has long come under fire for appointing three of her sons to top government posts, something she has always defended. Up to 20 members of her family have had government positions at some point. As for the charge of corruption, in 2006 Sirleaf declared corruption ""public enemy number one"" only to be hit with a flurry of scandals. Civil servants routinely went unpaid; most notoriously health officials in Lofa County in the north west of the country just as Ebola crept across the border from Guinea. The devastating virus killed nearly 5,000 people, leaving the country reeling and its health system in tatters. Despite all this, Mrs Sirleaf was a history-maker. Her presidency may have been riddled with corruption and nepotism, but she proved to the world that a woman can dismantle the patriarchal seat of power. ""One thing we can brag and boast of, she broke the glass ceiling,"" said Ms Gbowee. ""That's a huge inspiration for women."""
https://www.bbc.com/news/uk-scotland-edinburgh-east-fife-34515908,Edinburgh primary pupils to study two foreign languages,"The new scheme called 1+2 is due to start in 2017 - three years ahead of a national deadline set for 2020. Core languages including French, Spanish, Mandarin as well as Gaelic, Polish and Farsi will be on offer. Pupils will learn a second language from P1 and have experience of a third language from P5. Paul Godzik, Edinburgh city council education convener, said: ""This is an exciting time for languages in our schools and Edinburgh is leading the way. ""Thanks to the expansion of our 1+2 provision we are beginning to see just how much languages can enrich wider learning and raise the bar on the kind of education we offer our young people from their early years. ""German is becoming increasingly popular and we have a number of strong partnerships in place with Mainz University, Goethe Institute and the University of Edinburgh German Ambassador project. ""The cognitive, cultural and economic benefits of language learning are all key drivers in our commitment to their introduction from nursery across all our schools by the end of next year. ""It is fantastic to see how staff, learners and parents are engaging with the 1+2 policy and have really embraced the idea of everyone learning together and making languages part of everyday life of the school. ""Languages are key in equipping our young people for a modern world in which they are global citizens."""
https://www.bbc.com/news/uk-scotland-51558861,More than 200 people test negative for coronavirus in Scotland,"Screening began in Scotland 10 days ago, after previous samples were sent to test centres in England. The Scottish government said 290 Scottish tests had been given the all-clear since UK-wide testing began. The virus known as Covid-19 has claimed 2,004 lives in China, according to the latest Chinese data released on Wednesday. There have been 74,185 confirmed infections recorded in mainland China and about 700 cases in other countries. Scotland's public health minister, Joe FitzPatrick, said it had been shown that setting up Scottish test centres allowed results to be delivered more quickly. Speaking on a visit to the Glasgow Royal Infirmary test centre, he said: ""Although all Scottish tests have so far been negative, we are prepared for the high likelihood that we will also see a positive case. ""We have a proven track record of dealing with challenging health issues and have been preparing for this possibility since the beginning of the outbreak."" The release of the Scottish figures came as the first passengers who tested negative for the new coronavirus began leaving a ship moored off Japan, after 14 days of quarantine. At least 542 passengers and crew on the Diamond Princess have been infected by the Covid-19 virus - the biggest cluster outside mainland China. The US, Canada, Australia and the UK will place all those released from the ship in another 14 days' quarantine when they return home. The Scottish government's advice is that people experiencing a fever, cough or shortness of breath within 14 days of returning from China, Hong Kong, Japan, Macau, Malaysia, Republic of Korea, Singapore, Taiwan or Thailand, should phone their GP or NHS 24 immediately. More on the coronavirus outbreak Ask me Share this chatbot"
https://www.bbc.com/japanese/features-and-analysis-39776243,EUと英国、離脱交渉めぐる思惑のずれはかなり深刻？,カティヤ・アドラー欧州担当編集長 英首相官邸で開かれた夕食会の内幕について関係者らは相反する説明をした たとえば、先月26日にロンドン・ダウニング街の首相官邸で、テリーザ・メイ首相がEU委員会のジャン＝クロード・ユンケル委員長をもてなした夕食会について。これが完全な失敗だったのかどうかが、ブレグジット銀河の歪みを示す好例だ。 失敗だったなどとんでもない、成功だったと首相官邸は言う。 しかし、EU外交官が独紙フランクフルター・アルゲマイネに語り、その後ツイッターや英各紙の報道で広まった内容によれば、夕食会は「ひどかった。実にひどかった」ことになる。 この外交官はさらに、ブレグジットへの期待感という意味で、英政府は今やEUとは「別の銀河にいる」とさえ言った。 かなり刺激的な物言いだが、誰が本当のことを言っていて、誰が真実を歪めているのだろうか。 仏大統領選のマクロン候補もブレグジットについて語っている 正式交渉が始まる前の不安定な状況で、英国やドイツ、フランスの主要各国が選挙を控え、EUが全体として団結し存在意義や威力を示そうと努力している状況だ。その中にあって、偏った説明には極力、神経をとがらせる必要がある。 例えば、ドイツのアンゲラ・メルケル首相が先週語った、英国がブレグジットについて「幻想」を抱いているという発言がそうだ。また、フランスの大統領選で最有力候補とされるエマニュエル・マクロン前経済相が、仏北部カレーのいわゆる「不法移民」をめぐる英仏合意をブレグジット後に破棄すると述べた発言もそうだ（ドーバー海峡を越えて英国入りを目指す移民は、英仏合意でカレーに留め置かれている）。 しかし、強硬に聞こえるこうした発言はせいぜい、英政府向けだというのと同じくらいに、国内向けなのだ。 とは言え、私が取材したEU高官は、彼が言う「期待感の非対称性」や、英首相官邸のブレグジット解釈が「まったく異なっている」ことが夕食会で明らかになったため、会食後の当事者たちはかなり感情的になっていたと話す。 離脱交渉に関する英政府側の発言から、EU統合の拠り所となっている基本理念や、それは変更不可なのだという点について、英政府が「よく理解していない」のが明らかになったと、この高官は言う。 確かにいくつかの課題については、EUと英国の考えの間に、銀河ひとつ分やふたつ分は距離がありそうだ。 「何をたわけたことを」。英政府の言い分に、EUはいら立っている。 私が取材したEU高官は、ユンケル委員長はダウニング街に到着する前にすでにいら立っていたと話す。EU長期予算の中間見直しについて、英国が6月の総選挙が終わるまで署名しないと、直前に知らされたためだ（英国としては法にかなった判断だが、EUにしてみれば不愉快なことだ）。 加盟国全ての同意が条件となっている予算の中間見直しでは、支出増ではなく、予算の付け替えが提案されている。例えば、EUは移民の流れを止めるためのアフリカ向けの支出を急いでいる。 しかし、英国が署名するまで、見直しは凍結状態だ。 EU高官は、「（英政府は）ユンケル氏に全く予告なしに、夕食会の前夜に伝えてきた」と話した。「（EU本部のある）ブリュッセルでのことの進め方を、英政府はまったく分かっていない」。 EU代表団が全員そろった夕食会に同席していた別のEU高官にも、話を聞いた。 「『エシェック』（フランス語で破綻の意）という言葉が何度か頭に浮かんだ」とこの高官は語った。 「これまでブレグジットに関連してこの単語はあまり使われてこなかった。しかし、今では破綻の可能性も含めて準備するよう指示されている」 EU首脳の周辺では、交渉の成功確率はどの程度とみられているのだろうか。 交渉関係者は「五分五分だ。英国の総選挙後により明確になるとの期待も込めて」と話した。 EUの外交官たちは繰り返し、決して「あちら対こちら」という状況ではないと念押しする。英国を罰する意図はないし、良いブレグジットは全員にとっての利益になると。 「全ての誤解を解くのは双方にとって良いことだ」と取材先は語った。メイ首相たちも今それに気づきつつあるはずだと、消息筋は話す。 だがそれとも、我々はいまだに銀河の回転の中にいるのだろうか。（訳注：回転を意味する「spin」には、偏った説明による情報操作の意味もある） （英語記事 EU and UK: Galaxies apart over Brexit?）
https://www.bbc.com/news/entertainment-arts-13437578,The Hepworth: Is our love of modern art here to stay?,"Will GompertzArts editor@WillGompertzBBCon Twitter It joins Middlesbrough, Eastbourne, Gateshead, Margate and Nottingham on the list of places with snazzy new art houses. There are many others across the country that have either been completely refurbished or greatly expanded. So what are we witnessing: a fad or the future? I suspect the latter. Britain has not always been pro-modern art. The papers used to sneer while the public would jeer. ""Call that art"" was the general refrain. Now the reverse is true, we don't seem to be able to get enough of the stuff. Why? Well one reason is that all these modern art galleries have helped introduce the subject to a much wider audience, often in a way and within an environment that is friendly and welcoming. Big draw The idea that artists have spent the past 100 years hood-winking us has dissipated, to be replaced by an intellectual engagement with their work that many find rewarding. And because modern art is an ongoing story, with each new chapter bringing fresh ideas as well as adding context to the past, I think our involvement with the subject will increase not decrease. Take the recently opened Turner Contemporary in Margate for example (designed by David Chipperfield as is The Hepworth). I wrote about it in February having had an early preview. I was captivated by Chipperfield's architecture. The post received several comments, many unhappy about the money lavished on the project. The gallery received 70,000 visitors in its first month. That's extraordinary. One thousand people a day are currently visiting the place - twice the budgeted figure for this period. Sure the numbers might slide, but then that's what people said about Tate Modern. With good management and an imaginative programme I expect Turner Contemporary will still be going strong this time next year. Look at Nottingham Contemporary. It opened at the end of 2009 and continues to big a big draw, even with its uncompromisingly avant-garde programme. 'Withered and snapped' The local council reckon it was responsible for bringing £8.7m into the local economy, while also providing a significant educational resource to the city and adding an internationally recognised attraction. Which is why although they are expensive to build and costly to run, such cultural buildings are seen as an ace in the pack when it comes to urban regeneration. It's certainly the thinking behind The Hepworth, which should also succeed. Not only is it another excellent building (not quite as magical as Turner Contemporary in my view) but it also has the advantage of a stellar permanent collection of Dame Barbara Hepworth's sculptures. Some of which has come from the now defunct Wakefield Gallery, but many others have come from St Ives in Cornwall where the Wakefield-born Hepworth settled after a spell in London. These works are fabulous and fascinating and have been seen by very few people. I was lucky to do some years ago. They consist of a collection of 44 plaster and aluminium sculptures that were hidden away from the public in an old cinema in St Ives called the Palais de Danse. Barbara Hepworth bought the Palais in 1961 having outgrown her studio over the road (which has since been transformed into the Barbara Hepworth Museum and Sculpture Garden). She did little to change the Palais. The dance floor was still there, so was the stage upon which the cinema screen was mounted. On the floor was the outline of one her most famous sculptures - Single Form, which she made for the United Nations building in New York in 1961-64. It was a striking sight. Not only the scale of the sculpture (it was her largest work) but also the stark reminder of the physicality of her work. It conjured a picture of the petite Hepworth standing, kneeling and stooping over the work, worrying away at it until she felt it was finished. The other plaster sculptures had the same effect. They were just sitting on the floor, dusty and chipped, not the perfect and polished examples that are now in The Hepworth. The strings she famously used to give a sense of tension and materiality to her art had mostly withered or snapped, paint had chipped and cracks had developed. Their poor condition gave a real sense of them having been made by a human and not a machine: the carving scars prominent and proud, the result of a determined assault on the material to give it vitality and life. I have long thought it a shame that these almost primal works were not on view to the public. Barbara Hepworth is one of the great artists of the 20th Century and these plaster sculptures give a particular insight into how she worked. I'm delighted they are now on public view."
https://www.bbc.com/news/uk-england-leicestershire-53237059,Leicester lockdown: 'Shocked' residents prepare for new restrictions,"By Liam Barnes & David PittamBBC News, East Midlands Health Secretary Matt Hancock said the city had ""10% of all positive cases in the country over the past week"", while the city mayor Sir Peter Soulsby urged people to ""stick together"" as Leicester tackles a rise in confirmed coronavirus cases. Shoppers in the city centre had been enjoying a brief return to a sense of normality before the announcement and many were anticipating a visit to a pub or restaurant this weekend. The news that social plans have to be delayed was greeted with dismay but also a sense of inevitability. ""Out of all the cities why here?"" asked Achayla Carr-Brown, who said she had been left flabbergasted. ""I was so excited to go shopping and sit down for food, go out for a drink, but I can't,"" she said. ""It's upsetting, but in a sense it is better to be safe than sorry, prevention is better than the cure."" Sophie Gill, a 22-year-old student nurse, said she had been keeping safe anyway so would not be too impacted by the new measures, but was frustrated at how little some people in Leicester had been following rules. ""I didn't see any change in behaviour after they announced there had been a spike,"" she said. ""People did not take it seriously, they got so close in shops. ""[They] might not get ill themselves but they can pass it on to people they don't know."" Nader Abouhun owns the Falafel Land takeaway in Leicester city centre. Despite the lockdown being a blow to businesses like his, which relies on passing trade, the 39-year-old supported the move. ""I've been expecting it,"" he said. ""I could see people were not respecting social distancing. ""I'm always safe, but this news makes me nervous to come in to the city."" Wayne Loydall works in a DIY store in the city centre, and said he had frequently seen people not following social distancing guidelines and ""pushing by"" others. ""I can only speak for Leicester, but the amount of infections comes as no surprise,"" the 57-year-old said. ""You are asked to marshal the store and when you ask some people to go down the one-way system, you get shouted at."" However, Dharmesh Lakhani, who runs a restaurant in the Golden Mile area of Leicester, said he was ""very disappointed"" by extended lockdown measures, and questioned figures quoted by Mr Hancock. ""[Leicester having 10% of new cases] seems like an astronomical number,"" he said. ""Are we not doing testing in other cities? It just makes you wonder."" With Leicester now set to follow different guidance from the rest of England, Mr Lakhani said extra effort was needed to reinforce the rules. ""Are people being briefed in enough languages?,"" he asked. ""We all know we have a fantastic, diverse city, but are the messages getting across?"" Follow BBC East Midlands on Facebook, Twitter, or Instagram. Send your story ideas to eastmidsnews@bbc.co.uk."
https://www.bbc.com/zhongwen/trad/china/2013/10/131019_taiwan_china_flight,台灣國民黨：兩岸航線為特殊航線,馬英九對兩岸航線的談話引起台灣各界質疑。 馬英九本周早些時候在談到台灣航空業發展時表示，國際航線解決不了台灣航空公司的虧損問題，因為國民黨推動兩岸直航，解救了航空業的不景氣。 他說，他以前在美國唸書時也發現，其實美國國內航線遠比國際航線來的繁榮，消費力也更強，「大陸和台灣現在正是這樣的關係」。 馬英九的談話被外界解讀為他將兩岸航線定義為「國內航線」，引發台灣各界質疑，以及民進黨的強烈批評。 「特殊航線」 對於台灣各界將馬英九定義兩岸航線為國內航線的解讀，國民黨發佈新聞稿加以澄清。 國民黨說，馬英九曾經在公開場合多次清楚闡明，兩岸航線既不屬於國際航線亦非國內航線，而是特殊航線。 新聞稿說，馬英九本周早些時候的談話，最主要的目的在指出，台灣高速鐵路通車造成國內航空業務萎縮，而國際航線又不足以彌補，但兩岸直航為航空業帶來新的榮景。 國民黨說，這是在陳述事實，而非改變兩岸航線或兩岸關係的定位，外界無須加以曲解或擴大解讀。 （撰稿：陳書敏 責編：威克）
https://www.bbc.com/zhongwen/trad/china/2015/08/150806_taiwan_curriculum_protest_day7,颱風來襲前夕台灣「反課綱」運動仍僵持難決,周三（5日）晚間在教育部前，支持與反對課綱的團體齊聚。 周三（5日）晚間，支持反課綱群眾的閃靈樂團在教育部前開唱，反「反課綱」團體隔著一條馬路向抗議群眾示威，當時現場人數最多達到五百多人。 目前教育部仍不同意抗議學生「撤回課綱」的訴求。教育部長吳思華周三晚間在台中舉辦的課綱座談會後，向媒體表示會撤回7月23日進入教育部部長室的33名學生群眾與記者的提告。但截至周四早上10時，台北地檢署仍未收到撤告文書。「反課綱」學生代表向部長喊話，重點不是撤告，而是撤回課綱，雙方仍無法達成共識。 颱風：撤或不撤？ 隨著中度颱風蘇迪勒逼近，中央氣象局預計周四晚間發佈陸上颱風警報。「反黑箱課綱行動聯盟」從周三晚間發起「別讓學生獨自承受風雨」活動，提供教育部部長室與署長室電話，鼓勵民眾「一人一通電話、 一封傳真 要求教育部宣佈暫緩實施微調課綱，讓學生回家避台」，周三晚間電話一度滿線。 中央氣象局公布中度颱風蘇迪勒的路徑預測圖。預計在周四（6日）晚間發佈陸上颱風警報。 台北市長柯文哲希望學生在颱風來襲時注意安全，尊重學生的決定。有民眾要學生快點回家，「不要讓警察在颱風天陪你們吹風淋雨」。 反課綱爭議從7月30日抗議學生林冠華自殺身亡以來，「升級行動」至包圍教育部，社運人士、政黨領袖紛紛公開表示支持或反對意見，成為台灣社會近來最熱門話題。 「兩派」民眾 周三晚間，在國際音樂界具有高知名度的重金屬樂團「閃靈樂團」赴教育部前開唱，同一時間，由統派團體「中華統一促進黨」總裁張安樂率領群眾隔著一條馬路向群眾喊話，要學生「快點回家」。雙方雖然因為隔空使用麥克風對話，現場一度測得高達90分貝的噪音，但根據BBC中文網記者採訪現場民眾，民眾表示並沒有發生衝突。 在現場的郭正平表示，閃靈樂團在演出時有強調要民眾「冷靜以對，不要因為遭到挑釁而失控」，而且在現場演出的三首歌也是「安靜歡樂的抒情歌曲」。對於閃靈樂團來聲援學生，郭姓研究生說：「的確需要更多不同的公眾人物來表達支持的聲音，讓大家關注這樣的問題，畢竟學生的力量真的太小了。」 閃靈樂團在教育部前演唱三首歌曲，支持反課綱運動。 這是郭正平第三天參加反課綱活動，他目前在北京大學就讀，他向BBC中文網記者說他到教育部支持學生的原因：「我覺得最主要是我是文史專業的學生，我不能支持這樣的洗腦教育，北京是讓我看到受洗腦的世界，我們不該變成他們那樣」。對於課程內容，他說：「台灣是個移民社會，應該有更多元的包容視角，不應該用一元的大中華主義去壓迫其他認同。」 就讀台灣大學政治研究所的侯漢廷說，中華統一促進黨主張的是另一個立場，既然反課綱抗議學生已經公開歡迎任何人到現場，中華統一促進黨的行動就應該被尊重。他在社交網站「臉書」（Facebook）貼文：「張安樂路過教育部現場，警方動用警力保護學生，張被警方以違反集遊法驅離。台灣還有沒有法律？該被逮捕的是學生和那些台獨團體耶！是他們闖部長辦公室在先，破壞拒馬攻佔教育部在後，結果竟要受警方『保護』這些現行犯的『非法集會權利』。」 曾經參加多次政論節目，發表「反反課綱」意見的他認為，目前僵持不下的局面可以歸咎於學生，因為「教育部長一再釋出善意，但學生堅持不退讓」。 他曾經發表文章質疑：「教科書不教中華民國史觀，難道教台獨史觀嗎？」對於此次課綱微調的內容，認為只是幾處文字上的修正，發起抗議的「正當性沒有這麼足」，因此他認為這次的活動不會受到去年反對服貿協議的「太陽花運動」那樣多的民眾支持。 （撰文：劉子維 責編：蕭爾）
https://www.bbc.com/news/uk-wales-56775478,Covid: Rebuilding Wales' NHS 'could be bigger challenge than pandemic',"Surgeons say a ""radical rethink"" of the way hospitals work is needed, while doctors said tackling backlogs would be a ""huge challenge"" for exhausted staff. Meanwhile, cancer charities fear the disruption will lead to a surge in deaths, particularly in Wales. They all agree getting the NHS back on its feet will be the biggest challenge faced by an incoming Welsh government. Amid these warnings, academics said difficult choices would have to be made on where money was spent. BBC Wales health correspondent Owain Clarke has been looking at some of the key health issues facing whoever wins the Senedd election on 6 May. Richard Pugh, head of Macmillan Cancer Support in Wales, said places like his Rhymney hometown recorded some of Wales' highest coronavirus case rates. Mr Pugh said that happened because ""huge"" inequalities already existed. In communities like his, in Caerphilly county, Mr Pugh said ""we all know each other"". ""I could point to you people's houses where sadly they've lost someone because of Covid,"" he said. ""When we lose one of us we lose something about the community itself."" Mr Pugh has lived in the town all of his life. ""Unfortunately we're top of the wrong leagues all the time, for example diabetes and cancer,"" he said. ""Here and in the other coalfield areas we have been hit the hardest and are still being hit the hardest. ""Health inequalities in this community are huge."" That problem remained unsolved when the pandemic ""came on top of that"". ""We've got to look at ourselves about that,"" Mr Pugh said. Covid in the Rhymney area - in figures 'I can barely walk 30 yards. My pain levels are at nine' Waiting lists for other NHS treatments have grown massively because of the priority given to coronavirus. Arthritis patient Christine Evans has been on an NHS waiting list for 15 months. The 67-year-old said the condition of her right knee had left her ""barely [able to] walk 30 yards"". Ms Evans, who works in healthcare, said she was thinking of going private, which would cost about £15,000. She said: ""When I went to see the consultant, I would have said on a scale of one to 10 my pain level was around about six or seven. ""I was able to walk perhaps 100 yards, which is not too bad. ""Now we're 15 months down the line and I can barely walk 30 yards. And my pain levels are ranking up around about a nine."" Ms Evans, from Llanharry, in Rhondda Cynon Taf, said it was ""pretty awful"". ""You get up in the morning, you think: 'Oh, can I face today?'"" She said she felt for consultants. ""They're normally able to step up to the plate and help us, and they just can't,"" she said. 'Absolutely exhausted' Helen Whyley, director of the Royal College of Nursing in Wales, urged those needing care who were ""not wanting to bother the NHS"" to seek advice from health practitioners such as their GP. ""We know there are challenges about reopening services, but we also need to understand and make sure that we've got everyone who needs care at least on the list waiting for it, so that we can put those plans together,"" she said. After going into the pandemic with a shortage of nurses, then adding extra services such as the vaccination programme, she said there was a ""massive challenge"" ahead for staff. ""Many of them are absolutely exhausted, so our current workforce also needs to get its breath back in addition to get going on the things that we always used to do,"" she said. ""The next Welsh government needs to be really strong, really brave and take the opportunity to look at the whole system."" Mountain Ash GP Dr Kamila Hawthorne said the backlog facing the NHS was a ""huge problem"". ""We're going to need to give much clearer instructions to patients as to what to do if, while they're waiting, anything else happens which might mean that their condition is getting worse,"" she told BBC Radio Wales Breakfast. ""It's very worrying really that conditions that in the past you knew would be seen as secondary care within, say eight weeks' time, now might take easily a year."" In January more 500,000 people in Wales were on waiting lists. There has been an eight-fold increase in those waiting longer than nine months. The backlog could take years to clear. Where next for the NHS? The Royal College of Surgeons' Wales director, Richard Johnson, said the NHS needed a ""radical rethink"". ""We should be developing Covid-light sites on a regional basis,"" he said. ""So you've got hospitals, where there's no emergency patients going in there, dedicated to treating the backlog of patients. ""We know from experience it's very easy to turn services off, but it's far more difficult to bring them back online again."" The new government is likely to be under pressure to bring down waiting lists fast. The Royal College of Physicians' Olwen Williams said more doctors were needed and those already in place needed to ""refresh and renew themselves"". ""We have come to a point in the pandemic when everyone's taking a deep breath and thinking 'what's next'."" she said. Recruiting more staff will not be enough, according to Dr Williams. She said: ""A lot of us really do believe that we have to look at really doing things that have got value, and leaving aside some of the things we have done in the past, and think, 'does this person really need to be seen by 10 different clinicians, could they not be seen by one?'."" According to Cardiff University's Wales Governance Centre, the Welsh government gave NHS Wales an extra £1.4bn in the last financial year to deal with the pandemic. That was down to extra money that came to Wales due to increased NHS spending in England. But much more funding is likely to be needed to help the NHS recover. ""You are looking at an extremely challenging picture for the next Welsh government,"" said Guto Ifan, a research associate at the centre. There were the direct costs of Covid, test and trace, and potentially re-vaccinations. ""Also the indirect costs of Covid-19 are probably more substantial beyond this year,"" Mr Ifan said. ""If NHS productivity doesn't recover because of social distancing requirements and heightened infection control, that means the NHS can deliver less care for the resources it's given."" Where will the cash come from? The new Welsh government will have about a billion pounds unallocated for 2021-22. This is partly because Wales sourced personal protective equipment and introduced Test, Track and Protect more cheaply than in England. ""Whichever party or parties form the next Welsh government, they'll all be hoping and wishing the UK government changes course on its spending plans,"" said Mr Ifan. ""With that money carried forward from last year to this year,the Welsh government will be in a position to meet NHS funding pressures this year. ""But it's next year when those funding pressures really start to bite in the context of the UK government's current plans."" What do Wales' political parties say they would do to tackle the NHS's challenges? Welsh Labour said it would help services recover by installing ""the biggest catch-up programme our NHS has ever seen"". A £1bn NHS recovery plan, it said, would be launched ""on day one"". Welsh Conservative leader Andrew RT Davies said coronavirus had ""devastated our communities"" and ""exposed our fragility"". He said his party would build ""better hospitals"". Plaid Cymru said NHS waiting times were ""unacceptably long"" before the pandemic. ""Radical and robust action is needed in order to ensure the service is resourced and has the capacity to provide healthcare to the thousands of people waiting,"" a spokesman said. The Welsh Liberal Democrats said they would establish a taskforce to address health inequalities and improve public health by ""promoting healthy living and good life choices"". 'Fear and respect' A spike in cancer cases could be on the way, Macmillan Cancer Support's Richard Pugh fears. He said people had not sought treatment during the pandemic because of worries about protecting the NHS. He admitted he was ""terrified"" by the prospect of more cases. ""More and more people are getting diagnosed, and later and younger as well,"" Mr Pugh said. ""So it's not your traditional over-65s, it's those people unfortunately that have been sat on symptoms in their house, the younger ones who we would have saved."" They had not got help because of ""fear and respect"", he said. ""The fear was they were frightened of catching Covid, and the respect was: 'I see the NHS on the TV every day, I don't want to burden them with this little bump or this mole'."" The charity estimates there are now more than 3,500 missing cancer diagnoses in Wales. Related Internet Links NHS Wales Macmillan Cancer Support Wales Governance Centre"
https://www.bbc.com/zhongwen/trad/china/2016/08/160816_taiwan_tank,台灣戰車返營區途中墜河三名士兵喪生,只有戰車駕駛員和車長生還 這輛勇虎式(CM-11)戰車當時載有5名士兵，在台灣南部屏東縣返回營區途中突然掉入網紗溪。 戰車駕駛員和車長生還。 這次演習是下周舉行的年度「漢光」軍演的預演。 台灣《聯合報》報道，陸軍564旅長黃忠實在營區記者會上表示，生還的當事人說，當時行經出事路段時覺得剎車有異，戰車疑似煞車失靈而失控墜溪。 這款戰車有3個逃生出口，但因砲塔被壓在河底無法使用，只有駕駛座底下出口能開啟，僅剩駕駛兵楊炎霖順利逃出。 4名軍士官被壓在戰車底部，且因溪水淹過車頂，造成3人死亡，車長吳得偉經搶救後已恢復生命跡象。 報道說，國防部已派參謀總長前往出事地點，行政院長林全16日指示國防部必須要善盡對家屬的責任。 「漢光32號」是首次納入軍種對抗項目的演習，總統蔡英文預計下周前往視察。
https://www.bbc.com/news/world-europe-48386940,Wikipedia petitions ECHR over Turkey ban,"The Wikimedia Foundation says it filed the petition on the grounds that a ban on its online encyclopaedia violated the right to freedom of expression. Access to Wikipedia has been blocked in Turkey since April 2017. Officials said at the time that ""an administrative measure"" had been taken, but gave no reason for the ban. Turkish media said authorities had asked Wikipedia to remove content by writers ""supporting terror"". ""We are taking this action as part of our continued commitment to knowledge and freedom of expression as fundamental rights for every person,"" the Wikimedia Foundation, the non-profit organisation which runs Wikipedia, said in a statement. ""We are doing so only after continued and exhaustive attempts to lift the block through legal action in the Turkish courts, good faith conversations with the Turkish authorities, and campaigns to raise awareness of the block and its impact on Turkey and the rest of the world."" Routinely ignored More than two years on, it still happens: I do a quick internet search on a topic, which leads to a Wikipedia link. I click on it, without thinking. Error 404: Page not found. Ah yes, a country aiming to join the European Union has banned a free encyclopaedia website. Turks have found ways to circumnavigate the block, using ""mirror"" Wikipedia URLs or Virtual Private Networks (VPN) to change their IP location. But it's still a hindrance to many. Ankara complained about the content of two articles: on the Syrian war and on state-sponsored terrorism, demanding they be removed. In meetings with the Turkish authorities, Wikipedia bosses explained that articles could be edited - and that removing them contravened values of democratising knowledge. Referral to the ECHR, Wikipedia told me, sends an important message on free speech. But the court has ruled against Turkey more than any other country - and Ankara routinely ignores verdicts, paying fines instead. This one could go the same way. Wikipedia's founder, Jimmy Wales, said the site would keep pressing its case. Turkey has temporarily blocked social media sites including Facebook and Twitter in the past, usually following protests or terrorist attacks. Prior to the ban, more than 300,000 articles had been published in Turkish on the Wikipedia site. The ECHR is an international court based in Strasbourg which was set up to uphold the European Convention on Human Rights after World War Two."
https://www.bbc.com/zhongwen/trad/china/2013/08/130802_ustwpolicy_byjames,台政府歡迎美國眾院台灣政策法案,《2013台灣政策法案》規定台灣駐美代表處及美國駐台機構都應懸掛國旗。 台外交部發言人高安對BBC中文網說，美國國會繼支持台灣成為國際民航組織ICAO觀察員法案後，再一次以具體行動展現對中華民國的支持，外交部對此表示感謝與肯定。 高安提到的美國支持台灣參與國際民航組織法案，是參眾兩院通過後上個月由總統奧巴馬簽署，而眾院外交委員會主席羅艾斯即為該法案主要推動者之一。 羅艾斯在《2013台灣政策法案》通過後發表聲明說，在美國於此一重要區域推動貿易、人權及安全下，該法案是對美國民主盟邦傳送出強烈支持的信息。 眾院外交委員會是在無異議下通過此一法案，高安說這充份顯示了美國國會對相關議題的支持，外交部對此表示感謝。 此一法案除了具體授權美國總統出售四艘派裏級導彈巡防艦，接受台灣對F16 C/D型戰機的要求外，並規定台灣駐美代表處及美國駐台機構都應懸掛國旗。 法案並且列出了美國對台六大保證，保證的項目包括了不設定對台軍售終止期限，也不會就對台軍售事先同中國協商等。 中國媒體就此一法案引述北大國際關係學院教授朱鋒說，法案只是表達了眾院外交委員會的立法意向，不能代表眾院意見，且要形成最終立法還需經參眾兩院通過，最終再交由總統簽署才能生效。 該報導說眾院外交委員會通過的此一法案無任何法律效力，＂離美國真正對台銷售武器更是距離遙遠＂。 對於中國傳媒此一報導，台外交部發言人高安則表示不予置評。 （責編：尚清） 網友如要發表評論，請使用下列表格：
https://www.bbc.com/news/science-environment-29128876,The Mars sensor inspired by lobsters and cathedrals,"By Neil BowdlerScience and health reporter, BBC News The micro-seismometer to be carried by the Mars InSight mission, set to launch in 2016, is the pride and joy of Prof Tom Pike, of Imperial College London. Sat in his small, campus office, he puts on some purple latex gloves and picks up an example of the seismometer from a Petri dish. He urges me to listen - so I can hear it quietly ringing as it oscillates in his hand. It's made of silicon, like microchips, but it's a mechanical, not an electrical device, hewn from a single silicon crystal and able to detect the tiniest movements. Once on Mars, two of these seismometers - to measure horizontal and vertical movements respectively - will be used to detect ""marsquakes"" - earthquakes on the Red Planet. It's hoped these movements will tell us more about the planet's inner workings and provide more evidence of how Mars was formed and evolved. The seismometer's design, Prof Pike says, draws on nature and medieval architecture. Its ""proof mass"" - the bit that moves - is held by pincers inspired by the lobster claw. And these pincers connect to arms in the shape of flying buttresses, which support the structure much in the same way they were used to strengthen medieval cathedrals. ""Our design is defined by the mathematics,"" Prof Pike says. ""The medieval architects came to that solution though trial and error, but they came to a very well optimised solution to make their cathedrals as strong as possible."" InSight, which stands for Interior Exploration using Seismic Investigations, Geodesy and Heat Transport, will study the deep interior of Mars to better understand the processes that shaped the rocky planets of the inner solar system, including Earth, more than four billion years ago. Besides the seismometers built by the Imperial team and another by the French Space Agency, the lander will also carry a German heat-flow probe, which will hammer down up to 5m (16ft) into the Martian surface, and a magnetometer to detect magnetic fluctuations in the planet's upper atmosphere. A device built by Nasa's Jet Propulsion Laboratory will measure the rotation of the planet. The mission team will use these instruments to probe the Martian layers right down to its core. ""We can't be sure there's plate tectonics on Mars - probably not,"" says Prof Pike. ""It's just not quite large enough a planet, and it's probably cooled down a little too much, so that's one thing which we want to determine. ""The other difference compared to the Earth is that Mars has lost its magnetic field, and that has a really important influence on protecting us on Earth from the solar wind, from radiation. ""We'd like to find out whether there are still remnants of a solid core or a liquid core which give us some indication of how the planet itself evolved."" The design of the probe and its landing mechanism are similar to the successful Phoenix probe, which landed on Mars in 2008. The craft, which carried a microscope developed by Prof Pike, was the first lander to directly detect water ice in the Martian surface. But while Phoenix landed near the northern ice cap of the planet, InSight will land near the equator. InSight will be Prof Pike's second mission to Mars, with a potential third already lined up - his team is set to build another microscope for Nasa's Mars 2020 rover mission. Follow Neil on Twitter"
https://www.bbc.com/news/uk-wales-politics-46498785,Mark Drakeford plans 50-50 gender split cabinet,"Mr Drakeford is expected to succeed Carwyn Jones who will step down on Tuesday after nine years at the helm. He saw off competition from Vaughan Gething and Eluned Morgan to be elected as Welsh Labour's new leader. He told Sunday Politics Wales he intended to deliver on his manifesto pledge. AMs will be invited to nominate him in the Senedd on Wednesday when the Welsh Conservatives and Plaid Cymru will also put their leaders forward but Mr Drakeford is expected to win. He will then start drawing up a new-look government and has already said he wants to change the way the cabinet works, allowing more time to consider long-term challenges. ""If I am in a position to form a cabinet - and I said in my manifesto - I fully intend to deliver a gender balance cabinet at the Welsh Government,"" he said. Mr Drakeford, the current finance secretary, admitted the challenge he faced was to tackle his own ""anonymity"" and to boost the Welsh Government's profile among the public. ""I see the dilemma, definitely, but I think there's more than one way you can tackle anonymity,"" Mr Drakeford added. ""I think being clearer with people that there are a whole group of us who are engaged in government is a way of breaking down that anonymity. ""A single person cannot be everywhere in Wales doing everything. ""I've said, for example, that in my cabinet, there will be a minister for north Wales identifiable as the person who will lead for the government on issues where there are cross-cutting things that are important to north Wales. ""That's the sort of thing I mean by a collective government and it helps with anonymity. ""I think it means there are more voices, more faces, more opportunities for people in Wales to engage with the Welsh Government and my aim is to break down some of those barriers by operating in that way."""
https://www.bbc.com/news/business-35686072,Wall Street shares fall as oil prices rise,"The Dow Jones fell 123.88 points, or 0.74%, to 16,516.09. The S&P 500 lost 15.87 points, or 0.81%, to 1,932.18, while the tech-focused Nasdaq index slipped 32.52 points, or 0.71%, to 4,557.95. Investors blamed the fall in share prices on profit taking as markets fell out of step with oil prices. ""There's been some profit-taking as we had a good two-week run,"" said Michael James, managing director of equity trading at Wedbush Securities. Brent and US crude both rose 3.4% after Saudi Arabia said it would work with other producers to limit oil market volatility. Exxon Mobil fell 2% and Chevron fell 1%. Shares of Valeant Pharmaceuticals were down more than 18% after it emerged that the company is being investigated by US securities regulators. Valeant shares began falling early in the day, following an announcement that the company's chief executive was returning from medical leave, and that it would delay the release of its quarterly results. Bank shares also fell on Monday. Bank of America slipped 1.4% while Citigroup fell 1.7% and JPMorgan 2.2%. Signet Jewelers, which owns the H Samuel chain in the UK, was one of Monday's few winners. Its shares climbed 9.4% after reporting better than expected results for its most recent quarter."
https://www.bbc.com/news/business-37448573,China spends more in the world than the world spends in China,"Overseas investment rose 18.3% to a record $145bn (£111bn), compared to $135.6bn of foreign investment. It comes as China's economy last year grew at its slowest pace in 25 years. Slowing growth has seen many Chinese firms on a shopping spree abroad, picking up US and European firms for know-how, technology and influence. The past year's takeovers included Italian tyremaker Pirelli, US film studios Legendary, Swiss seed giant Syngenta and German robotics company Kuka. ""We think Chinese companies' overseas takeovers can help them acquire high-end production elements such as design, research and development, marketing and service to upgrade their positions in the global value, industrial, logistics chains,"" the commerce ministry's representative Zhang Xiangchen told reporters at a news conference on Thursday. Outbound direct investment by China's financial institutions rose by an even higher margin, up 26% to $24.4bn government data showed. The world's second largest economy has seen slowing growth over the past years, with Beijing pushing for a reform to transform China from an export-led economy to a consumer-led economy. China earned the label of being ""the factory of the world"" from decades of manufacturing activity, the main driver of its rapid economic growth. But factory activity has drastically slowed, as foreign companies relocate to cheaper manufacturing bases around Southeast Asia. Analysis: Karishma Vaswani, Asia business correspondent Dalian Wanda, CGN, Huawei Technologies. Sound familiar? These names have been dominating global business headlines lately, as China Inc snapped up overseas acquisitions as part of its global shopping spree. Whether private or state owned, the directive from the top appears to be: go out and spread your wings. That's because growth is slowing at home - recent Chinese data has shown the economy is growing at its slowest pace in a quarter of a century. But concerns have been growing that not all of these investments are just about buying up overseas assets. Officials in Beijing are scrutinising ""fake"" investments that may possibly be just another way for wealthy Chinese families to move their money out of the country, in the face of a slowing economy and a weaker Yuan."
https://www.bbc.com/zhongwen/trad/uk-52850618,香港問題加深英國與中國裂痕 雙邊關係何去何從,"2020年年初，剛剛當選的鮑里斯·約翰遜在首相府外參加慶祝農曆新春佳節活動。 然而，英國對中國人大決定在香港實施《國安法》迅速作出了回應：聯手美國、加拿大和澳大利亞共同發出聲明表示譴責。而此前，英國政府透露消息稱，有可能改變以往在選擇華為5G技術問題上與美國、加拿大和澳大利亞有所不同的政策。 香港《國安法》與華為5G退出英國市場，無疑將對英中兩國關係造成嚴重影響。中國官方英文報紙《中國日報》最近刊登社論警告說：據報唐寧街計劃讓華為在2023年之前全面退出5G網絡的建設。「果真如此，這將會是極為昂貴的政策轉向，對所有利益各方將是全盤皆輸的局面，而且後果將毫無疑問波及技術以外的其它方面。」 新冠疫情、香港、華為會成為改變英國與中國關係的重大砝碼嗎？2020年，英國政府是否會改變以往的對華政策，不再對中國技術、中國投資給予厚望呢？果真改變，英國又將承受多大的代價？中國又會失去什麼？ 疫情效應 英國牛津大學研究員、《絲路——世界新曆史》 一書的作者彼得·弗蘭科潘（Peter Frankopan）向英國廣播公司BBC表示，過去一年，中國和英國雙方都有一些改變。 他說，到去年年底，中美貿易關稅問題持續了近兩年，英國和歐盟也試圖重新平衡與中國的經濟情況，譬如市場准入， 知識產權保護等等。「不過我認為病毒給了一個更大理由來公開討論（對中國政策）。在過去4、5個月，特別是來自美國方面的呼聲越來越強硬，認為現在是對中國提出要求重新定義雙邊關係的好時候。」 弗蘭科潘說，在中國方面則需要看兩個方面，一是中國長期以來的方向，其二是習近平領導下的中國最近兩三年對內對外所制訂的策略。 最近幾年，中美的對抗已經影響到了其它西方國家與中國的關係：孟晚舟被拘捕使中國與加拿大關係緊張； 澳大利亞要求調查新冠病毒起源後，中國加大了對澳大利亞出口產品的限制。 弗蘭科潘說，澳大利亞三分之一的出口去了中國，這就會成為很便利的施壓工具。在他看來，英國並不像澳大利亞與中國經貿關係極為緊密，「但是過去30年的一個普遍情況是，全世界對中國的依賴程度越來越高，而中國對外部世界的依賴卻在減少。」 他舉例說，英國20多所著名大學組成的羅素集團（Russell Group）約20%的收入來自中國學生。 中英之間 那麼英國又有什麼對等的實力，可以平衡對中國的依賴呢？ 英國皇家聯合研究所（RUSI）的高級研究員查爾斯·帕藤（Charlers Parton）曾是英國駐大中華地區的資深外交官。 他接受BBC訪問時分析認為，英國政府應該仔細研究調查五個方面，看看中國在這五個方面是否真的能對英國造成嚴重的威脅。 中國駐港部隊2019年6月30日在香港昂船洲海軍基地舉行軍事表演。 投資——英國真的需要中國投資嗎？查爾斯·帕藤引用一份在北京的美國學者撰寫的論文說，結論是英國並沒有得到什麼好處，反而是中國從中受益。 出口貿易——查爾斯·帕藤引用幾個國家對華關係緊張後的貿易數字說明，雙邊外交關係緊張並不會影響出口貿易，其中包括2012年達賴喇嘛訪問英國後的中英貿易數字、2010年劉曉波獲得諾貝爾和平獎之後的中國與挪威貿易關係以及2016年韓國部署美國薩德反彈道導彈系統後的中韓貿易。 倫敦金融城對中國資金的重要性。他分析說，在目前中美關係緊張的局勢下，「中國更需要倫敦金融城，而不是倫敦金融城需要中國」。 教育產業——查爾斯·帕藤認為中國中產階級家庭都希望把子女送到英語國家受教育，而中國當局應該不會限制出國留學。 旅遊業——雖然中國曾經因為雙邊關係，禁止旅行團前往菲律賓、韓國和台灣，但查爾斯·帕藤認為中國當局應該很難限制前往英國的中產高端遊客。 他最後總結說：「應該多元化，過分依賴一個人會讓風險大增。」 英國政治 彭定康：中國利用疫情炫耀自己的實力及欺負台灣香港 觀察人士注意到，中美對抗的同時，中國已經成為英國政治中一個無法迴避的話題。 BBC外交事務記者詹姆士·蘭德爾（James Landale）報道說，在執政的保守黨議員當中，新成立了一些小組，如「中國研究小組」等，推動對華採取更強硬的路線。 而據智庫「政策交流」（Policy Exchange）的主任迪恩·高德遜（Dean Godson）的說法，在保守黨內部不同傾向的議員們正在合流，要求對中國更加強硬。高德遜把這個同盟稱為「疑華派""（PRC-sceptic），其中包括親美國的議員，他們擔心如果英國不與特朗普總統同仇敵愾，英美之間的貿易協議會泡湯；其中還包括倡導人權關心維吾爾人的議員、不滿中國挑戰國際秩序的議員以及來自英格蘭北部擔心中國影響當地工廠生意的議員。 那麼英國對中國的了解究竟有多少？又有多少人既懂中國語言又懂中國國情能夠幫助制訂明智的對華政策呢？ 牛津大學的歷史學家弗蘭科潘向BBC表示，在如何分析中國，乃至亞洲、非洲方面，英國都做得很不夠。 他說：「我們花了很多時間在學校大學裏思考西方問題，觀察特朗普，但其實還有一個更加廣闊的世界。我們都默認以為全世界都想成為和我們這些歐洲國家一樣的地方，但是新冠病毒疫情已經讓人們開始反省，因為我們在疫情中的表現並沒有讓我們的制度顯得比別人更強大。」"
https://www.bbc.com/zhongwen/trad/china/2015/12/151209_taiwan_mainland_students,大陸律師發公開信促台給予陸生健保,身為中國大陸人權律師團成員之一的王秋實對BBC中文網表示，他在世界人權日之際發表這一公開信是希望在台大陸留學生能得到和其他非台灣本土留學生一樣的待遇，而不再受到歧視。 「赤裸裸歧視」 王秋實在公開信中表示，雖然台灣是世界範圍內華人統治地區最為成功的由極權獨裁統治走上民主自由道路之範例，但一直以來「以赤裸裸的政策性歧視踐踏陸生（大陸赴台就讀學生）之尊嚴，無視陸生生命健康之基本人權」。 他說，陸生在全額繳納著遠高於外國留學生、港、澳、僑生的學費、住宿、雜費的情況下，卻無法與外國留學生、港、澳、僑生一樣平等享有健保資格，使之成為矮人二三等之劣等住民。 王秋實對BBC中文網稱，他曾經到訪台灣，接觸了一些在台陸生，而且身邊也有一些大陸朋友到台灣留學，因此對陸生健保問題特別關注。 近年來，陸生健保問題一直是台灣當地的一個爭議性話題。 根據台灣目前實施的健保制度，當地民眾加入健保後，到醫療院所看病的費用就比較便宜。而在台灣讀書的外籍生和港澳生在台讀書超過4個月後也可參加健保，但來自中國大陸的陸生卻不在其列。 法案遲遲未獲通過 2012年10月，台灣執政國民黨政府修法，允許在台的數千名陸生參加健保，但是有關法案在反對黨的反對下一直未能獲得台灣立法院通過，而最近有關議案又因為在野黨的反對而再次遭到擱置。至於反對的理由是台灣健保部分費由政府補貼，陸生加入健保，會增加政府的財政負擔。 對此，王秋實表示，中國大陸於2013年將台港澳地區在大陸就讀學生全部納入城鎮居民醫療保險，從醫保資格到醫保補貼與大陸學生一視同仁，享受國民待遇，其中政府提供的財政補貼最少亦有六成，高者達到七成五乃至八成。因此，在對等的原則下，陸生也應該在台灣享有健保資格。 （撰文：李文/責編：路西）
https://www.bbc.com/news/uk-politics-49078864,New UK prime minister: Johnson and Hunt await Conservative leadership vote,"The outcome of the ballot of about 160,000 Conservative Party members will be revealed shortly. The victor will officially become UK prime minister on Wednesday. Mr Johnson, former mayor of London, is seen as the clear favourite, although a number of senior figures have said they will not serve under him. Education Minister Anne Milton tweeted her resignation just half an hour before the leadership result was due to be revealed. Explaining her decision, she said: ""I believe strongly that Parliament should continue to play a central role in approving a deal and that we must leave the EU in a responsible manner."" Mr Johnson has said the UK must leave the EU with or without a deal on by 31 October. Mrs May, who is standing down after a revolt by Conservative MPs over her Brexit policy, has chaired her last cabinet meeting. She will officially tender her resignation to the Queen on Wednesday afternoon after taking part in her final Prime Minister's Questions. Her successor will take office shortly afterwards, following an audience at Buckingham Palace. Conservative members have been voting by post for the past two-and-a-half weeks. It is the first time they will have selected a serving prime minister. Since he made the final two candidates last month, Mr Johnson - who led the Leave campaign in the 2016 Brexit referendum - has been regarded as the frontrunner. Conservative MP Sir Michael Fallon told the BBC's Radio 4 Today programme Mr Johnson would ""improve"" the Brexit deal with the EU in a way that would satisfy Parliament. ""One of the great attractions of Boris taking over our party is that he is optimistic and ambitious,"" he added. Mr Johnson has previously said the withdrawal agreement Mrs May negotiated with the EU is ""dead"". What is happening today? The month-long leadership campaign has been dominated by arguments over Brexit. Mr Hunt, the foreign secretary, has said he is better placed to secure a negotiated exit and would be prepared to ask for more time beyond the Halloween deadline to finalise it. Mr Johnson has said he is determined to take the UK out of the EU on 31 October, if necessary without a deal, and all ministers who serve in his cabinet must ""reconcile"" themselves to this. The BBC's political correspondent Nick Eardley said the incoming prime minister would inherit a ""daunting in-tray"". The EU has repeatedly insisted the withdrawal agreement is not up for renegotiation. Many MPs, including some Conservatives, have also said they will do all they can to stop no deal if the next PM tries to take that route. In a no-deal scenario, the UK would immediately leave the EU with no agreement about the ""divorce"" process, and would, overnight, leave the single market and customs union - arrangements designed to facilitate trade. 'An extraordinary triumph?' The embedded expectation in Westminster is that the name will be Boris Johnson - unless the Tory party has been collectively deceiving itself in the past few weeks. If it proves so, the triumph will be extraordinary. Not because of a journey Mr Johnson has been on in the last few weeks - the controversial former foreign secretary and London mayor started out as the frontrunner. But because again and again, over many years, his own political accidents and behaviour would have ruled other politicians out. Mr Johnson's supporters would say he has found himself in some serious scrapes. His detractors would say he has blundered his way through a high-profile career causing offence and putting his own interests ahead of the country's. It wasn't so long ago that the same received wisdom in Westminster that said he could never make it, said that he had blown too many chances - his long held public ambition would never be achieved. But it is likely his status as Brexit's cheerleader-in-chief will see him into the job he has craved. Read more analysis from Laura here. Chancellor Philip Hammond, Justice Secretary David Gauke and International Development Secretary Rory Stewart have all said they cannot support this and will resign if Mr Johnson is elected. Mr Gauke said he had held a ""very friendly"" meeting with Mr Johnson on Monday, in which he told him they had ""very different views on the consequences of a no-deal Brexit"". But speaking on the Today programme on Tuesday, Mr Gauke said he wanted Mr Johnson to succeed - should he become PM - and he would not vote against the Conservative Party in any confidence motion. Beyond those resignations, there are likely to be wholesale changes in cabinet if Mr Johnson wins. Such a reshuffle will only begin if and when he enters Downing Street on Wednesday. Sir Alan Duncan, who quit his Foreign Office role on Monday, had called for MPs to have a vote before this on whether they actually back Mr Johnson forming a government. He said it would show whether Mr Johnson, who like his predecessor will depend on the votes of the Democratic Unionists to form a majority, has ""the numbers to govern"". However, his request was turned down by Commons Speaker John Bercow."
https://www.bbc.com/zhongwen/trad/world-55800942,南海角逐：水下無人載具頻繁出沒為潛艇戰搜集信息,"2018年中國媒體報道中國在印度洋部署""海翼""水下滑翔機考察地球環境 明面上，美國海軍通過經常性的「航行自由活動」等方式展示軍事存在、試圖遏制中國在南海增強的影響力；中國在南海島嶼進行規模浩大的填海擴建工程、在擴建島嶼上修建飛機跑道等一直引人關注。 但與此同時，南海也成為無人潛航器收集未來水下作戰信息的場所。 2020年12月底，印度尼西亞漁民在南蘇拉威西省附近海域發現了中國的無人水下載具（UUV）。事發地點位於南海周邊敏感地區，引發多方對中國在南海水下探測及其軍事含義的猜測。 最近，英國智庫皇家聯合三軍研究所（RUSI）發表文章說，中國的水下潛航器進入其他國家領海探測卻沒有受到挑戰。文章說，表面被塗成黃色顯示民用的潛航器收集的數據可供軍民兩用，幫助潛艇作戰。 中國媒體之前也有報道指美國海軍大量使用無人潛航器在南海收集水下信息並執行偵察任務。報道說，軍用無人潛航器正作為一種新型水下作戰力量發揮越來越大的作用。 中國潛航器 2018年中國媒體報道中國在印度洋部署""海翼""水下滑翔機考察地球環境 英國皇家聯合三軍研究所網站1月15日刊登文章說，去年12月20日，印尼漁民在南蘇拉威西附近薩拉亞爾群島附近發現發現水下無人載具，那裏位於戰略地位重要的望加錫海峽以東。 在印尼海域被發現的潛航器是中國一種被稱作「海翼」的水下無人載具，相當於西方的Slocum G3潛航器。這是一種靠「浮力驅動」、而非一般艦船推進的水下滑翔裝置。 這種潛航器利用油囊上下浮動，利用向前的動能，在水中滑翔，能夠維持很長的續航時間。但這種潛航器電池壽命結束的時候就會沉沒，或被沖上海灘。 文章還列舉了以前多次在南海發現中國無人潛航器的先例。2016年11月16日，越南在靠近西沙群島的廣義發現中國的水下無人載具。 2019年2月12日，印尼在邦加島北端、3月23日在馬六甲海峽東南的廖內群島發現了中國的無人水下載具。潛航器上有「海翼」的字樣，表明那是中科院瀋陽自動化研究所製造「海翼」水下滑翔機。 2020年1月22日，望加錫海峽東面馬薩倫布群島附近又發現了一個中國的水下潛航器。 扼守南海的海峽 2019年中國國慶閲兵中展示的深海無人潛航器HSU001 文章作者薩頓（H I Sutton）認為，在南海南部的重要水道望加錫海峽附近發現兩個中國的潛航器，令中國在印尼附近水域收集戰略數據的說法更有說服力。 他說，中國有龐大的海洋調查船隊，這些海洋調查船的考察範圍遍及全球，包括美國海岸以東、南極等許多地方。 文章根據全球船舶追蹤情報網的數據說，在過去兩年中，中國的調查船多次經過馬六甲海峽、巽他海峽和龍目海峽等戰略水道進入印度洋考察。 薩頓認為，中國的這些無人潛航器都不大，加上自主運行程度高，中國幾乎可以利用任何艦船部署這些無人潛航器。他引用分析推測，2019年12月中國的向陽紅06號考察船在印度洋部署了「海翼」潛航器。 薩頓認為，多個中國的「海翼」潛航器被發現，說明未被發現的數量更多，或許多被發現、並沒有被報道。 一種解釋認為，中國的潛航器被多次發現，可能因為他們的質量可靠性比較差。但是薩頓認為事實並非如此，在他看來，中國的潛航器在發展水平上不亞於西方。 2017年時，《南華早報》的報道曾說中國在南海加速部署無人潛航器，目的是「能夠幫助尋找跟蹤外國潛艇的位置」。 2020年，美國國務卿蓬佩奧聲明指北京宣稱擁有南海大部分的近海資源完全非法、並譴責中國在南海恃強凌弱對時候，中國的軍事評論員王雲飛在評論中談到，南海南部的馬六甲海峽、望加錫海峽、龍目海峽和巽他海峽的戰略重要性。 王雲飛說，這些海峽在南海軍事衝突爆發的時候都是海軍艦艇進出南海的必經之路，也是大國海軍封鎖、爭奪的地方。 「未來的水下戰場」 報道說中國漁民捕撈到外國的水下潛航器可以得到政府獎勵 十多年來，中國媒體多次報道中國漁民在南海發現不明水下航行器的消息。2010年，海南的漁船在捕魚時撈到一枚「奇怪魚雷」，後經鑒定是一個線控水下機器人。 新華社2015年報道過中國漁民在三亞市海灘打撈到一個有水下照相和光纖傳輸、衛星通信等功能的無人潛航器。 《中國青年報》報道，2016年12月15日中國海軍在南海發現了一個來路不明的無人潛航器，後經驗證，這是美國的無人潛航器。5天後中國向美國海軍移交。 2017年中國媒體報道說，美國海軍把能夠長時間航行的無人潛航器投放到南海搜集諸如鹽度、溫度、流向流速、深度、底質、海底地形等信息。報道說，外國收集這些對未來水下作戰海域的海洋環境信息對中國國家安全構成威脅。 去年1月，江蘇漁民捕撈到「外國水下間諜裝置」成為中國媒體報道的標題。報道說撈起多個外國水下間諜裝置的漁民獲得國家獎勵。當時BBC記者阿莫斯（Owen Amos）說，獲獎潛航器的中國漁民數量很多，有人獲得高達50萬元人民幣的獎金，數目很大，是中國人均收入的17倍。 倫敦國際戰略問題研究所的亞太安全專家亞歷山大•內爾（Alexander Neill）在BBC的報道中表示，江蘇沿海是競爭激烈的海域，那些被捕撈到的裝置可能來自「美國海軍、日本海上自衛隊，也可能來自台灣」。 阿莫斯說，2009 年美國海軍開始資助「自主水下載具」的研究。美國海軍利用這種水下載具跟蹤潛在敵方的潛艇，尋找並處理水下炸彈，部署偵查設備，監聽監視「海底設施」。"
https://www.bbc.com/zhongwen/trad/china/2014/02/140224_ana_lien_kmt,分析：連勝文參選台北市長為何引爭議？,"有分析人士說連勝文未來在選舉中，最大的敵人可能是來自於國民黨內部。 自從台灣政府宣佈2014年年底舉行包括台北市長在內的七合一選舉之後，許多分析人士就篤定的認為連勝文必定會參選台北市長。 連勝文算是國民黨的中生代、以前從來沒有經歷過選戰的洗禮，不過在多次的大小選舉中，也可以看到連勝文演講助選的身影，所以可謂「沒經驗、但是有歷練」，不能說他對選舉陌生。 資產和包袱 在團隊和幕僚人才方面，連勝文承接了其父連戰的班底，也不成問題；由於身為連家的一員，連勝文在商界和政界也有相當好的關係與聯繫。 只不過，連勝文參選的包袱也是因為他是連家的人，民進黨為首的綠營批評他參選是「官二代」、「富二代」、「與中國關係密切」不足以為奇。 反倒是國民黨內有部分人士對連勝文的參選似乎意見和看法還大過於綠營，連戰和目前馬英九為主席的國民黨中央疏離、曾任國民黨中常委的連勝文炮轟黨中央等等都可以看得出來連勝文本人和國民黨中央的關係如何。 連勝文宣佈參選時，到場表示支持的是因為「關說案」與馬英九「發生政爭」的立法院長王金平、最近才說選舉失利「黨主席應該下台負責」的台北市長郝龍斌。 和國民黨中央關係疏離，國民黨對連勝文參選可能也是感覺很複雜，批評連勝文多了怕本來選民結構藍大於綠、有利國民黨的台北市「淪陷」到綠營手中。 但是，國民黨對連勝文出馬競選，多少有些不高興，私底下表示不滿、通過電視新聞等爆料手段，指責連勝文。 反擊和回應 對綠營的指責，連勝文也有他自己的說法稱「如果要換爸爸才能選，我做不到」，連勝文最近也降低了炮轟黨中央的音量，在財富部分，則是推出了前美國紐約市長「彭博（布隆伯格）模式」，亦即當選的話，市長薪資會捐出來。 不過這樣做，外界仍然以富人和權貴來看他，是否公允？見仁見智，不過先前有報道說，連勝文在宣佈前已經處理了名下的生意，可見他自己也知道財富會在選舉上造成多大的議題。 連勝文在其先人發跡、國民黨在台北市的艱苦戰區--大同區宣佈參選，說是「在哪裏摔倒、就在哪裏站起來」，可見其事先的計劃安排的細膩，多少也說明了他的決心。 不過連勝文也許會發現，所謂國民黨中生代競選是辛苦的，除了前面所說的財、富、權、貴之外，就是這次有意投入各地七合一選舉的國民黨黨員當中還是以老面孔居多，一位國民黨黨員告訴我「誰能有像連勝文一樣的參選條件呢？」。 （責編：尚清） 網友如果想要發表意見，請用以下表格： 讀者反饋 上次那個美國媒體罵台灣媒體腦殘的? 其實那真的不重要，因為台灣人並未腦殘。媒體跟賣膏藥的有不同嗎? 美國的媒體還一賣半世紀，掌控全球觀點，所以媒體腦殘很正常。你們怕的應該是不腦殘的閱聽眾如台灣人吧? 連勝文聲勢很大，台灣媒體都嘛腦殘拿錢寫連家的廣告式新聞，但請注意上面所寫的馬郝16年失落無效的執政及「台北中國城」市民奇怪的投票行為，那會比較正確的預測到結果。 提醒中國，看看烏克蘭及香港的狀況，記取教訓，手別伸太遠。雖然安倍讓你頭痛，但他最終居然要開放博奕來解決問題，連台灣人都嘆氣。日本大和民族ㄟ! 唉唉唉! 陳素芬, Taiwan 台北市的問題還不只圓圜西區，連家身邊政商集團雲集為的是都更商機，只是台北土土地建物承載量過大，專家學者都要求人口移出土地綠化，避免地震颱風天災釀成人命財產重大損傷，但16年下來，國民黨屈從金權炒地皮者沒有任何作為。 更何況二座老舊核電廠就在呎尺內，而核四是蓋了20年的危險核子炸彈，國民黨根本沒有從日本311身上學到任何教訓。 台北有一個奇怪的名字叫「台北中國城」，但很多人忘了，台北人也是第一個把市長換成綠色阿扁的城市。 16年過去了，馬政府戶政系統的出大包，讓很多人想起阿扁改革戶政系統人員晚娘臉的事件，也許真的該放他出來了。 如果國民黨會消失不見，一定從「台北中國城」開始，而台北市民樂見。 陳素芬, Taiwan 外人看台北選戰永遠不如台北市民來的準。官二代富三代都不是問題，問題在於國民黨的文化-----官商勾結，而連家政商二棲犯大忌。 馬英久上台後更突顯一個國民黨文化下非常嚴重的問題，就是權貴精英的決策與執行力的斷層，他們演講說理論的能力很強，但執行監督力極差，政府效能一路滑落，終至失去人民的信任。 連勝文也是在這種國民黨文化長大的，至今也仍延續馬金競選台北市長及總統的方式，就是競選支票開的很大，政策白皮書由專人操刀寫的極其漂亮，但又如何?市民都知道他作不到。 他作不到的原因就是他的人生至今全部都在帝寶幫渡過中，西區圓圜跟他無關，這也是馬郝16年無法軸線翻轉的理由，因為他們三人都不知道為何西區會沒落?該如何重起? 陳素芬, Taiwan 一個資訊自由、新聞自由與言論自由的民主社會，任何人走出來從政，參選這參選那，都必然面對民眾及對手的評頭品足、說長論短。連勝文參選台北市長引起各方爭議自是正常，就讓民眾在擾嚷過程中了解比較，最後誰可以登上台北市長的寶座，就交由台北市的民眾投票表決好了。這種公平開放的民主選舉制度，彼岸的政權不是不懂，而是【不願懂】、【裝不懂】。 孟光, Hong Kong 紐約蓬博是經商有成歷練不凡勝文老弟比起你能力強的黨內前輩不止千萬人 要以捐錢比政見勝文老弟可開出必瀛支票市政預算每年捐千億天龍國國民每個月$10000.00/人全台灣人都會搬住台北市變成名符其實天龍國國民! 你可當一世市長,無人敢挑戰,祝賀連氏王朝. ping hsu, 美國波士頓"
https://www.bbc.com/news/world-51007961,Soleimani attack: What does international law say?,"By Reality Check teamBBC News The US said: ""This strike was aimed at deterring future Iranian attack plans."" So, what are the key issues when considering its legality, according to international law? What does the law say? The relevant law in the UN Charter allows for a state to act in self-defence ""if an armed attack occurs"". But this definition tends to be interpreted by governments, say legal experts. ""In the Soleimani case, the US is claiming it acted in self-defence to prevent imminent attacks, a category of action which, if in fact true, is generally seen as being permissible under the UN Charter,"" says Dapo Akande, professor of public international law at Oxford University and co-director of the Oxford Institute for Ethics, Law and Armed Conflict (ELAC). But Agnes Callamard, UN special rapporteur on extra-judicial killings. has tweeted about the strike saying ""this test is unlikely to be met"". A 2010 UN report on ""targeted killings"" said there was a weighty body of scholarship that viewed the self-defence argument as having the right to use force ""against a real and imminent threat when the necessity of that self-defence is instant, overwhelming, and leaving no choice of means, and no moment of deliberation."" The initial US Department of Defense statement omitted the word ""imminent"" and said the strike was aimed at deterring future Iranian attacks and that Iran's top military leader Soleimani was ""actively developing plans to attack American diplomats and service members in Iraq and throughout the region"". In later statements, US officials including President Trump said Soleimani had been plotting ""imminent attacks"". Elizabeth Warren, a Democratic Party candidate for the US presidency, said: ""The administration cannot keep its story straight."" So what evidence is there of planned attacks by Iran? The legality of the strike under international law may well depend on the US providing evidence of those future attacks, according to Mr Akande. The US government has not yet shared details publicly, but the administration has said intelligence has been shared with key figures in the US Congress. Asked by a journalist on 7 January for more details about imminent threats, US Secretary of State Mike Pompeo noted the incidents leading up to the strike, but did not provide any evidence of impending attacks. There are other justifications it has used in the past, according to Dr Ralph Wilde, an expert in public international law at University College London. ""Since 9/11 the US has taken a view that self-defence can be justified to prevent more longer-term attacks. When the attack is being planned, but is not imminent. The Obama administration used this argument to justify drone strikes."" And what about the issue of consent? The other issue is whether the US had consent from Iraq to carry out the strike there. Iraqi MPs reacted angrily and passed a non-binding resolution calling for US troops to leave the country. The Iraqi government has called it a ""brazen violation of Iraq's sovereignty"". US forces had been invited into Iraq to fight the Islamic State group and to train Iraqi forces. The US might argue this invitation constituted some form of consent, giving them a right to protect their interests and personnel inside Iraq. But Mr Akande argues that, in practice, the terms of the agreement to host US forces would not stretch to carrying out an attack like this. Can you target cultural sites? On Sunday, Mr Trump tweeted, warning the US would target sites that were ""important to Iran and the Iranian culture"" if American assets were hit. The Iran Foreign Minister, Javad Zarif said an attack on a cultural site would amount to a war crime. Trump's threat ""shows callous disregard for the global rule of law"", said Andrea Prasow of Human Rights Watch. The US government insisted it would behave lawfully. But an attack on a cultural site would violate several international treaties. The 1954 Hague Convention for the Protection of Cultural Property safeguarded cultural sites in the wake of the destruction of cultural heritage sites during World War Two, and was signed by the US. In 2017, the UN passed a resolution in response to the Islamic State attacks which condemned ""the unlawful destruction of cultural heritage, including the destruction of religious sites and artefacts"". The US was among the harshest critics of the IS destruction of historic site of Palmyra in Syria in 2015, as well as the Taliban's demolition of the Bamiyan Buddhas in Afghanistan in 2001. In 2016, the International Criminal Court (ICC) convicted someone for the destruction of cultural heritage for the first time, after an extremist linked to Al-Qaeda destroyed religious artefacts in Mali. The US is not part of the ICC but it is a signatory of other agreements to protect cultural property and any attack would represent a significant reversal. Read more from Reality Check Send us your questions Follow us on Twitter"
https://www.bbc.com/news/uk-england-35535494,More cash for East's rural councils after government U-turn,"Deborah McGurranPolitical editor, East of England When this year's local government spending settlement was first announced back in December there was an outcry. Many of our Conservative authorities joined the voices who complained that the funding formula favoured urban areas. They said it hadn't really taken into account the extra pressures on rural areas, not least because many of them have a higher than average number of elderly people to care for. Now the government says it's listening. It's tweaked the formula and found some transitional funding which means most of our councils will get a little more money. Councils are transitioning to standing on their own two feet, losing Whitehall grants and retaining their own business rate growth by 2020, which is the biggest change in council funding for decades. While beginning their journey along that road, councils are still facing challenging times. Essex County Council complained bitterly at the time of the original settlement just before Christmas; Cambridgeshire called it ""deeply disappointing""; Hertfordshire spoke of having to make unpalatable decisions. They have all now gained some more funding. Winners and losers Hertfordshire has the largest award in the region at £15.5m over the next two years, while Essex gets £14m. Norfolk receives an extra £7.7m, Suffolk just under £6.5m, Cambridgeshire £6.4m, Central Bedfordshire £4.4m and Northamptonshire £3.4m. The small district and borough councils get a little bit extra as well. The exceptions are Peterborough, Luton and Milton Keynes, which are classed as urban and the government thinks that their settlement is fair. In reality, this money is a drop in the ocean and is only for the next two years, when councils are facing a massive long-term squeeze. Norfolk council has to make savings of £100m over the next three years, so an extra £7.7m won't help a great deal. Northamptonshire County Council is looking at making savings of £84m and Kettering MP, Philip Hollobone, thinks it might struggle to balance the books. Labour says it welcomes the money but there is a crisis in local government funding. In the longer term, councils will have to find different income streams as well as continuing to manage savings but for the moment some recognition for rural areas is better than nothing."
https://www.bbc.com/news/business-41969921,Chemicals giant Ineos buys Swiss football team,"By Bill WilsonBusiness reporter, BBC News The sale of FC Lausanne-Sport to Ineos was confirmed at a media conference on Monday afternoon. It has won the league seven times, the last in 1965, and the cup nine times. Ineos snapped up motorcycle wear firm Belstaff last month after it was put up for sale by JAB Holdings. Historic club The football purchase was announced at Ineos's offices in Rolle, Switzerland. Club president Alain Joseph has been seeking a buyer for several months. David Thompson, chief executive of Ineos Football SA, said: ""Ineos is excited about taking this major step into top-class football as part of our wider commitment to encourage youth sport in Lausanne and Canton Vaud. ""We hope and expect that this new investment in the team will take Football Club Lausanne-Sport forward to further success, and we see no reason why this could not mean playing in Europe."" The club last played in European football in the 2010-11 Europa League. Founded in 1896, Lausanne-Sport plays at the Stade Olympique de la Pontaise - a 15,700 seat stadium that was used for the 1954 World Cup. In recent years it has had a topsy-turvy existence, with a number of relegations and promotions, and currently plays in the top-tier Swiss Super League. The team is currently sixth in the Swiss Super League, and Ineos has given its ""full backing"" to manager Fabio Celestini and his coaching staff. Alain Joseph said Ineos had the ambition and drive to take the club to the next sporting level. Ineos was founded by Mr Ratcliffe nearly 20 years ago, and employs about 17,000 people worldwide. In 2010 Ineos Capital - the firm's parent company - moved its headquarters and tax residence from the UK to Lausanne, but moved back to London again last year. in 2010-11 season Ineos also became a sponsor of Lausanne ice hockey club."
https://www.bbc.com/zhongwen/trad/china/2014/02/140222_zhou_yongkang_more_arrests,順藤摸瓜動作加速 周永康「橋頭堡」接連被破,"周永康的親信以及多位政治盟友接連被打掉，預示著圍繞周永康的網正在收緊。 據信，沈定成是在春節前夕受到控制的。沈定成的春節沒能夠在家中度過。 中油國際網站上的領導名單中，沈定成職務目前依然為黨委書記、副總裁。 「周永康四前秘」悉數落馬 沈定成的履歷與已經接受審查的中石油天然氣集團公司原副總經理李華林、四川省文聯原主席郭永祥、海南省原副省長冀文林有相同之處，即都在不同時期擔任過周永康的秘書。 沈定成的履歷顯示，他在1992年至1997年間擔任中石油天然氣總公司辦公廳副處級秘書。在此期間沈定成接了李華林的班，擔任了當時中石油領導周永康的專職秘書。 1998年，周永康調任國土資源部前，沈定成被安排到聯合石油公司擔任副總裁。此後，冀文林接替沈定成成為周永康達十年的專職秘書。 周永康前秘書相繼被審查，周永康的外圍似在層層被突破。 梁克被免職收審 於此同時，2月21日的北京市十四屆人大常委會第九次會議上，42歲的北京國家安全局局長梁克被突然宣佈免職。 梁克自2008年4月起任職北京國家安全局局長，同時擔任中共北京市委政法委副書記。 此前，梁克未出現在公眾視野已有數周。 中國官方沒有公布梁克遭免職的原因，只宣佈梁克的職務由原北京市公安局副局長李東接任。 《紐約時報》今天（22日）報道說，梁克實際上已在上個月因涉嫌腐敗被中共中紀委收審。 《紐約時報》引述消息來源稱，梁克落馬是中共清肅周永康在國安系統親信的最新動作。 劉漢因在四川和北京的政界影響力極大，被人稱為「第二組織部長」。 官商勾結 有跡象顯示，隨著今年人大政協兩會的臨近，中共政界的肅貪力度加強，其中也揭示出官商勾結的暗流。 星期四（2月20日），湖北鹹寧市檢察院發出通報，對四川富豪劉漢等36人提出公訴，罪名包括涉嫌組織、領導、參加黑社會性質組織以及故意殺人、故意傷害等21項。 中國官媒《人民日報》次日發表文章，將矛頭對凖「劉漢背後「保護傘」，稱必須將進一步公之於眾」。 文章說，劉漢集團之所以能坐大成勢，除了涉黑犯罪集團自身的窮兇極惡外，一個很重要的原因就是當地一些黨政和司法機關人員充當「保護傘」。 有分析人士認為，在原中共政治局常委、安全主管周永康的許多親密助手紛紛落馬之後，劉漢案件進一步增強了有關周永康可能將遭到查辦的猜測。 據中國媒體透露，劉漢在2001年遇到「貴人」。外界猜測， 這位「貴人」就是時任中共四川省委書記的周永康。周永康曾在1999年至2002年間擔任中共四川省委書記，。 就在劉漢遭到拘捕接受調查期間，四川多名高官由於「涉嫌嚴重違紀違法」遭撤職查辦，其中包括中共四川省委副書記李春城和四川省政協主席李崇禧。 中國財新網隨後報道，劉漢是周永康之子周濱在四川的生意伙伴，並且有投資往來。報道說劉漢曾高價從周濱手中收購旅遊資產，周濱亦曾幫助劉漢代持電力公司股權。 劍指周永康？ 中共18大後，中國領導人習近平展開的大規模反腐運動中，許多動作被認為「劍指周永康」。 路透社去年12月報道說，周永康實際上已處於軟禁狀態。 但由於中共內部政治的隱秘和不透明，包括BBC中文網在內的眾多媒體難以核實有關「周永康被調查或被軟禁」的種種報道和傳聞。 在沈定成被報「失去聯繫」後，《中國經營報》報道說：「沈定成的履歷與已經接受組織審查的中石油原副總經理李華林、四川省文聯原主席郭永祥、海南省原副省長冀文林有相同之處，即均擔任過某卸任高層不同時期的秘書。」 這表明，中國媒體指向周永康也越來越直白，似乎只差「捅破這層窗戶紙」。 一年時間內，周永康在四川、石油和政法系統的親信人馬紛紛因「嚴重違紀」而下台受調查。這些落馬高級官員除了前四川省高官李春城、郭永祥和李崇禧外，還有石油系統的高官蔣潔敏、王永春、李華林等人以及政法系統高官李東生、吳永文等。 周永康的親信以及多位政治盟友接連被打掉，預示著圍繞周永康的網正在收緊。 現在還不清楚，中共當局是否能下決心公開起訴審判周永康。 周永康在中共18大前是中國最高領導層——中共政治局常委中最有權力的人物之一。 如果審判周永康，不但將是文革結束後審判「四人幫」以來最重大的清肅，也可能對現政權帶來不可預料的政治地震。 （責編：李莉） 讀者反饋 周永康的所作所為，無論是國內國外的華人都有所耳聞。政法系統這幾年是如何破壞司法獨立，擾亂正常的司法秩序的，大家有目共睹。將其繩之以法，我想是意見能夠得到許多人支持的事情。然而我所擔心的是，周永康最後判刑，不會因為他的濫用公權，不會因為他的擾亂司法秩序，不會因為他製造冤假錯案，不會因為他監聽國家領導，而僅僅因為他「貪污腐敗」。這樣的審判，就像審判薄熙來一樣，緊急時將其正式「拿下」演的一場戲而已，甚至會變成桃色劇，庸俗至極，根本無法觸及他們濫用私行、刑訊逼供、破壞司法。如此一來，我不禁是要擔心，拿下了周永康，習近平會不會放上他的李永康，王永康？拿下了薄熙來，習近平是不是另一個習熙來？ 張躍, 中國5千年歷史一直是皇帝家天下統治中國,一個朝代推翻另一個,都是皇帝家天下輪流傳,直到工業革命,8國聯軍打到北京,中國人民才醒悟,皇帝家天下再繼續下去,中國要亡國,國民黨人仕和共產黨人仕,都為了救中國,國民黨北伐,抵抗曰冠,共產黨 ,武昌起兵,萬里長征都犧牲許多中國精英,不管誰是誰非,中國歷史是向前進步的,我們目標要建立法制社會,法律制度要公正,中立,獨立,全社會各黨各派要有共識,健全的法院執行者,不受任何黨派,不受金錢引誘,才能阻止非法暴力,非法貪污,腐敗,才能以法保護人權,保護私人財產,保護水土乾淨,空氣清新,中國歷史以人治天下,要建立法制社會需要幾代人的努力,希望從我們這一代開始吧! 王統華, PO BOX 727,San Gabriel ,Ca 91778-0727 USA 集權國家常會發生的事件趙建偉, 中國秦皇島開發區 嘗任中共中央政治局常委、中共中央政法委員會書記的周永康，其系統的一眾人馬先後被習近平祭出反腐打貪的大旗下逐一中箭落馬，換上習的系統，看來周永康的命運已危在旦夕矣。然而不可忽略的是，曾職掌中央政法委書記的周永康，手上怎會沒有當前中央政治局常委一眾的黑材料？習近平打擊黨內異己那種斬草除根的狠勁，一旦動作過了頭，看在前領導江澤民、溫家寶與胡錦濤的眼裏，踰越了他們容忍接受的底線，威脅到他們的安危與既得利益，在一眾新舊領導皆無一清白、個個黑材料纏身的形勢下，社會若出現難以控制的危機，將觸發一場驚天地泣鬼神的超級大風暴，全國的秩序已非中共所能操控，中國的命運，將會繫於全國人民的向背與選擇了。 孟光, Hong Kong 審判江澤民家族派系，抓捕上海幫裙帶腐敗勢力，老虎上海重點，江系禍國殃民，江棉恆出任上海科技大學校長說明清蒸蛤蟆的時候到了！！ 未署名"
https://www.bbc.com/zhongwen/trad/world-55444640,英國脫歐： BBC整理歐盟各國領導人回應,「這是一條漫長而曲折的道路。但我們仍有很多事要做；這是個公平也是平衡的協議，對雙方來說也是正確和負責任的協議。」 「離別是如此甜蜜的悲傷」（Parting is such sweet sorrow ）；對所有歐洲人來說，我想是時候讓「脫歐」過去了。我們的未來在歐洲實現。」 歐盟委員會主席馮德萊恩 （Ursula von der Leyen） 歐盟首席談判代表巴尼爾（Michel Barnier） 「時鐘不再滴答滴答。」 「今天是能放心的一天，但是當我們比較過去和未來將發生的事情時，是有點傷心。」 德國總理默克爾：英國將繼續成為德國和歐盟之外歐盟的重要合作伙伴。 德國總理默克爾（Angela Merkel） 「德國聯邦政府將仔細檢查該協議的案文。但我們並非從零開始；在整個談判過程中，歐盟都將成員國緊密地包括在內。」 「因此，我們將能迅速判斷德國是否可以支持今天的協議。我非常樂觀，將取得良好的結果」；「通過這協議，我們為我們關係的新篇章奠定了基礎。英國將繼續成為德國和歐盟之外歐盟的重要合作伙伴。」 愛爾蘭總理馬丁（Micheál Martin） 「對於愛爾蘭來說，沒有「較好的脫歐」這種事情」 ；「不過我們一直在努力減少負面影響。」 「鑒於目前情況，我認為今天達成的協議，已經是脫歐盡可能最好的版本了。」 愛爾蘭總理邁克爾·馬丁（Micheál Martin） 法國總統馬克龍（Emmanuel Macron） 「歐洲的團結和實力得到了回報。」 「與英國達成的協議對於保護我們的公民，我們的漁民，我們的生產者至關重要。我們未來也將確保協議能落實。」 意大利總理朱塞佩·孔特 （Giuseppe Conte） 「好消息：歐盟和英國之間達成了協議。」 「歐洲企業和公民的利益和權利得到保證。英國將成為歐盟和意大利的主要合作伙伴和盟友。」 西班牙總理佩德羅·桑切斯（Pedro Sánchez） 「我們歡迎歐盟與英國之間達成的協議。祝賀巴尼爾與馮·德·萊恩及其團隊。」 「歐盟成員國和理事會將在接下來的幾天內審議其協議」；「西班牙和英國將繼續對話，在直布羅陀達成協議。」 奧地利總理塞巴斯蒂安·庫爾茨（Sebastian Kurz） 「我歡迎談判者就歐盟與英國的未來關係達成協議。」 葡萄牙總理安東尼奧·科斯塔（António Costa） 「我們衷心歡迎英國與與歐盟，將在明年1月1日達成的協議。」 「除了我們的鄰居和盟國之外，英國將繼續是重要的伙伴。」 荷蘭總理馬克·呂特（Mark Rutte） 「令人難忘的消息是，經過艱苦的談判，達成了關於建立新的歐盟-英國伙伴關係的協議。」 「這對我們所有人都至關重要。我們現在將仔細研究它。」 荷蘭總理呂特（左） 比利時總理亞歷山大·德克魯（Alexander De Croo） 「我歡迎米歇爾·巴尼耶和烏爾蘇拉·馮·德·萊恩與英國達成協議。這奠基了英國脫歐後，保持與英國的牢固關係…最後，對我來說只有一件事是重要的：確保為比利時的經濟利益提供最好的保護。」 「我們必須保護我們的比利時公司免受與英國不公平競爭」；「初步報告似乎表明，這項協議將為我們提供這一至關重要的保證。」 羅馬尼亞總統克勞斯·約翰尼斯（Klaus Iohannis） 「羅馬尼亞歡迎歐盟-英國商定的未來關係伙伴關係。」 「這項協議將保護羅馬尼亞公司和公民的利益，這也是羅馬尼亞在這些談判中的主要目標。」 斯洛伐克總理伊戈爾·馬托維奇（Igor Matovič） 「很少有人相信，但是聖誕節可以創造奇蹟。」 「來自海峽兩岸的好消息。非常感謝米歇爾·巴尼耶和烏爾蘇拉·馮·德·萊恩」 「他們確保了歐盟和英國之間的未來關係上達成的協議。我們現在將充滿信心地研究該協議，以便面對從明年一月開始生效的協議。」 西班牙總理桑切斯（左）與法國總統馬克龍 瑞典總理斯特凡·洛芬（Stefan Löfven） 「很高興談判最終有了結果。歐盟和英國之間的協議是我們未來關係的重要基礎。」 克羅地亞總理安德烈·普倫科維奇（Andrej Plenković） 「我們歡迎在過渡時期結束前一周，歐盟與英國的未來，在深入談判之後達成協議。我們希望繼續與英國建立牢固的伙伴關係。」 芬蘭歐洲部長特普萊恩（Tytti Tuppurainen） 「經過長時間的談判，歐盟和英國就未來的伙伴關係達成了協議。恭喜。這是在最後一刻發生的，因為過渡期於今年年底結束。」 「協議是互惠互利的，已經考慮到對歐盟至關重要的問題，例如公平競爭。但是，仍需要損害控制，因為新的關係缺乏給單一市場利益。」 「這是英國的意願。」 歐盟議會脫歐首席代表伏斯達（Guy Verhofstadt） 「終於，為了所有人的利益，我們達成了歷史性且前所未有的協議。」 他說：「我希望未來歐盟與英國政治人物能夠建立這種伙伴關係，以重新獲得歐盟和英國應有的緊密關係」；「這將是英國重返歐洲大家庭的第一步。」
https://www.bbc.com/zhongwen/trad/chinese-news-53903462,美中台三角：馬英九抨擊蔡英文 美駐台官員首次踏足金門的政治信息,"台灣金門離島小島——獅嶼。島上插有中華民國青天白日旗，對面高樓大廈是福建廈門市。 日本《產經新聞》台北支局長矢板明夫向BBC中文表示，美方此舉是回應台灣前總統馬英九在這幾周以來陸續高調對於台海危機的發言，特別是馬英九稱台海現在若發生戰爭，美軍不可能來的言論。 同一天，美國總統特朗普在福斯電視網（FOX NEWS）專訪被問及，若中國以任何形式侵略台灣，美方是否會介入。特朗普回答稱，「這裏不是個合適的地方來談論這件事，但中國知道我會怎麼做，中國知道。我不想要我說我將會或將不會怎麼做，這裏就是不適合談這件事。」 美國駐台官員首訪金門 美國在台協會在臉書發文稱，處長酈英傑飛抵了金門，與台灣總統蔡英文悼念1958年在炮戰中殉職的兩位美軍。該協會又稱，2020年8月是美台「安全合作月」（Security Cooperation Month) ，並表示「美台安全合作的歷史可以追溯到好幾十年前，也一直是我們伙伴關係中極為重要的一環。」 台灣國防研究者吳怡農告訴BBC中文，「八二三」的前前後後，金門長期遭受的炮火轟炸，象徵台灣韌性，也象徵台美的合作。 香港浸會大學政治系及國際關係教授高敬文（Jean-Pierre Cabestan）告訴BBC中文，美國在台協會高層此時拜訪金門是表達美方對台灣的支持，以及「更重要的是對於台海『現狀』（status quo）的維繫表達支援」。 高敬文解釋，值得注意的是，1958年炮戰發生時，美國當時並未直接支援金門及馬祖，僅提供運輸協助，因為當年金馬列島，並未包含在台美簽訂的共同防禦條約中。高敬文認為，如今美國在台協會官員踏上金門，表示金門若受中國入侵，美國將會回應。 針對台美互動頻頻，中國官媒小報《環球時報》8月14日在社評稱：「中國人已經普遍不再相信一旦台海爆發戰事，美軍有能力主導戰場形勢了」，並號稱中國解放軍有能力「以小時計拿下台灣島」 ；23日環時社評又說，「中國大陸、美國和台灣三方都應為緩解台海局勢緊張做出努力。既然三方都不希望爆發戰爭，就應當為促進和平展現出各自的善意。」 台灣舉行儀式，悼念八二三炮戰。 「首戰即終戰」？：馬英九說了什麼 然而，外界分析，美方此刻高調踏入距離中國廈門市最近僅有2.3公里的金門，不僅是悼念殉職軍人，仍是回應台灣前總統馬英九最近一連串的談話，包含批評蔡英文「親美抗陸」以及美國現在不可能出兵的說法。 8月12日，美國衛生部長一行人剛抵達台未滿24小時，馬英九隨即在台北一場公開演講稱，若兩岸發生戰爭「首戰即終戰」，引起政壇軒然大波。 馬英九發言表示，「解放軍攻台是首戰即終戰，讓台灣沒有機會等美軍援助，而且現在美軍根本不可能來」。 8月22日，馬英九基金會舉辦「國家不安全研討會」，馬英九再次批評蔡英文不接受「九二共識」是「選擇錯誤的國家路線，輕率把國家推到戰爭邊緣」；「蔡英文寧可承受戰爭風險，也不願接受能促進和平、可以避戰的九二共識，還把它惡意扭曲為一國兩制？」 此外，九二共識一詞的創建者蘇起，在會議上說，蔡英文政府讓台灣民眾「誤認」美國會協助台灣，但實情是「美國心有餘而力不足」；蘇起說，一旦兩岸開打美國不可能翻轉戰況，因為美國航空母艦艦齡老化，維修落後。 蔡英文8月23日在臉書回應馬英九稱，「國際局勢瞬息萬變，在國家內部尋找敵人並沒有意義。我更要請馬前總統冷靜想想：為什麼您的想法，和主流民意有這麼遠的距離？和國際社會有這麼大的落差？」 2016年馬英九出席蔡英文就職典禮 高敬文認為，馬英九對蔡英文將台灣帶到戰爭邊緣的批評有失公允，也不符合實情：「比起前任總統陳水扁，蔡英文的兩岸政策更加穩定，美國能信賴她；台海的緊張關係，應源自於北京以及解放軍這些日子不斷舉行的演習以及挑釁台灣的舉動，」高敬文告訴BBC中文。 不過，中國官媒《新華社》，24日發文稱「中國從來沒有侵略擴張的基因，從未擴大自己的主權聲索，堅持在尊重歷史事實的基礎上，根據國際法，通過談判協商解決與鄰國的領土和海洋權益爭端。」 馬英九與蔡英文兩岸路線角力 針對馬英九連日發言，日本《產經新聞》矢板明夫告訴BBC中文，這是馬英九向蔡英文開啟攸關兩岸路線的攻防戰。 矢板明夫認為，馬英九以前「三軍統帥」的身份高調批評蔡英文的兩岸政策，又特別提到台灣軍方無法抵禦解放軍的言論，「嚴重影響台灣軍心，蔡英文政府勢必要全力回防。譬如蔡英文立即前往軍人公墓，代表台政府頒發褒揚令給台灣前行政院長—823炮戰中的主要將領郝柏村，為的是穩定軍心。」 這是福建向金門供水工程取水地——福建晉江龍湖。 矢板明夫又分析，馬英九在北戴河會議舉行期間，不斷批評台灣的「親美抗中」路線，又一再推銷「九二共識，一中各表」的主張，此舉意在重新成為北京在台灣的對話窗口，因為前高雄市長韓國瑜以及台北市長柯文哲都不再得到多數民意支持。 「不過，蔡英文重新找回在馬時代任職海基會副董事長的知名台商許勝雄代理海基會董事長，這也是向北京表示，台灣仍有對話空間，」矢板明夫強調。 馬英九辦公室回應批評稱，馬英九「反對中共不放棄武力攻台及對台軍演」，並強調蔡英文政府「除不求戰、不畏戰外，更應積極避戰，以保障民眾安全。」 印太地區軍事演習不斷 不管台灣兩任總統對於兩岸政策的歧異為何，過去兩個月以來，美中及台海兩岸之間的軍事演習此起彼落，甚至不斷升級。 美國在這幾個月派出包括航母等各型軍艦，在台灣海峽以及南海進航行，並與澳大利亞、日本等舉行聯合軍演。 7月21日，日本防衛省，海上自衛隊在推特發文稱，日美澳三國海軍在西太平洋以及南海地帶舉行聯合軍演。8月18日，日本航空自衛隊與美軍又開啟大規模聯合演習，在東海與日本南西諸島周邊空域出動F-15等39架軍機，進行空戰訓練。 回應美國，北京則通過接連舉行大規模演習。 ""遼寧號""船體由前蘇聯建造，是中國的第一艘航母 自2020年七月下旬以來，中國解放軍開始在東海、南海等四大海域，進行軍演；近一個月以來，公開曾進行至少八場演習和大型軍事訓練。 中國唐山海事局本周發出「冀航警0223」航行警告，宣佈自8月24日0時起至9月30日深夜12時止，在渤海海域執行超過一個月的實彈射擊活動，期間禁止船舶駛入。 新加坡《聯合早報》周一（8月24）日分析稱解放軍最近在黃海和南中國海舉行的演練，「帶有對台灣南北夾擊、形成合圍的意圖。」身處美中夾縫，吳怡農告訴BBC中文，台灣需要一個動員「全社會」的國防體系 （whole-of-society approach）——從社區做起。他又稱，台灣的民間力量絶對有這個潛力，不但有成為彼此後盾的決心，也願意支持必要的改革。」"
https://www.bbc.com/news/world-europe-12330051,US toughens sanctions over 'brutal' Belarus crackdown,"The EU reinstated a travel ban on President Alexander Lukashenko and froze his assets, and the US imposed stricter financial controls and widened its travel bans on senior officials. The foreign ministry threatened the EU with retaliation over the sanctions. Mr Lukashenko was re-elected in a disputed vote in December, and launched a crackdown on dissent afterwards. More than 600 people were detained, including seven of the election candidates, after protests against what international monitors said was a rigged vote. On Monday, the EU confirmed it had reinstated a travel ban on Mr Lukashenko, and widened the ban to include 157 of his associates. The EU had originally banned Belarusian leader in 2006 after the last presidential election, but suspended the ban two years later in an attempt to encourage reforms. The US state department later said it was toughening its sanctions ""to respond to the brutal crackdown by President Lukashenko"". Spokesman Philip Crowley said in a statement that the ""disproportionate use of force and initial detentions of hundreds of demonstrators... oblige the United States and others in the international community to act"". Reuters news agency reported that the US measures included revoking temporary authorisation for business deals with two subsidiaries of Belneftekhim, the country's largest state-owned petroleum and chemical conglomerate. In a statement released before the US announcement, Belarus's foreign ministry accused the EU of holding a ""biased and selective"" interpretation of December's election. ""We are calling on the EU to abandon the confrontation rhetoric and hasty attempts to destroy the constructive essence of our relations,"" said the statement. The statement threatened a ""proportional and appropriate"" response, but gave no further details. Mr Lukashenko, who has been in power in the ex-Soviet republic since 1994, is often referred to as Europe's last dictator."
https://www.bbc.com/news/uk-england-york-north-yorkshire-53067500,Police search for missing Aiskew woman Zoe Zaremba,"Zoe Zaremba, 25, from Aiskew in North Yorkshire, was last seen at her home at 23:00 BST on 13 June. The search for her has involved a police helicopter, dog units and mountain rescue teams. North Yorkshire Police said they were concerned for her safety and it was out of character for her to be out of touch with her family. Insp Sarah Sanderson said: ""It is very unusual for Zoe to go missing for such a long period of time. She has no means of contact, no communication methods, no money or transport."" Miss Zaremba was last seen by her mother, who she lives with, on Saturday and was reported as missing on Sunday. She said they really needed the public to play a role in trying to locate her by checking their doorbell cameras, CCTV and dash-cam footage and checking outbuildings and garden sheds. Miss Zaremba is described as around 5ft 6ins tall, of slim build with brown hair which she usually wears in a ponytail and brown eyes. She was last seen wearing a blue t-shirt, purple jogging bottoms, white and purple Lonsdale trainers and a silver heart shape necklace with an orange crystal. Follow BBC Yorkshire on Facebook, Twitter and Instagram. Send your story ideas to yorkslincs.news@bbc.co.uk or send video here."
https://www.bbc.com/news/world-us-canada-40199662,Comey hearing: US bars gear up for Congress show,"By Kevin PonniahBBC News Former FBI director James Comey's testimony before Congress about his interactions with President Donald Trump is hotly anticipated by many Americans, and some of them want to tune in with a drink in hand. ""So many people have been talking about it,"" bartender Kim tells the BBC. ""We've been getting so many calls and people have been asking to make reservations. [They're asking] 'Can I get a seat? 'Are you serving breakfast?' I was like, you guys, it's a Thursday morning, it's like any other Thursday morning here."" Still, she has some drink specials prepared for punters who will seat themselves around the horse-shoe bar, eyes glued to the television. There's the ""KGB"" (with Kahlua liqueur, ginger and brandy); the special ""Comey Coffee"" for those up earlier than usual, and of course the ""Impeachment"", with peach schnapps and mint liqueur. And Clooney's is no exception. Pubs from Washington to Houston to Virginia and New York are opening early for the event, and some are even offering ""Covfefe"" cocktails. Of course, the prospect of President Trump firing off live missives on Twitter as James Comey speaks is only heightening the anticipation. The Union Pub on Capitol Hill is pledging to give out free rounds of Budweiser beer or bourbon shots every time the president tweets. Bar manager Ashley Saunders told the New York Times there won't be any limit to the rounds, even if Mr Trump goes into overdrive on his smartphone keyboard. Americans found out through prepared testimony on Wednesday what James Comey will say in his opening statement, including that the president wanted a ""patronage relationship"" and asked for his ""loyalty"". The focus now will be on his response to questions from the 15-member Senate Intelligence Committee. The BBC's Anthony Zurcher likened the pre-released remarks to a ""sneak preview of a blockbuster movie"". Blockbuster seems apt, with the major US commercial TV networks (and, as would be expected, the cable news channels) set to carry the testimony live - a hint they are expecting a huge audience. The event is being compared in US media to the few Congressional hearings from years gone by that have stuck in the American consciousness and received live TV broadcast treatment: Watergate in 1973; the Iran-Contra affair in 1987; Anita Hill's allegations of sexual harassment during Judge Clarence Thomas Supreme Court confirmation hearings in 1991; and the Bill Clinton impeachment hearings in 1998. Whether the testimony really lives up to the hype might not matter to those at Clooney's after a few KGBs."
https://www.bbc.com/zhongwen/trad/china/2015/06/150624_china_hk_legco,觀點：學習與反對共處是北京新的功課,"2015年6月18日香港立法會就政改方案投票結果 官方人士屢屢發飆，毫不掩飾其失態，令輿論一時大嘩。 6月18日，香港立法會以28:8否決了全國人大常委會堅持的政改方案。這既非新聞也在很多人意料之中，而且即便從北京的角度看，也未必盡是壞事。政改方案之爭導致香港社會撕裂，政改前夜社會緊張更到極點。6月14日，香港警方搗毀「全國獨立黨」爆炸工場，該組織計劃在政改表決之際製造爆炸事件，此即一例。儘管該案詳情尚未披露，真實性有待查考，但確有本土派聲稱要用一切手段拉倒所謂政改，如果立法會通過政改方案，將使香港變成第二個烏克蘭。不獨本土派如此，實際上各方都已嚴陣以待，凖備政改方案一旦通過即決一死戰。 避免了最壞結局 經過幾年政改方案之爭，尤其經過去年的大規模佔中，香港社會已經元氣大傷。政改方案一旦通過，很可能成為導火索再度引爆香港，香港的社會衝突很可能徹底失控，甚至延燒內地。這對香港各方包括對北京，可能都是災難。否決政改方案不僅阻擋了泛民所稱的「假普選」，也讓香港社會暫得喘息，更給了北京下台階。固然各方都沒有爭到自己想要的東西，但至少避免了最壞結局，各方都有轉圜空間。因而不難理解，政改方案被否決後，香港社會一下子鬆弛很多。 最不壞局面的得來，首功應歸泛民。他們在立法會齊齊投下27張反對票，起到決定性作用，凸顯了反對的價值尤其制衡的價值，本應得到尊重。但就迄今為止的官方言論來看，要求尊重太奢侈。相關人士只急於宣洩，只急於報復和羞辱泛民，完全不顧形像，不考慮公眾感受，更沒有意識到他們的報復和羞辱不僅指向泛民，更指向憲制本身。因為泛民之否決政改方案，無非基於法定權限和合法程序。 憲政國家的總統大選，勝者都會依慣例向競選對手表達敬意，這不只是對競選對手個人的尊重，不只是風度，更是對競選體制、對憲政本身的尊重，更基於憲政素養。顯然，有關人士不僅毫無風度可言，更毫無憲制素養可言，只有叢林思維，只有私利驅動。一旦私利受損，權力受挫，便氣急敗壞。 與反對共處 當下中國固然沒有憲政，但並非沒有憲制。反對的權利再怎麼受限，理論上也受憲制保障。但理論是一回事，現實是另一回事。在公民社會強勢且為國際聚焦的前沿香港，有關人士尚且如此跋扈，其在內地如何跋扈就不難想像了。所以內地的所謂民意機關即人大和政協，幾乎都被申紀蘭一類黨叫舉手就舉手的表決機器佔據。連憲制層面的有限反對都不容忍，那些敢於街頭和網上表達反對意見的公民，結局只能更悲催，等著他們的往往是被失業、被失蹤等無盡的噩夢。 把反對當敵對，嚴防死守不給反對任何空間，「一切操之於我」，這點上中國今天的統治者跟過去的統治者沒有任何分別。即便在香港這樣的開放社會，他們也一點沒學到如何跟反對共處，封閉依舊，對現代政治隔膜依舊，毫無智慧上的增長。 但問題是，勢與願違，今天的中國包括香港，社會的多元化已不可逆，反對的崛起是多元化的重要元素。壓制反對與不可遏止的反對之間，出現前所未有的巨大張力。這張力駕馭得好，會是巨大動能即巨大的建設性力量，中國社會就有出路，就有望軟著陸。駕馭得不好，就會如大陸漂移板塊碰撞，導向集體毀滅。如何處理這張力，無疑是北京新的功課。 注：本文不代表BBC觀點和立場 讀者反饋 一個奉行自由、民主、法治的政權學習與反對共處是應然也是必然的功課，但是中共不屬這類政權。這個鄙棄自由、害怕民主、惡法治國的政權，面對反對派，面對異議的人民，打壓、迫害、消滅反對於萌芽是必然的功課。時事評論員笑蜀認為【學習與反對共處是北京新的功課】似乎對中共的本質不甚了了。 孟光, Hong Kong 中共破壞 ""一國兩制"" 的代價 鄧小平提出以 ""一國兩制"" 的模式來處理中港關係, 其目的不僅為香港回歸提供社會穩定的保證, 亦為推動國內的改革開放, 經濟繁榮, 社會穩定提供助力. ""一國兩制"" 的成功落實, 同時為兩岸和平統一起著示範作用, 更向國際社會展示, 中國的社會主義制度可以與民主自由制度和平共處. 可是時至今日, 中國的所謂 ""社會主義制度"" 早已面目全非. 回歸18年後香港人, 台灣人對 ""一國兩制"" 希望幻滅. 全世界看到的是中國共產黨的本質充滿虛偽, 投機和操玩. 一個不講原則, 沒有誠信的政權, 永遠無法獲得別人的信任, 遑論尊重. 中國想要成為真正的大國強國, 希望在國際上得到其他國家的真誠合作? 首先就要學懂誠信是什麼, 學懂對異己的包容. 祗有強權才會以為憑肌肉, 便可恃勢凌人. 香港仔, 香港"
https://www.bbc.com/zhongwen/trad/china/2016/04/160426_chernobyl_30th_anniversary_taiwan,切爾諾貝利核事故30週年：台灣人重返現場,2015年9月，團隊成員第二次走入車諾比核電廠控制室。 「一個發生災難的地方，不管是反核擁核，都會拿它來當例子，甚至一些知名的機構像是WHO、綠色和平等等，他們做的研究、給的結論通常都是南轅北轍的。到底哪一個描述才是車諾比真正呈現出來的樣子？一開始是因為這樣子的好奇才想去看看車諾比。」組織「車諾比核災30週年紀實團隊」的蔣雅郁對BBC中文網說。 有鑒於華文世界對於車諾比核事故第一手資料的缺乏，團隊共七名成員在2015年自費前往車諾比兩次，帶回上萬張照片與中文的採訪、紀錄。 團隊成員帶著測量輻射量儀器重返核災現場。 車諾比博物館中展出的畸形動物標本。 普裏皮亞季市內的兒童遊樂園仍保持30年前居民匆忙撤離時的模樣，摩天輪漸漸被樹叢包圍，成為車諾比核災令人印象深刻的代表畫面之一。 1986年4月26日，當時屬於蘇聯的烏克蘭北部普裏皮亞季市（Pripyat）的車諾比核電站第四號反應爐發生爆炸，大量的放射性物質從破洞逸出，飄散至烏克蘭，跨過邊境至白俄羅斯，再到歐洲北部，超過30萬居民被迫從居住地撤離。 國際原子能機構（IAEA）和世界衛生組織（WHO）在2005年出版的調查報告顯示，車諾比核事故直接死亡人數56人，4000多人之後死於與輻射污染相關的癌症，綠色和平組織則推估總傷亡人數超過9萬人。 「沒想到那邊的核電廠還有員工在工作……『回歸者』的生活方式及展現的生命力也是讓人感到衝擊的。」蔣雅郁向BBC中文網記者分享在受台灣教育的團員們的感受。 回歸者 團隊成員拜訪了「回歸者」Rosaliju。她是在核災撤離之後，第一個回到管制區內居住的人。 Rosaliju原本是一位小學老師，因為無法適應核災後搬離故鄉的新生活，因此選擇回到家鄉。烏克蘭政府提供的一些福利──免費到車諾比核電廠的員工餐廳吃飯，住在有水有電的管制區內行政中心──她全部拒絕，29年來獨居在爺爺蓋的房屋中，所有的食物都是自己耕種而來，飲用的是井水。 Rosaliju獨居在已經廢棄的村落中，過著自給自足的生活。團隊成員表示，Rosaliju仍然會在意自己在鏡頭前的樣子，因此不輕易接受正面拍照。 團隊成員的文字紀實勾勒出Rosaliju忙碌的日常生活──耕種、打水、砍柴、生火。而她偶爾也寫作，書寫關於冷戰時期與核災的事。 「回歸者」多半是在撤離的一年之內就因為不適應新生活而「回歸」的中老年人，當時約有三百多人，30年過去，目前約剩下一百多人。他們的「回歸」其實是不合法的，曾多次被警方驅離，但又數度重返，之後在烏克蘭官方默許他們留下，但也不允許有更多人「回歸」。 擁核？反核？ 台灣擁有三座核電廠，第四座「核四」興建爭議持續十多年，核能與能源議題一直為台灣社會所關心。日本福島核電廠在2011年發生核災後，距離日本不遠，而且同樣位於地震高頻地帶的台灣，又掀起另一波核能存廢討論高峰。 在走訪車諾比前，七名團隊成員對核能的看法立場各不相同。而實地走訪，體驗到許多和以往閱讀的紙本材料不同的事物後，團員們的想法或多或少發生轉變。 車諾比核災30週年紀實團隊在台灣舉辦「真相剪影」多媒體攝影展。 蔣雅郁表示，這也是他們舉辦展覽的意義──希望藉由提供更多資訊，讓擁核、反核的人都能對核能議題有更多理解。 她進一步表示，以車諾比為例，可以看見核災的長期性影響。當時撤離的人所遭遇的創傷症後群及他們日後的生活，都是現代人們在思考與核能、與科技相處時很好的例子。 中國加速核建設 上周二（19日）在北京召開為期兩天的第五次全國核與輻射安全監管工作會議，提出《核安全法》立法。 受到福島核災的影響，中國核能建設一度停步，但由於碳排放污染日趨嚴峻，2015年被視為是重啟核能建設的一年。 中國國務院今年一月發表《中國的核應急》白皮書，指出「核電是一種清潔、高效、優質的現代能源。」截至2015年10月底，中國運行中的核電機組有27台，總裝機容量2550萬千瓦；有25台正在興建，總裝機容量2751萬千瓦。 遮蔽車諾比受損反應爐的新一代石棺，正式名稱叫「新型安全圍阻體」（Chernobyl New Safe Confinement）。於2012年開始興建，預計2017年完工。使用超過兩萬九千噸鋼材，長150公尺、寬257公尺、高108公尺。 根據世界核協會（World Nuclear Association）資料，中國在建的核電機組數量排名世界第一，總機組數量位居世界第三，同時中國也積極向世界輸出自行研發的核能設備。 2015年10月，中國國家主席習近平訪問英國，簽訂英國欣克利角核電投資項目，由法國電力集團（EDF）聯合中國國有的中廣核集團有限公司共同建造。 根據台灣經濟部資料，全球使用核能發電的國家有31國，佔全球總面積52%，全球總人口62%，31國中的德國、瑞士、比利時有明訂廢除核電時程。有18個尚未使用核電的國家正在興建核電廠。 （責編：歐陽成）
https://www.bbc.com/news/uk-39729459,Egypt 'let down' by continued UK flight ban to Sharm,"By Frank GardnerBBC security correspondent The Egyptian government believes it has complied with every security improvement demanded in the wake of the 2015 bombing of a Russian passenger plane by so-called Islamic State (IS) that killed everyone onboard soon after take-off from Egypt's Sharm el-Sheikh airport in the Sinai Peninsula. Yet 18 months on from the incident, as other European tourists have returned to the Red Sea resort in their thousands, the UK has refused to reverse its suspension of flights to Sharm el-Sheikh, allegedly on direct orders from No 10. Downing Street has declined to comment but the Department for Transport said: ""The security of British nationals is our top priority, and we took the decision to suspend flights from Sharm el-Sheikh in November 2015 following the Metrojet crash to protect the travelling public. ""We continue to work closely with the Egyptian authorities on security arrangements at the airport. We keep aviation security under constant review and will resume flights as soon as we can."" The problem is that despite an exhaustive, months-long investigation, Egypt has not so far been able to find and arrest the perpetrators of the bombing. Shortly after taking off from Sharm el-Sheikh's international airport for St Petersburg on 31 October 2015 Metrojet flight 9268 disintegrated in mid-air over the Sinai desert, killing all 224 passengers and crew. The Egyptian government initially disputed that terrorism was the cause but western intelligence agencies detected increased ""chatter"" by jihadists just ahead of the incident, including messages of congratulation sent from inside Syria. This was shared with the Russian government, prompting both countries to suspend flights to the Sharm resort indefinitely. IS's Sinai affiliate claimed responsibility for the attack. Egyptian officials now admit that at the time in question, October 2015, Sharm el-Sheikh airport fell well short of international security standards. But they responded to a damning January 2016 report about its shortcomings by allowing in a team of British aviation security experts who have now spent time assessing all of Egypt's major airports. Cairo, Marsa Alam, Hurghada, Luxor, Aswan and Sharm el-Sheikh have all now been inspected at length, with a semi-permanent presence of British aviation experts. Egypt says biometric screening for all airport staff has been introduced at some of these airports, with sensitive explosive detection equipment even having to be imported by the military in order to circumvent lengthy bureaucratic customs delays. The FCO says about 231,000 British nationals visited Egypt in 2016 and that most visits were trouble-free. In 2015 some 900,000 Britons travelled to the country. At Sharm itself, say Egyptian officials, it is not only the ground staff at the airport who have been investigated, but also their families and their families' relatives. The result, they say, is that, in order to rule out any chance that an airport employee's relative may have extremist sympathies, between 40-50% of employees have lost their security clearance and their jobs at Sharm el-Sheikh airport. 'Rising terrorism threat' Security there, say officials, is now being run by a private company, separate from the airport authority, after receiving extensive training from British aviation experts. ""We have implemented all the recommendations made for improvements at Sharm and received regular and positive reports back from the UK,"" said an Egyptian official who asked not to be named, adding: ""This means that Sharm el-Sheikh is comparable to the safest airports in the world, and yet it seems to have had no effect on the UK flight ban."" The situation today is incongruous. The UK Foreign Office Travel Advisory marks the fenced-off area around Sharm el-Sheikh as ""green"", meaning that it does not advise against travel there. Yet given that the rest of the Sinai is marked in orange and red, where the FCO advises against travel, it is considered too dangerous to travel overland. The FCO Travel Advisory says that as a precautionary measure it advises against air travel to Sharm. Thomson, First Choice, Monarch and all the other UK charter flight operators take their cue from the FCO Advisory. Although this is not strictly a government order to comply, insurance is a major factor and none has chosen to flout the advice. But a senior Whitehall official told the BBC that with the Egyptian authorities facing an ongoing and rising threat from terrorism and insurgency in the Sinai, ""The metrics are going in the wrong direction"". An armed attack by IS near St Catherine's Monastery in the Sinai this month killed a police officer, there have been frequent attacks on police and soldiers in north Sinai, while bombings of Coptic churches on the Egyptian mainland have prompted President Abdul Fatah al-Sisi to declare a three-month state of emergency. Simmering in the background is a sense of injustice by Cairo towards the way the UK has handled all this. 'Supposed to be partners' The UK's decision to suspend all flights to Sharm el-Sheikh was announced, unilaterally, on 5 November 2015 just as President Sisi was on his way to London for a pre-arranged visit with a large entourage. I met him the next morning as he addressed journalists and business leaders and there was a strong sense of pique. ""If the UK had intelligence about this attack, then why did it not share it with us?"" Egypt's foreign minister asked me, adding: ""We are supposed to be partners."" The two governments also differ sharply in attitudes towards the Muslim Brotherhood, which Egypt sees as a terrorist organisation but which the UK refuses to outlaw. Both Egyptian and UK tour operators want to see British tourists return to Sharm el-Sheikh but one thing is clear. No decision will be taken before the 8 June general election in Britain. But after that, there is still no sign of the travel ban being lifted. An Egyptian official said: ""We accepted the idea of a road map to improve security... but a road map has to have a destination and right now we can't see one."""
https://www.bbc.com/news/business-56377166,When will I be able to see my mum?,"By Caroline DaviesTransport correspondent, BBC News She hasn't seen her mother since October 2019. Her mother is in Jamaica, one of many countries that closed its borders to the UK to stop the spread of the UK variant of coronavirus. Direct flights are still currently banned. ""It's worrying because she's on her own,"" says Sharon. ""She puts a brave face on it, but she's isolating at home. It's a lonely existence, only going shopping, for a year."" ""At least when we go out there you can see how well she's doing or not. You miss the physical contact and time spent together."" This Mother's Day many of us won't be able to give our mum the usual lunch out or cuddle with her grandchildren. But at least if you live nearby there's the hope that the vaccine roll out will allow meetings in the park or garden soon. But for those with family abroad, the wait is likely to be much longer. International travel from the UK is still illegal in most circumstances. The UK government has said international travel will be possible from England from 17th May at the earliest. But Scotland, Wales and Northern Ireland are yet to set a date. But then it is up to the government of the country you're travelling to, whether you'll be let in. Jamaica's tourism minister, Edmund Bartlett, is hopeful that that things will open up again soon. ""Firstly make sure you get your vaccine,' said Mr Bartlett. ""We are doing the same over here. We are going to be in a position, with all the faith I have, to be able to invite all the family and friends and guests to Jamaica, certainly by the summer. ""We want you to come, but we want you to observe protocols."" 'I'm stuck here' Khurram Masood may be 42, married, with children of his own and living thousands of miles away from his mum, but in her eyes, he's still her baby. ""I was first born of the family, so I was very pampered,"" he says. ""She still tells me off and asks me: why didn't you finish your dinner? All the mum stuff!"" Khurram lives in Portsmouth, his parents live in Lahore. He was meant to visit last year, but Covid got in the way. This Mother's Day he's feeling the distance between them more than ever. ""My kids are growing up, they need to see their grandparents. I have got nieces and nephews who haven't seen me for ages. ""It's a vital part of a child's life. Everyone is sending cards, flowers, chocolates and cakes for their mother and I'm just stuck here for the moment. It's hard for me to do anything special for her."" After the prime minister's announcement, spelling out England's roadmap for easing lockdown, Pakistan was the second most searched for destination (after Spain) according to Skyscanner. Currently, inbound travellers from the UK, or those who have been in the UK in the last 10 days, are not able to enter Pakistan, although there are exemptions, including those with a Pakistani passport. Although there are no guarantees, the Pakistani government hopes they will be able to open up to UK visitors in the summer. ""We want to be very optimistic, but at the same time bordering on caution,"" says Sayed Zulfi Bukhari, special assistant to the prime minister for overseas Pakistanis. ""Towards the beginning of May we will look at it. If we are just talking about tourism and the tourists that want come from Britain, we would look at if they've been vaccinated and there's a bubble for them, or they could have a test prior to coming."" 'More than a couple of days away' Hannah Robinson has lived in the UK for nine years, but this is the longest she's gone without seeing her mother in Adelaide. ""It has been a bit harder over the pandemic, knowing it's not just a couple of days to get home if I needed to,"" she says. Like many with family in Australia, she's not expecting to be able to travel there for some time. ""It's difficult, not having a date when we can really look forward to seeing each other again with everything being up in the air at the moment. No one really knows when things will be lifted for definite."" Australia hasn't set a date for opening international travel. All arrivals have had to stay in quarantine hotels since March 2020. Speaking to UK MPs earlier this week, the deputy commissioner of police for New South Wales, Gary Worboys, said that he thinks quarantine hotels will be in place for the rest of the year. 'My son plays flying to visit grandma' Last summer, Dorota Sakwerda was able to visit her parents in Poland, thanks to the travel corridors that were introduced. But it was still very different to seeing them four times a year. ""It's difficult. My son, who is almost three, now plays with his toys, putting them on a plane to fly to grandma and grandpa. ""We've missed birthdays and Christmas together,"" she says. ""Like everyone, it's been a tough year and it's when you really realise how much you rely on your parents and dealing with all the pressures that come with lockdown."" Dorota is frustrated that much of the conversation about international travel has revolved around holidays. ""I'd be the first person to try to get to the beach if I can and it's safe to do so"" says Dorota. ""But at the same time I think there's a distinction between travelling purely for leisure and for travelling abroad to visit family, especially elderly relatives."" At the moment, it's the UK's restrictions on international travel that are stopping her visiting, as Poland is currently open to UK citizens, but the government has said that it's not able to predict what the situation will be once UK residents are able to travel again possibly in May."
https://www.bbc.com/news/uk-england-cumbria-54664515,Cumbria's M6: Photo archive shows motorway at 50,"It is one of the highest stretches of motorway in the country, covering 36 miles (57.9km) between Lancaster and Penrith. The road, which incorporates the Lune Gorge, was opened on 23 October 1970. Photographs of the construction of the motorway, by John Laing Construction Ltd, have been preserved in a special Historic England archive. At the time, it was the highest section of motorway in the country at Shap, at 316m (1037ft) above sea level. The surveys for the M6 through Cumbria were done from the air, which was a first for the UK. Work on the Lune Gorge section of the road, between Killington and Tebay, began in October 1967 with construction carried out by civil engineering specialists John Laing Construction Ltd. At the time the weather and ground conditions were some of the most challenging faced by UK engineers, according to Highways England, which operates the motorway. Almost a thousand road workers were involved in the project, which had five separate construction contracts making up the new Lancaster to Penrith route. Mike Gellatley, a fellow of the Institution of Civil Engineers and former London Underground chief engineer, remembered working on the project which was ""a constant battle against the elements"". ""Residents in the area were initially sceptical about the motorway but it totally transformed journeys,"" he said. ""In the days before the M6, a journey up to the to the far north and Scotland was a torturous adventure with vehicles often having to queue in winter to get past snow along the A6 at Shap."" The Roger Howe Bridge over the River Lune was built for the re-routed A685 during the construction of the M6, through the Lune Gorge. Keith Little, of Cumbria County Council, called the motorway a ""vital part"" of the development of the county's transport network. ""It made the county more accessible to the rest of the country and has enabled local businesses and residents to trade, travel and connect with the wider region,"" he said. The Lancaster to Penrith M6 was officially opened by Transport Industries minister John Peyton on 23 October 1970. At 236 miles (379km), running from Rugby in Warwickshire to the Scottish border, the M6 is the longest motorway in the country. It was not completed until 2008 when the Highways Agency finished converting the A74 between Carlisle and Gretna Green. Archive copyright: Historic England/John Laing Photographic Collection Follow BBC North East & Cumbria on Twitter, Facebook and Instagram. Send your story ideas to northeastandcumbria@bbc.co.uk."
https://www.bbc.com/zhongwen/trad/world-45280595,觸發薩爾瓦多與台灣斷交的港口令美國擔憂,有薩爾瓦多人到台灣駐當地使館舉牌，稱尋求台灣的原諒。 美國表明對決定感失望，揚言要重新審視與薩爾瓦多的關係。美方官員曾表示，擔心中國介入該區事務，特別是薩國的港口，可能會讓中國作軍事用途。 美國：審視與薩國的關係 薩爾瓦多宣佈與台灣斷交後，令台灣目前只剩下17個邦交國。美國駐薩爾瓦多大使讓‧馬內斯（Jean Manes）在Twitter上表示，說這個決定「令人憂慮」，「毫無疑問這個決定會影響兩國關係」。她周二發表演說時表示，要求薩爾瓦多公開談判細節。 美國國務院發言人星期二說：「雖然我們認同每個國家的主權去決定自己的外交關係，但我們對有關決定深感失望。」 「針對這一決定，我們目前正重新審視與薩爾瓦多的關係。」不具名的發言人說。 發言人說，中國單方面改變台灣現狀「有害」、「打擊過去幾十年的和平、穩定與發展的框架」。他表示，台灣是「民主成功故事」、「可靠伙伴」，呼籲中國克制，不要再損害台灣人民的社會及經濟制度和安全環境，美國會繼續支持台灣在應對全球挑戰下所作出的貢獻。 美國參議員盧比奧（Marco Rubio）表示，薩爾瓦多執政黨可能以為靠攏中國會讓他們贏得2019年大選，但這會是一個「可怕的錯誤」，對兩國關係構成嚴重傷害。 盧比奧說，「如果他們認為美國對薩爾瓦多，會好像巴拿馬和多米尼加般，他們就大錯特錯。」 中薩外長一同簽署文件，宣佈建立外交關係。 他與另一位議員加德納（Cory Gardner）將在國會推動法案，要求截斷或減少對薩爾瓦多的資助。 薩爾瓦多面積約台灣的一半，是中美洲最小的國家，經濟依賴咖啡、糖、紡織出口，人口繼650萬人，三分之一人活於貧窮線之下。 美國是薩爾瓦多最大貿易伙伴，估計2百萬名合法與非法的薩爾瓦多人在美國逗留。但移民問題令兩國關係蒙上陰影，特朗普在今年1月宣佈中止給予當地約20萬薩爾瓦多人的短期受保障移民身份，並針對那些不阻止移民前往美國的國家，削減給予這些國家的資助。薩爾瓦多希望讓這些人能夠逗留至明年9月。 薩爾瓦多政府靠攏中國的決定亦引來國內的反對聲音。薩爾瓦多國會主席基哈諾（Norman Quijano）批評，這是「對友好國家的背叛」，並且影響與美國的戰略伙伴關係。 對於台灣指控薩爾瓦多是為金錢利益而改與中國建交，薩爾瓦多總統府發言人羅伯托‧洛倫薩納（Roberto Lorenzana）接受國營電視訪問時，直指台灣指控「完全錯誤」，並指其他國家也選擇與北京建立外交和商業關係。 「我們不能夠與世界背著走，中國作為全球最二大經濟體，領導全球出口，是不容我們忽視的，對薩爾瓦多十分重要。」洛倫薩納說。 面對美國的指責，中國外交部22日回應說，中國和薩爾瓦多都是獨立的主權國家，有權決定自己國家的對外關係，「其他人沒有道理對此指手畫腳甚至橫加干涉」，敦促美方恪守「一個中國」原則，正確看待中薩建交，慎重妥善處理涉台問題，不得向「台獨」勢力發出任何錯誤信號，以免損害中美合作和台海和平穩定。 台灣總統蔡英文表示，中國挑戰台灣的底線。 台灣不願投資的港口 台灣外長吳釗燮表示，自去年以來，薩爾瓦多不斷要求大量資金，希望協助「聯合港開發案」，但經外交評估後，認為這是不合適的開發案，可能導政台灣與薩爾瓦多政府陷入高度債務風險，政府無法答應「不切實際」的開發案。 他沒有直接透露項目的具體建議金額，但台灣中央社引述消息稱，有關「聯合港開發案」金額達40億美元，另外還有「自由經濟區」的金額達230億美元，是台灣國防預算的兩倍。台灣據稱沒有明確拒絶，並表示可以參與部分項目。 薩爾瓦多的拉烏尼翁（La Union）港口，由2008年開始被閒置，主要原因是因為該處並沒有好多船途徑，亦很難尋找投資者。 當局7月曾經表示，三間分別來自美洲、歐洲、亞洲的企業有興趣營運港口，預料下個月起，便會正式開始招標。 薩爾瓦多經濟部長羅德里格斯（Luz Estrella Rodriguez）上月透露，北京有興趣投資重建港口，以及投資國家其他項目。 中國企業有意投資薩爾瓦多的拉烏尼翁港口。 她說，中信集團等中國企業，在過去幾年，已經和薩爾瓦多的官員洽談合作機會，不單止是港口，亦包括國際機場和鐵路。 然而，是否引入中國資金，在薩爾瓦多同樣有爭論，當地媒體評論認為，引入中國投資具備風險，需要考慮勞工、土地權益、環境影響等因素。 美國駐薩爾瓦多大使馬內斯曾經警告，中國可能有意圖把拉烏尼翁港口從商務用途改成「軍事基地」，亦對中國干預該區域表示關注。 「中國將會尋找弱小的國家，你要看清楚是甚麼，」她說，「中國在該區的擴張性策略值得關注，不單是經濟上，包括軍事上。」 不過，她的說法也受到當地一些親政府議員反擊，因為事實上，該區主要軍事設施均是美國控制。 據阿里巴巴旗下的香港媒體《南華早報》報道，中國社科院拉丁美洲研究所的研究員徐世澄認為，中國希望在薩爾瓦多建立港口是「非常正常」，因為薩國位處中美洲，是連接南北美洲的貿易交通樞紐。 「美國喜歡說這港口只用作軍事用途，因為該處有很大的軍事區，但事實上中國在該區並沒有軍事區。」 新加坡S.拉惹勒南國際關係學院的研究員高瑞連（Collin Koh）認為，如果說北京希望在該處建立基地，可能是有點誇大，不過中國有可能為長遠利益，想在海外戰略地點建立港口。 「如果真是在該處建立基地，好可能會引發美國更強烈回應的風險，」他說。
https://www.bbc.co.uk/news/health-17361047,Shisha clampdown: Concerns raised over fire and health risks,"By Sarah SturdeyBBC Radio 5 live Officials fear that more water-pipe bars are moving into enclosed premises, in a bid to escape anti-smoking laws. Councils say licences may be needed because of the health and fire risks associated with shisha. Freedom of Information requests suggest a there has been a 210% increase in the number of such cafes since 2007. According to requests submitted to 133 UK councils, by the British Heart Foundation (BHF) for No Smoking Day, the number of cafes nationwide has risen from 179 to 556. The World Health Organization has advised that a 40-minute session on a waterpipe is the equivalent to the volume of smoke inhaled from at least 100 cigarettes. 'Deathtraps' Yet 84% of those surveyed thought it was fewer than 10. About 44% of young adults, thought it was less harmful than cigarette smoking. The survey also suggests more than a quarter of 18-to-24 year olds had smoked shisha. The data also revealed that shisha smoking is no longer a pastime for specific ethnic groups, with 8% of people with white ethnicity saying they used it. The same number of non-smokers had also tried it. The figures have come as no surprise to councils up and down the country trying to enforce the law. Shisha cafes have to comply with smoke-free legislation by providing open-air canopies. Govind Mandora, health and safety team manager for Leicester City Council, is concerned about a worrying recent trend with shisha establishments trying to avoid legal requirements. He has serious concerns about the health and fire risks, and says the shisha smoking culture ""is going underground"". ""We are investigating and prosecuting several places in the city,"" he says. ""They're locating in back streets, even old industrial units, hidden from view. ""Customers hear about them via Twitter or Facebook and gain entry by pressing a buzzer by the locked door or making a call from outside on their mobile phone. ""These places are enclosed, often their doors are locked. ""They are deathtraps, not just because of the fire hazard, but with the potential for carbon monoxide poisoning from the charcoal-fuelled tobacco."" Environmental health officers across the country are receiving reports of people collapsing through inhaling the smoke, even playing dangerous smoking games. Ian Gray, principal policy officer for the Chartered Institute of Environmental Health said: ""Students are filling their lungs with the smoke, in a kind of game, then passing out from the carbon monoxide. ""They are starved of oxygen. One GP reported a patient became breathless, with not enough oxygen in his blood. He was a hospital case. He'd been smoking shisha."" 'Phenomenal profit' Mr Gray said: ""It's now a chic thing to do, especially among the young. It's becoming a young person's introduction to tobacco. I'd like to see a licence for selling tobacco, like they have in Scotland."" Janet Bradley, Birmingham City Council's operations manager for team enforcement, said: ""These places are like 1940s snugs. There's a phenomenal profit. ""It's less risky. One assistant in a bar who helps light the coals, by drawing it through the waterpipe, told me how a customer collapsed after smoking for a couple of hours. ""Even the assistants are at risk because of the time they spend in there. We're even seeing shisha bars hired for 18th birthday parties."" One close relative of a 14-year-old in Leicester, who did not want to be identified, described how her nephew and a group of friends were trapped in a shisha cafe. ""They went into the cafe to watch television, but the cafe is encouraging underage smoking. I was horrified to hear that the boys wanted to leave and couldn't. ""My nephew was traumatised. Parents just aren't aware of the risk. ""The shisha smoking is bad for your health, to say nothing of the potential fire hazard with the charcoal burning in the hookah in a room with locked doors."" Leicester City Council is now considering using licences to regulate the cafe culture more stringently. ""This is a nationwide problem, it's no longer a niche pastime, but mainstream"" said Mr Mandora. The manager of a shisha cafe in Leicester, who didn't want to be named, said he was losing a significant amount of trade to the underground scene. ""I asked my customers why I don't see them so much, they said it was warmer in the back street enclosed premises, it's too cold here, because my premises is partly open. ""I've lost about 25% of my trade trying to be above the law, we invested £120,000 in this business, but I'm still in dispute with the council over compliance."""
https://www.bbc.com/news/uk-politics-42291191,Brexit: Michael Gove says UK voters can change final deal,"The environment secretary praised Theresa May's ""tenacity and skill"" in securing a last-minute deal to end phase one negotiations on Friday. But, writing in the Daily Telegraph, he said if British people ""dislike the arrangement"", they can change it. Reports suggest the cabinet will meet on 19 December to discuss its ""end state"" plans for Brexit. This is just two days before Parliament's two-week Christmas recess. Mr Gove, one of the cabinet's leading Brexiteers, said the primary agreement between the two sides had ""set the scene for phase two"" negotiations - where issues such as trade will be discussed. But he said that ""nothing is agreed until everything is agreed"" at the end of the process. After a two-year transition period, the UK would be able to pass laws with ""full freedom to diverge from EU law on the single market and customs union,"" he added. And the British people would ""be in control"" to make the government change direction if they were unhappy, he said. ""By the time of the next election, EU law and any new treaty with the EU will cease to have primacy or direct effect in UK law,"" said Mr Gove. ""If the British people dislike the arrangement that we have negotiated with the EU, the agreement will allow a future government to diverge."" The next general election is currently due to be held in 2022, three years after the UK leaves the EU. However, it could be sooner if the prime minister calls one, and MPs agree to it, or if the government collapses. The former Conservative leader, Iain Duncan Smith, said the next phase - the trade discussions - would be the ""bruising but vital bit"". European Commission President Jean-Claude Juncker said Friday's deal was a ""breakthrough"" and he was confident EU leaders would approve it at a European Council summit next week. What was agreed? Citizens' rights: Three million EU citizens currently in the UK would be allowed to continue living and working there. Those already in the country, without permanent residency, would be able to acquire it after Brexit. The one million or so UK citizens living in an EU country after Brexit would get the same rights, under the agreement. It also includes reunification rights for relatives who do not live in the UK to join them in their host country in the future Money: The so-called ""divorce bill"" will amount to between £35bn and £39bn, Downing Street sources say. This includes budget contributions during a two-year ""transition"" period after the UK leaves the EU in March 2019. The precise figure is unlikely to be known for some time. Irish border: There will be no ""hard border"" between Northern Ireland and the Irish Republic. The UK government and the EU want to maintain the free flow of goods, without border checks that they fear could threaten a return to The Troubles, but the DUP does not want Northern Ireland to be treated differently to the rest of the UK after Brexit. The joint EU-UK document says any future deal must protect ""North-South co-operation"" and hold to the UK's ""guarantee of avoiding a hard border"". The agreement also says ""no new regulatory barriers"" will be allowed between Northern Ireland and the rest of the UK, and that Northern Ireland's businesses will continue to have ""unfettered access"" to the UK internal market - a passage thought to have been added to meet DUP concerns. But it also sets out a fallback position if the UK fails to agree a trade deal. This could prove controversial because it says there will continue to be ""full alignment"" between the EU and Northern Ireland on some elements of cross-border trade, as set out in the Good Friday Agreement. What's been the reaction from politicians? Northern Ireland's Democratic Unionist Party, whose opposition on Monday led to talks with the EU breaking down, said there was still ""more work to be done"" on the border issue and how it voted on the final deal would ""depend on its contents"". Barry Gardiner, Labour's international trade secretary, called the agreement on the Irish border issue a ""fudge"", saying Mrs May appeared to have contradictory red lines. His party wanted to see an agreement which harmed neither the settlement, nor the economic situation, he said. Justice minister Dominic Raab said the details of how to deal with the issue of the Irish border had still to be worked out in full. ""You can call it strategic ambiguity, you can call it constructive ambiguity... what I am admitting to you, very openly, and honestly, is that we have agreed principles, but that the details still need to be ironed out on this very bespoke set of issues around Northern Ireland which can't be dealt with properly and responsibly outside of the context of the broader negotiation on customs and trade and all of those other things we have said all along,"" he told BBC 2's Newsnight. Leave campaigner Andrea Leadsom, leader of the Commons, said the overall deal was a ""significant achievement"" for the prime minister. ""People on all sides of the argument are now seeing that she is determined and is succeeding in making a success of leaving the EU,"" she said. Fellow Leave campaigner Iain Duncan Smith said it had been fascinating to see the EU's reaction after failing to secure a deal in Brussels on Monday. ""They realised they were staring down the eyes of a no-deal, and so they got into action for the first time for many months, and literally drove with the UK government the changes that were necessary to get this thing on track. ""Why? The EU recognises that they really do need and want a free trade arrangement with the UK,"" he told BBC Radio 4's Today programme. Liberal Democrat leader Vince Cable said Mr Gove wanted to deny the public the right to block a poor deal and the only way to give people control was for a vote on the terms of the deal, with the option to exit from Brexit. What are others saying? Sir Andrew Cahn, a former head of UK trade and investment, said it was ""simply not true"" that the EU had blinked first. It was, he said, the UK which had done so by agreeing to pay more money and by fudging the Northern Ireland issue. He said the UK had done the ""easy bit"" and now it had to decide what sort of arrangement it wanted with the EU, which has not been done yet. On Friday, the EU's chief Brexit negotiator, Michel Barnier, said the UK was ""closing doors"" on its future relationship with the EU by laying down ""red lines"" in the negotiation, including leaving the customs unions and the single market. They leave the UK with only one way forward, he suggested - a free trade agreement on the Canadian model. ""It is not us, it is the British government, which is indicating these red lines that is closing certain doors. That is the model we are going to have to work on,"" he said. What happens now? There are plenty of technical details in Friday's agreement that still need to be clarified, which will have to happen in parallel with any discussions about the future. If EU leaders approve the agreement at an EU Council summit next week, talks can then move on to a transition deal to cover a period of up to two years after Brexit and the ""framework for the future relationship"" - preliminary discussions about a future trade deal. However, the EU says a deal can only be finalised once the UK has left the EU in March 2019. Before that, the UK government has to decide what kind of Brexit, and what kind of future relationship with the EU, it really wants. The cabinet is split between those who want to stay as close as possible to the EU's single market and all the regulations that implies, and those who argue that moving away from EU rules, and giving the UK the ability to strike out on its own, was one of the main aims of Brexit. A final withdrawal treaty and transition deal will have to be ratified by the EU nations and the UK Parliament, before the UK leaves."
https://www.bbc.com/zhongwen/trad/china/2015/11/151125_100_women_china_gender_quality,觀察：女性在中國面臨「性別不平等」問題嗎？,BBC關注女性的專題《巾幗百名》今年邁入第三年，從世界各地選出100名傑出的女性制做報道。 最近，一些關於性別不平等的討論活躍於中國的社交媒體平台，某些議題更特別引起關注，例如大學是否讓男女有平等的入學機會？雇主是否平等錄用女性員工？女性會因為有第二個孩子而被賦有力量？ 中國官方媒體稱，工作場域中「嚴重的不平等」正影響女性角色在中國職場中的比例。 但隨著教育水平高於男性的女性越來越多，女性似乎在新的性別角色中被賦予更多力量，特別是台灣，似乎即將出現第一位女性總統。 社交媒體辯論 在社交媒體「新浪微博」上，一些推廣討論性別平等的標籤蔚為潮流。 11月23日， 在女性主義團體披露福建省的大學提供一些免費名額給男學生後，#抵制福建師範男生免費教育#的標籤被使用上萬次。 超過3000名網民使用了#計劃結婚被單位秒拒#的標籤，原因是在江蘇省一場畢業生招聘會上，有企業表示會將請產假與否列入招聘考量，一名有結婚計畫的女研究生稱她的履歷因此被退。 在同一天之中，#想要女兒男嬰被棄#的標籤也登上 「潮流熱搜榜」。事件是四川省一對夫婦因為想要女兒，而遺棄他們第三個兒子。 「為什麼人人都想生男孩」 #抵制福建師範男生免費教育#的標籤來自於福建省教育考試院公布，五百名免費就讀師範大學的男學生已入學，而其錄取分數比女生低近百分。 身穿制服的中國學生。 中國官媒《人民日報》22日分享一篇原載於《中國教育報》的文章，指出此政策是要培養更多幼兒園及小學的男性師資，文中寫到：「小學、幼兒園男教師太少，一定程度上影響了孩子對於性別的認知，造成男孩子陽剛氣不足。」 女性主義團體在微博上也指出，類似的政策也在安徽、江蘇和廣西推行。 網民對此表示憤怒，3萬名網民中的96%在網上投票表示應該廢除此政策。「傳統的重男輕女社會給男性太多好處。」一位網民說。另一網民稱男性因為免費受教育而贏在起跑點，他評論：「我終於了解為什麼人人都想生男孩。」 「因為是女性所以被拒絕」 女性社交媒體使用者更進一步指出在工作場域中的性別不平等。一位女學生向中國一家紙媒記者表示，在南京一場畢業生招聘會上，她被問到是否已婚，或是否有計畫要結婚。報道寫到，她「猶豫不決、不置可否，因此招聘單位馬上退回了她的履歷。」 該公司對媒體說：「之前有些女畢業生到我們公司來，不到半年就結婚懷孕，這對我們來說很麻煩。」 「性別平等在中國是個笑話」一名使用了#計劃結婚被單位秒拒#微博使用者說。這則留言得到超過70個讚。 一位女性也表達了同樣的挫折感，「現況就是，我可能會因為身為女性而被（工作）拒絕。」 「時代改變了」 嬰兒的性別問題在中國一直受到關注。 許多社交媒體使用者爭論「重男輕女社會」是否是造成中國性別不平等的原因。 但是在11月24日的熱搜關鍵詞#想要女兒男嬰被棄#，促使網民討論中國社會是否已經進入了新時代。 《成都商報》報道，在四川，一名男棄嬰被路人發現，當時身上有一張字條：「生於2015年11月21日早9點，因第一個是男孩，第二個還是男孩，第三個想要女孩。」 「從前因為貧窮，會把女孩丟掉。」一位網民的留言得到3500個讚。但是網民Szeretlek_Iijia說：「時代真的變了，當我回想，因為我是女孩所以我被送走，但現在的父母卻是會把男孩丟掉。」她的留言得到2000個讚。 「失衡問題嚴重」 在中國，關於性別的討論從九月以來越來越多，特別是在10月1日國家統計局發佈數據指出，中國在2020年性別失衡將更嚴重，男性將多於女性1千萬人。 《中國教育報》在11月24日刊登的文章關切男性受高等教育機會降低的問題，文章寫到中國男性和女性的教育落差顯著縮小，女性大學畢業生佔52.1%，研究所畢業生比例佔52.1%。 社交媒體使用者更指出，在白領階級職場上，性別差異更顯著。在9月29日，超過1萬名微博用戶討論發展中國論壇提到的現象，稱在大學藝術人文科系之中存在著「性別嚴重失衡問題」。 北京語言大學校方向安徽新聞表示，校內的女學生人數「特別多」，佔全校學生比例的83%。 「女總統」會是2016的潮流？ 台灣2016年總統參選人蔡英文。 除此之外，女性可能會在新的性別角色轉換的時代，獲得更多力量。特別是根據2016年台灣總統選舉結果預測，台灣可能會出現第一位女總統。 民進黨總統候選人兼黨主席蔡英文目前在民調中大幅領先其他總統參選人。儘管她和中國政府的態度相左，微博上仍然有許多討論她是否會成為第一位女總統的貼文。 社交媒體使用者也強調，在2016年，「女性賦權」將更進一步成為世界潮流。 「在2016年，世界事務的關鍵詞將會是『女總統』」一位微博用戶表示。「韓國的朴槿惠，緬甸的昂山素季，台灣的蔡英文，德國的默克爾，美國的希拉里……」 （編譯：劉子維 責編：蕭爾）
https://www.bbc.com/news/world-europe-52291326,Coronavirus: Denmark lets young children return to school,"Prime Minister Mette Frederiksen welcomed children as they went back to school in the capital Copenhagen. Denmark was among the first countries in Europe to impose a lockdown, with schools closed on 12 March. Infection rates have been low but critics warn the strategy is risky. ""We're all a bit nervous and we'll have to ensure that we stick to hygiene rules,"" Elisa Rimpler of the BUPL, the Danish Union of Early Childhood and Youth Educators, told the BBC. ""We have a lot of washing hands during the day. We don't have masks and we have to keep a good distance from each other so that's a very difficult task."" Denmark's move came as European Commission chief Ursula von der Leyen set out a roadmap on Wednesday for a gradual lifting of restrictions across the 27-state bloc, but made clear it was not a signal to act immediately. She set out key conditions involving a significant decrease in the spread of Covid-19, capacity in the health system, surveillance and monitoring. A donors' conference will take place online for governments and organisations to pledge money in search of a vaccine, Mrs von der Leyen added. Other countries besides Denmark have moved to relax lockdown measures this week: German Chancellor Angela Merkel will discuss easing restrictions with the country's 16 state premiers on Wednesday, with reports that they are expected to agree to a limited reopening of shops from next Monday and a relaxation of rules on movement from 3 May. Spain reported another 523 deaths on Wednesday and a 3% increase in infections but officials said the rise in new cases may have been due to a delay in reporting because of the Easter break. In Russia, veterans' groups have appealed to President Vladimir Putin to cancel the 9 May military victory parade marking the 75th anniversary of the end of World War Two. Kremlin officials have indicated the event could be held at a later date. What has Denmark done? Denmark has so far reported 299 deaths and 6,681 positive cases, although many more are thought to be infected. It has been widely praised for its swift action in restricting movement before Covid-19 infections were able to spread across the population - leading it to be compared to South Korea. The head of the SSI infectious diseases institute said Denmark had managed to reduce the number of other people that one positive case infects from 2.6 people before the 12 March lockdown, to 0.6. Tyra Grove Krause told Danish TV that the success had proved how social distancing, hygiene and other measures such as working from home could work. The prime minister has said so much progress has been made that she is discussing with political partners how to push forward with a further easing of the restrictions. On a visit to a school in the Valby area of the capital, Ms Frederiksen said she understood that some parents still preferred to keep their children at home. Some political figures have expressed concerns that guidelines setting out who should go back to school are unclear. The schools themselves will decide whether staff in an at-risk category should be at work or remain at home. One parent told the BBC that schools in her area were not going to open until Monday. She added that there was concern that authorities would try to enforce the return to school on children of families who had people at high risk from the virus living at home. What is happening in Germany? Angela Merkel held talks with cabinet ministers on Wednesday before discussing an easing of measures with Germany's 16 states. According to reports in German media, shops of up to 800 sq m (8,600 sq ft) will be allowed to reopen from 20 April subject to strict conditions on the number of customers allowed in at a time. Car dealers and bookshops would be allowed to open regardless of size, as well as zoos, libraries and botanical gardens. Other larger stores would then be allowed to reopen from 4 May along with hairdressers but religious services would still be barred, and bars and restaurants would remain closed. Curbs on people's movement are likely to remain in place up until 3 May and steps will be taken to restart education, with the focus on classes preparing for exams. North Rhine-Westphalia, Germany's most populous state, is already planning to reopen primary schools from the start of next week. Bavaria's state premier, Markus Söder, believes that is too soon. Germany's RKI public health institute has said the number of deaths from coronavirus has risen by another 285 in the past 24 hours to 3,254, which is relatively low for a population of 83 million. It now has 127,584 positive cases. The economy ministry said Germany fell into recession last month and is unlikely to come out of it before mid-2020."
https://www.bbc.com/zhongwen/trad/china/2015/10/151007_taiwan_kmt_meeting_hung_candidacy,國民黨在洪秀柱支持者包圍下舉行中常會,"台灣執政的國民黨在該黨總統提名人洪秀柱支持者包圍下舉行中常會。 在大批警察及拒馬的隔離下，這些洪的支持者在國民黨中央黨部外高喊「給我柱姐，其餘免談」，群眾並要朱立倫下台，由洪秀柱接手國民黨主席。 已表態若洪退選將頂替其參選的國民黨主席朱立倫，在此一不開放媒體採訪的中常會前先發表公開講話，他在一開頭先肯定洪秀柱的辛勞與努力，並說他可以感受到洪的委曲。 近日親自勸退洪但遭拒的朱立倫並說了一段他與洪見面時的版本。他說他與洪秀柱談話時向她表明當初沒有參選總統是對新北市民承諾，另一原因是為促成黨內團結，而這兩個理由仍未消失一直存在。 他並說洪秀柱多次提到的兩岸政策與國民黨長期以來主張有所落差，與台灣主流民意有所偏離，他希望洪能走回國民黨主張獲得主流民意認同。 朱說他身為黨主席必須向洪秀柱表明參選立委者面臨的困境，希望共同面對。朱立倫並否認與洪秀柱談話時有任何利益與條件交換。 洪秀柱在周二堅決參選到底記者會上，表明她拒絕接受條件交換，並提到黨內人士以資源及搭檔勸退她。政治評論員對此議論紛紛，並指出若用「資源」等來交換洪的退選可能涉及違法。 洪秀柱表明她拒絕接受條件交換，並提到黨內人士以資源及搭檔勸退她（資料照片）。 朱立倫在其公開講話中把國民黨比喻成一個大家庭，他說當一個大家庭面對困難時，要共同面對真心表達想法，「逃避沒有辦法解決問題，面對面不說真話，面對面講一套，背後說一套，也無法解決問題」。 在朱發表講話剛一結束，有洪秀柱支持者進入至會場，並高喊應由朱立倫擔任洪秀柱的副手。 有台媒指出參與此一中常會的過半數中常委，都聯署提案有關撤換總統參選人一案，該案的一段文字稱「若黨代表認為有輔選困難，無法提升本黨候選人之聲勢，為救黨及立委選情，建請更換原總統提名人，並請朱主席應予勇敢承擔」。 （責編：蕭爾） 網友反饋 當國民黨這個百年老店被中共滲透後，窮途末路已成定局，要中興？要返魂？已乏術矣！ 孟光, Hong Kong 台獨必敗 向七七, China"
https://www.bbc.com/news/world-middle-east-39350475,IS conflict: Strike on Raqqa school 'kills displaced civilians',"The Syrian Observatory for Human Rights said the building in al-Mansoura was being used as a shelter for displaced people when it was hit on Monday night. The activist group Raqqa is Being Slaughtered Silently said the fate of 50 families who were there was unknown. Both groups believe the raid was carried out by US-led coalition jets. The coalition said it had no indications that an air strike hit civilians but that it would investigate the reports of casualties, the Associated Press reported. The coalition acknowledged that there were 19 strikes near Raqqa on Monday, including three that destroyed IS ""headquarters"", and another 18 strikes on Tuesday. Read more Unravelling the Syrian puzzle Inside 'Islamic State': A Raqqa diary Islamic State group: The full story The coalition is supporting an offensive by an alliance of Syrian Kurdish and Arab fighters aimed at capturing Raqqa, the de facto capital of the IS ""caliphate"". As part of an operation to isolate the city, US helicopters airlifted Arab members of the Syrian Democratic Forces (SDF) behind IS lines on Wednesday in an attempt to take the Tabqa dam, about 45km (28 miles) to the west, the Pentagon said. The Syrian Observatory, which is based in the UK, said one of its activists had witnessed 33 bodies being pulled out of the rubble of the al-Badiya school in al-Mansoura, about 26km (16 miles) west of Raqqa. Two other people were found alive before IS militants arrived and told bystanders to leave, it added. Residents of the village told the Syrian Observatory that displaced families from Raqqa, Homs and Aleppo provinces were living in the school. Raqqa is Being Slaughtered Silently reported that the school was completely levelled by the strike, and that the 50 families who were sheltering there were still unaccounted for on Wednesday morning. The anti-IS group also reported that 20 civilians had been killed by coalition air strikes on the town of Tabqa on Tuesday. The Syrian Observatory said the al-Mansoura air strike meant at least 116 civilians, including 18 children and 23 women, had been killed in suspected coalition air strikes in the past two weeks. Raqqa is Being Slaughtered Silently put the civilian death toll at 101, but did not appear to include any of those feared dead in al-Mansoura. Earlier this month, the coalition said its air strikes in Syria and Iraq had unintentionally killed at least 220 civilians since August 2014. However, human rights groups believe the true figure is likely far higher. Airwars, an organisation that tracks allegations of civilian deaths, reports that at least 2,590 civilians are likely to have died. Syrian government and Russian aircraft also carry out strikes in Raqqa province. Later on Wednesday, new US Secretary of State Rex Tillerson opened the first meeting of the entire 68-member coalition since December 2014. Mr Tillerson said the Trump administration was determined to ""demolish and destroy"" what he called a ""barbaric terrorist organisation"". Elsewhere in Syria on Wednesday, rebels and allied jihadists continued two surprise offensives inside the capital, Damascus, and north of the city of Hama."
https://www.bbc.com/zhongwen/trad/china/2014/04/140423_hongkong_philippines,菲律賓總統府官員抵香港「將晤家屬」,馬尼拉劫持事件發生至今已達三年零八個月。 阿爾門德拉斯星期三（4月23日）早上抵達香港。案中遭殺害導遊謝廷駿的兄長謝志堅透過WhatsApp向BBC中文網記者證實，阿爾門德拉斯下午將與他們會面。 謝志堅也在Facebook上透露，香港保安局局長黎棟國等人當天凌晨與家屬和倖存者代表開會，並稱「事情終於接近尾聲」。 港府自馬尼拉市長埃斯特拉達星期二（22日）抵達香港至今仍未有任何公布，中國外交部則再次促請菲方「盡快妥善處理相關問題」。 謝志堅在Facebook上的留言說：「2014年，4月23日的凌晨，三年零八個月的抗爭，事情，亦終於接近尾聲。」 劫持事件發生在2010年8月23日，至星期三剛好滿三年零八個月。 「達成協議」 埃斯特拉達稱要來香港道歉。 以謝家和倖存者易小玲等為代表的遇難者家屬與倖存者一直要求菲律賓滿足道歉、賠償、懲處責任官員，和保證以後不發生同類慘劇。 埃斯特拉達星期二出發往香港前對菲律賓ABS-CBN電視台說，他希望此行能與香港行政長官梁振英會面，並已凖備提供約2000萬港元（258萬美元；1609萬元人民幣）的補償金。 香港媒體星期三報道，菲律賓政府與香港特區政府已就菲方道歉問題達成協議。這些消息仍待有關方面證實。 其中，《信報財經新聞》網站稱，雙方已經就道歉內容談判出「雙方都可以接受的字眼」，並已獲得兩地政府背書；菲方將由中央政府而非馬尼拉市政府代表締約，與埃斯特拉達的市政府無關。 《英文虎報》引述埃斯特拉達的代表稱，菲港雙方將在星期四舉行儀式簽署正式協議，埃斯特拉達也會向港方呈交馬尼拉市政府的道歉方案。 不過，ABS-CBN電視台星期二引述菲律賓總統府發言人陳顯達說，總統府希望埃斯特拉達此行能讓菲港關係得以緩和。 （撰稿：葉靖斯 責編：李莉） 網友如有評論，請用下表：
https://www.bbc.com/news/world-asia-india-52471659,Irrfan Khan: The Bollywood star loved by Hollywood,"In 2007 Irrfan came to New York to promote Michael Winterbottom's A Mighty Heart, an investigation into the kidnapping and murder of the Wall Street Journal's South Asia correspondent Daniel Pearl. In the midst of interviews with him and his co-stars, including Angelina Jolie, Irrfan pulled me aside and talked to me in Hindi. He asked if anything was happening - if people recognised him and whether he had a chance to get more work in the West. A Mighty Heart was Irrfan's second international project. His first, Mira Nair's The Namesake (2006) - a story about Indian American immigrants that was financed by a Hollywood studio - was still playing in some cinemas in New York and elsewhere. Yes, certainly something was definitely happening, I told Irrfan. I did not know of any other Bollywood actor who had two films playing in US movie theatres at the same time. And later that year, Irrfan was back again, playing a small supporting role in Wes Anderson's The Darjeeling Limited. Irrfan Khan was trained as a theatre actor in India's prestigious National School of Drama, but then struggled working as a television actor. His first big break was in British Indian filmmaker Asif Kapadia's film The Warrior (2001). The Bafta-winning film was presented in cinemas with an endorsement from late filmmaker Anthony Minghella. By 2007 Irrfan was already a star in Bollywood, India's Hindi film industry. He did not have to take on projects outside India, but as an actor he was always looking to face new challenges. His big break came the next year - Danny Boyle's unexpected hit film, Slumdog Millionaire. Slumdog made overnight stars of its young leads - Freida Pinto and Dev Patel. But it also opened up doors for Irrfan. He managed to get an agent and a manager in the US and there was no looking back. Soon he landed big-ticket projects - The Amazing Spider-Man (2012), although a rather small role, Inferno (2016) and even Jurassic World (2015). There is a story Irrfan told the press while promoting Jurassic World. When the original Jurassic Park opened in 1993, Irrfan was a struggling television actor in Bombay (now Mumbai). He could not afford to buy a ticket to see the film. Some 22 years later he played a key role in a franchise film that went on to earn $1.7bn (£1.4bn) worldwide. Irrfan suddenly became the most successful Indian actor to perform in a Hollywood film. But despite other big projects in the West - he played a key role in Ang Lee's Life of Pi (2012) - Irrfan had to make tough decisions, whether to accept big Hollywood films or to work on smaller but prestigious ones in India. That problem arose a few times. In 2015 he said no to working on Ridley Scott's The Martian, instead choosing a charming love story Piku, set in Delhi and Kolkata (Calcutta). ""He was in two minds about what to do, and he kept asking me,"" Piku's director Shoojit Sircar told me when I interviewed him for the biography of Irrfan. ""I was thinking, possibly for him, who is Shoojit Sircar? He's nobody compared to a Hollywood director."" Irrfan also said no to Ridley Scott's Body of Lies (2008). And his biggest regret was missing out on Christopher Nolan's Intersteller (2014), because his smaller India-based project The Lunchbox was being shot at the same time. This is a sign of the star Irrfan had become, especially after Slumdog Millionaire. He could have gone along that path of A-list projects, but in 2018 he acted in his first American indie, a sweet little film called Puzzle where he played an eccentric rich man, alongside Kelly Macdonald. The world was just opening up for Irrfan and he was in his early 50s. Then in the spring of 2018 he disclosed he was suffering from a neuroendocrine tumour. Soon he left for London for treatment. In two years of the struggle and cancer treatment, Irrfan was able to complete one Hindi-language film Angrezi Medium (2020). There was so much promise, so many more roles to play. Fortunately, he has left behind a large treasure trove of films his fans can watch."
https://www.bbc.com/zhongwen/trad/china/2014/05/140525_vietnam_sentences,越南公審並判刑兩名反華暴亂參與者,周日被越南當局公審並判刑的反華暴亂參與者之一周明拓。 越南警方此前已經逮捕了數百名參與導致多名中國公民死亡、百餘人受傷的暴力反華示威參與者。 包括越通社在內的越南官媒報道，這是當局對被捕的5月13日暴力反華示威人士所進行的首次法律程序。 公審兩人 周日被公審的周明拓（Chau Minh Tuong）被控犯有搶劫罪，他在南部省份平陽的多家商店搶劫電器。 檢控方說，周明拓先是參加平陽省越南公眾反對中國在有領土爭議的海域鑽井開採石油的抗議活動，之後乘亂搶劫。 他被控從兩家華人商店偷竊一台電腦屏幕、無線調製解調器和掃描儀、兩個鼠標和一個鍵盤。 但是因為周明拓在被捕後才過18歲生日，搶劫發生時還不滿18歲，所以對他只判處了1年監禁。 另一名星期天被公審的反華示威參與者黎文嚴（Le Van Nghiem）今年23歲，他被控犯有暴亂和破壞公共財物罪，獲刑3年。 黎文嚴被控在示威時煽動公眾反華情緒，呼籲把中國人趕出越南，他率眾破壞中國公司的大門，並阻止警方的控制，還搗毀一輛警車。 越南官方媒體報道說，周日的公審是在平陽當地的一家中學內舉行的，周明拓和黎文嚴的家人都被要求參加，讓他們感覺羞恥。 保護投資者安全 5月初，在中國中海油981號鑽油平台進入有領土爭議的南海西沙群島鑽探後，中越兩國的幾十艘船艇在鑽探現場衝突碰撞。 越南各大城市隨後出現了大規模反華示威，示威從南部向中部擴展，併發展為燒燬搗毀中資、台資公司，並毆打中國大陸人、香港人和台灣人。 越南的此次暴力反華示威，據認為，是過去30年來最嚴重的一次。 越南政府表示，將嚴懲暴亂的策劃者，爭取在一個月內審判暴亂分子。 越南總理阮晉勇也要求公安部等有關部門保護外國投資者，希望維持外國投資者在越南的安全感和信任感。 （編譯：嵇偉 /責編：尚清）
https://www.bbc.com/news/uk-northern-ireland-32539648,Should it be illegal to pay for sex in the UK?,"By Catrin NyeReporter, Victoria Derbyshire programme The authorities in Sweden say the number of women on the streets in the prostitution area in Stockholm has fallen from 700-800 to 200 women since the legislation was introduced in 1999. Prostitution is technically legal in the UK although related activities, such as soliciting for sex in a public place, are outlawed. Campaigners are calling for the new law to be implemented across the rest of the UK, to help stifle the trade and ""end demand'. But others say this just drives it into more dangerous locations and further stigmatises the industry and the best protection for prostitutes is actually legalisation. Here are two viewpoints from different sides of the debate. Ben: Prostitutes 'would take greater risks' Ben - not his real name - believes the trade serves a ""useful social function"". The 30-year-old single man, who works in PR in London, has paid for sex since he was 22. He has slept with 30 to 40 prostitutes. ""The law would probably only scare away the kind of customers who have something to lose,"" he says. Ben sleeps with prostitutes - or escorts he finds online - at their homes or hotels, once every two-to-four weeks. He says he pays around £100 an hour so it is not possible to do more often. ""A lot of the time I struggle with women and paying for sex for me is a way of experiencing the kind of sex that I probably wouldn't without paying for it, frankly,"" he explains. He says if buying sex was illegal it would stop him from doing it in the UK. ""To me it's not worth the risk to be arrested for a crime that would have such a stigma attached to it."" UK prostitution facts There were 60,879 prostitutes in the UK in 2009, who had an average of 25 clients per week - each paying on average £67.16 per visit One in 10 British men say they have paid for sex, a study of 6,000 found, while 3.6% admitted going to prostitutes in the past five years The trade in the human trafficking of foreign women to be sexually exploited in the UK is worth at least £130m 50% of women in prostitution in the UK started being paid for sex acts before they were 18, while 95% street prostitutes are problematic drug users About 17,500 men pay for sex each year in Northern Ireland. Only about 20 people still work as street-based prostitutes, the majority advertise online and work from houses Sources: Office for National Statistics, University College London, Home Office and Queen's University Belfast An anti-prostitution advocate would probably see that as a good thing, and evidence legislation was working, he says. ""What they don't take into account is that the fewer clients there are, the less choice there is for people who work in the sex industry. ""It would not stop people from entering the trade, it would give them less choice in the type of customer they had, which would probably mean they would take greater risks."" Ben says he does not believe that penalising customers would stop the sex trade, as Sweden still has prostitution, it has just moved indoors and onto the internet. ""If criminal penalties come in and there is a police crackdown, then of course this would change, but it would not change my opinion that the sex trade serves a useful social function. ""This isn't what a lot of people talk about on the other side of the debate. ""For a lot of customers it isn't the orgasm that they are chasing, it's the intimacy of being able to lie with someone in a bed for one or two hours that is absent from their regular life a lot. ""I can't say what it would be like for an average man. But if I had never paid for sex I would have had a really lonely life."" Mia de Faoite: Law will ""protect human dignity"" Mia de Faoite worked as a prostitute in the Irish Republic for six years, mainly on the streets of Dublin. She left the trade in 2010 with the help of a social worker and says it took her about a year to recover. She then joined the campaign to implement the Nordic model of law throughout Ireland. She does not agree with the suggestion legislation would hurt the work of women who choose to be prostitutes. ""In Ireland there's a handful of women like that who say they are happy to be there. This law is not about them. ""This law is about the vast majority of women who feel [like me] trapped and can't see the choices out. This law is about the protection of human dignity. ""This law is to stop the traffic because it will not stop until we cut off what makes it exist in the first place, and that is the demand, that is those who believe they have a right to buy other human beings for sex. ""The collateral damage for those who say they are happy to be there is that they will have to look for a new job. That's collateral damage I can sleep with."" She says prostitutes see the world in a different way. ""Within a short period of time your only human contact becomes men who buy you, and then the other damaged or addicted women that you stand alongside. So we don't quite see the world the same way as everybody else."" She says she does not believe that freedom to do whatever you want with your own body is an absolute right. ""Not if in doing what you do with your body feeds into an industry which at its worst leads to the rape and sodomisation of young women and girls. Then no, it's a much more limited right. But what is an absolute right is freedom from slavery, torture and servitude."" Victoria Derbyshire is broadcast weekdays from 09:15-11:00 BST on BBC Two and the BBC News channel. Follow the programme on Facebook and Twitter, and find all our content online."
https://www.bbc.com/news/world-us-canada-47660638,Cesar Sayoc: US mail bombs suspect pleads guilty,"Mr Sayoc, 56, could be jailed for life for his criminal charges, which include using weapons of mass destruction and mailing explosives with intent to kill. He had initially pleaded not guilty, but will now avoid going to trial. Mr Sayoc is accused of mailing 16 pipe bombs to 13 targets including ex-President Barack Obama last October. None of the devices detonated, but the incidents caused a national scare just weeks before the US mid-term elections. In November, Mr Sayoc had pleaded not guilty to the 30 charges against him. On Thursday, he reversed that plea before US Judge Jed Rakoff in Manhattan. In an emotional statement, Mr Sayoc apologised for his actions and stated he had created the explosive devices using materials including firework powder, the Washington Post reported. ""I knew these actions were wrong. I'm extremely sorry,"" he said. His trial had been scheduled for July. The 56-year-old has been held without bail in New York since his arrest on 26 October, 2018. Mr Sayoc allegedly mailed pipe bombs to prominent Democratic individuals and outspoken critics of Mr Trump, including Former Secretary of State Hillary Clinton, Former Vice-President Joe Biden, Former CIA Director John Brennan, and Senators Cory Booker and Kamala Harris. Mr Trump called the mail bomb campaign ""despicable"" while opponents pointed to Mr Trump's vicious rhetoric against critics and the press as contributing to nationwide tensions. The FBI zeroed in on Mr Sayoc after his fingerprint was allegedly found on one of the packages."
https://www.bbc.com/news/uk-scotland-49502861?ns_mchannel=social&ns_source=twitter&ns_linkname=news_central&ns_campaign=bbc_breaking,Scottish Conservative leader Ruth Davidson 'on verge of quitting',"Ms Davidson has been deeply unhappy with the prime minister's pursuit of a possible no-deal Brexit. She is said to be considering her position, with a statement on her future likely to be made on Thursday. Ms Davidson, who gave birth to a son in October of last year, has been leader of the party since November 2011. Sources have told the BBC that Ms Davidson's decision was based on a mixture of personal and political factors which have been building over recent months. And they insisted it was not a direct result of the announcement by Mr Johnson that he wants to suspend parliament in September - only a few weeks before the Brexit deadline of 31 October. The Scottish Daily Mail on Thursday quoted her as saying her time in frontline politics has taken a ""toll"" on her family and friends as well as herself. She said: ""Those of us who are lucky enough to serve in political leadership accept the toll it takes but there's always a part of us which can never accept the effect it has on family and friends too. ""As we go forward to an incredibly turbulent time in UK and Scottish politics, I want to make clear the Scottish Conservative and Unionist Party is in great shape and will continue to hold the SNP to account ""Scotland's best interests will always be as part of the UK and everyone in the party - from the leader to our activists - are determined to make that case every day from now until the general election."" BBC Scotland's political editor, Brian Taylor, said that he believed Ms Davidson has made her mind up to stand down. He added: ""She has been eight years as Conservative leader, during most of which she has driven the party and the Conservative cause forward. She was talked of at various points as being a potential prime minister and said herself the ambition was to be first minister. ""But it would seem she is, amid the turmoil of Brexit, resigning from both of those options."" The Scottish Sun, which broke the story, said it had been told by a senior Conservative source that juggling motherhood with politics had ""taken its toll"" on Ms Davidson, as had the ""current political climate, where she's found herself at increasing odds with the new leadership in London"". It has been reported that she is likely to continue serving as the MSP for Edinburgh Central. Ms Davidson backed Remain ahead of the EU referendum, and famously clashed with Mr Johnson in a live TV debate at Wembley before the vote - when she accused the Leave side of telling ""untruths"". She publicly backed opponents of Mr Johnson in the Conservative leadership contest, and has previously said she would not support a no-deal Brexit. Ms Davidson was also said to have been angered by Mr Johnson's decision to sack David Mundell - a close political ally of hers - as Scottish secretary and replace him with Alister Jack. The 40-year-old was widely credited with turning around the fortunes of the Scottish Conservatives, with the party more than doubling its number of seats at Holyrood in the 2016 election - making it the second biggest party behind the SNP - and increasing its MPs from one to 13 in the 2017 general election. That relative success had seen her tipped as a future UK Tory leader, but she insisted she had no interest in the job - and that she was focused only on replacing Nicola Sturgeon as first minister of Scotland at the next Holyrood election in 2021. When she returned to the Scottish Parliament from maternity leave in May, she told BBC Scotland that it would be ""tough to tear myself away from the wee man"" but that ""having a child and coming back to work is a part that lots of women play"". 'Real blow' Reacting to the news that Ms Davidson may quit, Scottish Labour Leader Richard Leonard said: ""If the rumours are true then the loss of Ruth Davidson as leader of the Scottish Conservatives will be a real blow to her party. ""This shows that even within his own ranks, Boris Johnson is already losing support and credibility. Scotland and the UK needs a general election as quickly as possible to oust him from Downing Street and elect a Labour government."" Scottish Liberal Democrat leader Willie Rennie said: ""It's no surprise Ruth Davidson has run out of reasons to stand by this dangerous and power hungry prime minister. ""There must be lots of other like-minded conservatives who are horrified at this blatant abuse of power and can't stomach being party to this destructive agenda any longer. They should take this as the signal to abandon ship."" Scottish Greens co-leader Patrick Harvie said: ""It seems clear that Ruth Davidson and several of her senior colleagues at Holyrood are every bit as disturbed as the rest of the country by Brexit itself, and by the dangerous No Deal agenda of Boris Johnson. ""Ruth may be have unable to foster any kind of rational politics inside the Conservative Party, but she is at least due some credit now for ending the pretence and resigning as party leader, and at a personal level I wish her well for the future."""
https://www.bbc.com/news/uk-wales-politics-47227745,Brexit: Martial law 'must not be used' if no deal - Plaid,"The party called on Gavin Williamson to ""make clear"" the UK government was not considering using soldiers on the street in that scenario. Martial law involves suspending normal law, and temporary military rule. The government said there were no plans to use defence resources for public order in the event of a no-deal Brexit. Plaid Cymru MP Jonathan Edwards has tabled a parliamentary motion calling on the defence secretary to clarify that the imposition of martial law was not under consideration. Health Secretary Matt Hancock has denied reports that the government was ""specifically"" planning for martial law if the UK left without a deal - but he has not ruled it out. Carmarthen East and Dinefwr MP Mr Edwards said: ""It is both absurd and terrifying in equal measure that the British state is considering putting soldiers on the streets as a result of their own bungled Brexit policy. ""The British government must clarify the mission statement it has sent accompanying the call up and calling for it to be published. ""The economic effect of imposing a state of emergency would be catastrophic. That is not to mention the democratic and social implications."" A Ministry of Defence spokesperson said: ""There are no plans to utilise defence resources for public order in the event of a no-deal Brexit, however defence remains closely engaged on contingency planning and remains available to support the civil authorities if necessary."""
https://www.bbc.com/news/world-us-canada-43787667,Starbucks: Protesters call for boycott after black men arrested,"The coffee chain's chief executive, Kevin Johnson, apologised for the arrests in a statement on Saturday. But protests continued, with many entering the store on Monday to call for the manager's dismissal. On Twitter, the hashtag #BoycottStarbucks has been shared tens of thousands of times. The arrests took place on Thursday evening. The two men, who had not made a purchase, were waiting for a friend to arrive when they were asked to leave by the store manager. They refused and police were called. A video of the incident posted on social media has been viewed close to 10 million times. Philadelphia police commissioner Richard Ross defended the police's actions in a video statement posted to Facebook. ""It is important to emphasise and underscore that these officers had legal standing to make this arrest,"" he said. ""They were called to the scene because employees said they were trespassing. ""It is important for me to say that, in short, these officers did absolutely nothing wrong. They followed policy. They did what they were supposed to do. They were professional in all their dealings with these gentlemen."" Online, the arrests have prompted anger and debate. Some social media users shared stories of discriminatory behaviour. Writer Brian O'Sullivan also linked the arrests to race. ""I've seen many, many white people sit at Starbucks without ordering and I've never seen management ask them to leave,"" he said. ""What happened is despicable,"" he added. The American Civil Liberties Union (ACLU) tweeted to demand ""implicit bias training for police nationwide"". ""Sitting in Starbucks while being Black resulted in two men being arrested,"" the organisation posted on their official Twitter page. ""Racial justice demands... profound culture change that upholds and protects the dignity of people of colour."" In his statement, Starbucks chief executive Kevin Johnson said, ""the basis for the call to the Philadelphia police department was wrong. ""Regretfully, our practices and training led to a bad outcome. ""Our store manager never intended for these men to be arrested and this should never have escalated as it did."" By UGC and Social News team"
https://www.bbc.com/news/business-55131506,New Lloyds boss may land £5.5m pay day,"Mr Nunn has been announced as the new replacement for Antonio Horta-Osorio, who leaves the bank in the summer. He will be paid about a fifth less than the outgoing boss. The £5.5m figure is the maximum he could receive in annual pay. The sum includes a £1.13m salary, a fixed bonus of £1.05m and longer-term bonuses and pension payments. Top banker salaries in the UK have been dropping in recent years amid sluggish share price performance, low profitability and shareholder unease. Mr Nunn will also be bought out of various bonuses he was expected to be paid at HSBC, where he led the bank's High Street banking division. The bank didn't disclose an amount. Mr Horta-Osorio was paid £4.73m last year - down on the £6.54m a year earlier. Mr Nunn's maximum £5.5m payout compares with a potential £4.26m award for NatWest boss Alison Rose, £8.3m for Jes Staley at Barclays and £9.9m for HSBC chief Noel Quinn. In each case, the total is based on demanding targets, and the final payout is likely to be lower. Insiders at Barclays and HSBC insist that their companies are more complex businesses, taking in investment banking and operations abroad. But such large payouts still attract criticism. ""Changes in key staff are an absolutely critical test of whether banks are serious about changing the culture of vast internal pay gaps between a handful of senior bankers at the top and the branch staff, cleaners, caterers, security workers and administrators who ensure the organisation can function,"" said Luke Hildyard, executive director of the High Pay Centre think tank. ""This is a real failure of that test. It really shouldn't require a £6m pay package to attract someone to the job."" A start date has yet to be agreed with HSBC, which could mean finance chief William Chalmers has to lead the bank after Mr Horta-Osorio leaves and before Mr Nunn arrives. Remote working Last month, Lloyds asked staff currently working from home as a result of the coronavirus pandemic to continue doing so until at least next spring. The group said the decision was ""in line with guidance"". At present, the UK government recommends people work from home to limit the spread of Covid-19. Lloyds has 65,000 staff, the majority of whom are presently working remotely. In September, the bank said it was cutting 865 jobs in areas such as insurance and wealth management as it revived plans to restructure the business."
https://www.bbc.com/news/uk-scotland-scotland-politics-53422581,"Coronavirus: More than 700,000 Scots get furlough support","UK government figures show that, up to the end of June, 736,500 Scots had been furloughed. In addition, another 155,000 claims have been made to the scheme supporting self-employed workers during the lockdown period. The Scottish government has called for the furlough scheme to be extended, particularly for the hardest hit sectors. The coronavirus job retention scheme currently pays 80% of furloughed employees' wages, up to £2,500 a month, although the chancellor has announced plans to reduce UK government contributions from August and end the scheme in October. An estimated 75% of eligible self-employed Scottish workers have applied for financial support from the UK government, with an average claim of £2,900. Regional breakdown The figures, broken down by area, show 88,300 jobs in the Glasgow city region area have been furloughed (32%), while 58,400 people have received support through the job retention scheme in Edinburgh (28%). By local authority, Highland has the highest percentage of people on furlough with 34% (36,600 eligible jobs), followed by Perth and Kinross with 33% (22,200 jobs). Scottish Secretary Alister Jack said: ""The UK government continues to do whatever it takes to get Scotland, and the whole of the UK, through the coronavirus pandemic and ensure our economy can get back on track."" ""People and businesses in Scotland also continue to benefit from UK-wide schemes such as VAT deferral, company loans and Universal Credit."" Earlier the Scottish government's economy secretary, Fiona Hyslop, said the furlough scheme needed to continue longer for some parts of the economy. She added: ""It is only fair that these businesses are supported when they've had to close through no fault of their own, and have undoubtedly helped save lives as a result."""
https://www.bbc.com/news/world-latin-america-46743902,Colombia coca production: US 'deeply concerned' by rise,"At a meeting with Colombian President Ivan Duque, Mr Pompeo said the two countries would try to reduce coca production by 50% by 2023. Colombia has already vowed to step up its coca eradication programme. A recent UN report said the amount of agricultural land used for coca crops in Colombia had hit record levels. The country has fought for years to tackle cocaine production, with the US providing about $400m (£318m) annually to help combat the producers and traffickers. Colombia is the world's largest producer of cocaine, while the US is the world's largest consumer. ""The United States remains deeply concerned about the surge in coca cultivation and cocaine production in Colombia since 2013, and its impact on each of our two countries,"" Mr Pompeo said while alongside President Duque in Cartagena. ""We know we must do our part to reduce demand in our country and we'll work alongside you here as well."" Mr Duque thanked the US for its support in the drugs war. Speaking last month, Mr Duque said that more than 80,000 hectares of illicit crops had been eradicated in 2018. The government says it aims to remove another 100,000 hectares in 2019. But Colombia says more money is needed to persuade farmers to switch to less lucrative, legal crops. What is the scale of the problem? The UN Office on Drugs and Crime (UNODC) issued statistics in September that showed coca production acreage in Colombia in 2017 was the highest ever recorded. The total area given over to cultivation - about 171,000 hectares - was an estimated 17% higher than 2016. The UN said the region bordering the Pacific ocean in Colombia was the most intensively cultivated. On its own, the state of Narino on the frontier with Ecuador has more farmland dedicated to coca than the whole of Peru, which is another large producer. Eighty per cent of the coca has been grown in the same area for the past 10 years, while crops produce 33% more coca leaf than they did in 2012, the report said. In August, newly elected President Duque said the government would create a new drug-fighting policy, saying the goal was to have ""concrete results"" in the next four years."
https://www.bbc.com/zhongwen/trad/china/2016/05/160504_taiwan_ma_taiping_island,馬英九卸任前夕 再派「訪視團」登太平島,台灣官方將在5月5日再度前往太平島，外界預估，應該是海牙「南海仲裁案」即將宣佈，官方再次宣示主權的作為（圖為馬英九登太平島的資料照片）。 根據台灣官方的名單，總統馬英九於5月5日將籌組任內最後一次「太平島訪視團」，並邀請多位台灣以前的高級官員一同與會。其中最受到注目的，就是已經高齡96歲，前台灣行政院長、參謀總長郝柏村。 再度組團登太平島 對於即將訪問太平島，郝柏村辦公室工作人員跟BBC記者透露，「郝前院長是很期待也很興奮的，這麼多的台灣離島跟礁中，只有太平島他還未曾去過，以前他在參謀總長任內相當忙碌」。 其中，該辦公室人員也說，以前去太平島相當麻煩，需要至少一周搭乘補給船隻，現在「搭飛機相當方便」，加上郝院長身體相當硬朗，惟獨就是聽力方面會有點遲鈍，但郝院長對此仍然對太平島行相當期待。 這次的「強化主權」行動中，預計同行的還有台灣前行政院長毛治國、前國安會的蘇起、胡為真等重要幹部。 挑選在海牙仲裁前 位於南海的太平島，始終是台灣與菲律賓爭執不下的國際海域焦點。菲律賓因為宣稱太平島是「島」不是「礁」，無法擁有200海里經濟海域，因而訴諸海牙國際法庭，判決即將在5月6日至20日間出爐。 根據通曉國際法與國際談判的台灣政治大學國際事務學院宋承恩向BBC記者表示，海牙仲裁的內容主要在於「中國的九段線主張是否合法」，以及「中國所佔領的七個島礁是否能擁有12海里以外的權力」等。 台灣總統馬英九將在5月5日再度組「太平島訪視團」，現年96歲、身體依舊相當硬朗的前行政院長郝柏村也將同行(資料照片)。 宋承恩認為，民眾可能會誤認這是「島嶼主權爭議」，但其實論點是在這些「島嶼的經濟海域是否有效」。如果馬政府是用「護土」或是說「太平島島嶼受到威脅」等論點，但其實菲律賓並沒有告太平島，只是論述中引證「太平島」都不行了，更何況中國所論述九段線中的島嶼。 宋承恩表示，許多台灣或是華人媒體可能誤會了訴訟本質，這次仲裁案其實不會影響到太平島在那邊的經營跟實質佔領，但是會影響到的是中國現在佔領的礁岩。 一直以來，台灣總統馬英九對於太平島始終相當關注，在1月28日時，他就已經率領一級官員登島，希望以實際行動證明對太平島的重視。當時曾引起美國關注，還有菲律賓官方的抗議。 而在隨後，馬政府也在3月邀請媒體團前往，4月時也邀請國際法學者「一同見證」太平島是島而非礁的「事實」。 根據台灣官方，他們透過影片展示一連串島嶼上的「經濟」，包括自來水設施、小型農場以及植物生態，讓島上的官兵完全可以「自給自足」，藉以駁斥菲律賓的說法。 但越南外交部發言人黎海平曾在4月表示，越南政府反對台灣邀請媒體登太平島，稱此舉侵犯越南的主權。 馬英九卸任前表態 馬政府這半年來好幾次藉由「登島」的動作來表示主權，宋承恩認為這一連串動作是計畫好的。 宋承恩擔心的是，馬政府以「兩岸華人」的固有領土切入，加上太平島本身就是島嶼，向外主張200海里的海域，在中國既有「大中國架構」下，未來中國大陸政府也可「承襲」這一說法，認為太平島是「大中國領土」，開始慢慢在附近海域活動，這也是「菲律賓所擔心的」。 而台灣與中國的立場是否一致，就是相當重要的問題，「之前美方會擔心，就是認為台方與陸方一起唱和，這也是馬政府始終沒講清楚」。 從馬習會以來，還有就是外交部始終站在「中華民國」立場捍衛領土主權，宋承恩認為馬英九還是在「大中國架構」下，這也是美國與菲律賓會擔憂的一點。 在南海問題是，台灣有自己的利益要顧，中國也有自己的利益要顧，但國際上常常會認為，台灣利益是中國利益的一環。宋承恩認為在太平島利益中，台灣還是要與美日持續維持穩定友好，不能隨意被拉入任何一種民族立場中。 台灣在太平島上的南沙指揮部（資料照片）。 而BBC記者問，這樣的太平島爭端是否會到下一任蔡英文政府，宋承恩表示「絕對會」。馬總統當然希望蔡英文持續執行他的架構，「但必須坦承，馬英九沒給蔡英文太多選擇」，包括「九二共識」，或是南海議題，還會有「民族大義」上的包裝。 宋承恩認為，現在世界上有很多國家政黨本來就會有不同看法，「前任綁住後任」這樣的做法本身就不多見，但感覺現在馬政府一連串地動作，會有種「為下任政府或台灣人民定下框架」的感覺，是否明智，值得思考，他說。 （責編：蕭爾）
https://www.bbc.com/news/uk-england-york-north-yorkshire-54251358,Selby Town criticised over U-turn on domestic violence convict,"Reece Thompson, who was convicted of assault and grievous bodily harm, was taken on trial by Selby Town earlier this year. Following a backlash after he played against Tadcaster in August, the club said he would not be joining, but has now changed its position. Some fans said it sent out the wrong message to victims of abuse. Previously, the club said it had shown ""a serious error of judgement"" after fielding the 26-year-old. 'Club doesn't condone' However, in an updated statement, the non-league side said it was not its place to ""further punish"" the player for his actions. ""The club does not condone Reece's actions and we can only imagine the impact upon those involved,"" a spokesperson said. ""Reece has rightly been judged in a court of law and served his sentence. ""With that in mind we believe that a second chance could and should be provided..."" Dozens of fans responded to the move on the club's social media pages, with many disagreeing with the decision. Minority agree One fan wrote: ""It's not about 'not punishing him - it's about your integrity as a community club of Selby and the message it sends out to thousands of women who suffer from domestic violence at the hands of their partners."" A minority of the posts agreed with the move. ""Common sense prevails,"" one fan said. More news and stories from Yorkshire Thompson appeared at Nottingham Crown Court in April 2019 where he admitted grievous bodily harm, assault occasioning actual bodily harm, and criminal damage of property. The player, who lived in Doncaster at the time, was jailed for three years and four months and given a restraining order lasting 10 years. Follow BBC Yorkshire on Facebook, Twitter and Instagram. Send your story ideas to yorkslincs.news@bbc.co.uk or send video here."
https://www.bbc.com/zhongwen/trad/world-48001701,斯里蘭卡連環爆炸：當局指施襲者有外國聯繫,遇難者家屬認領親人遺體時，不禁掩臉落淚。 斯里蘭卡當局已經逮捕了24人。內閣發言人塞納拉特納（Rajitha Senaratne）指出，當局目前懷疑襲擊由一個稱為全國認主學大會組織（National Thowheeth Jama'ath，簡稱NTJ）的激進穆斯林組織發動，而且牽涉一個「國際網絡」。 中國外交部發言人耿爽周一（4月22日）確認有5名中國公民在襲擊中受傷，但無生命危險，另外有5名中國人失去聯絡。台灣媒體報道指出，一名台灣人疏散期間被玻璃割傷。 斯里蘭卡當地時間周日（4月21日）共發生8起爆炸案，分佈於首都科倫坡、附近的尼甘布以及東部拜蒂克洛，涉及3個教堂及4家酒店。遇襲教堂當時正舉行復活節主日崇拜。教堂內天花被破壞、堆滿瓦礫、布滿血跡，亦有人流血倒臥地上。 襲擊發生後，多處地點都有士兵把守。 最新發展如何？ 政府在周日凌晨實施宵禁後宣佈，於當地時間周一晚上8時（即北京時間晚上10時30分）再次實施宵禁，直至當地時間周二（4月23日）早上4時。 另外，斯里蘭卡當局發出聲明預告，將於周一午夜（即北京時間周二早上2時30分）宣佈全國進入緊急狀態。聲明又指措施將有助當局「保障公眾安全」，不會影響言論自由。 當地警方至今在全國多地調查事件，但沒有公布被捕24人的資料。BBC僧加羅語記者阿扎姆‧阿明（Azzam Ameen）引述政府消息說，當局認為這些人都是一個「激進伊斯蘭組織」的成員。 法新社報道，斯里蘭卡警察總長在爆炸發生10天前，曾經收到可能自殺襲擊的警告。情報警告透露，激進穆斯林組織NTJ計劃襲擊著名教堂和印度駐斯里蘭卡高級專員公署。NTJ去年開始讓人關注，因為組織被指涉及破壞當地佛像。斯里蘭卡與印度同為英聯邦（大英國協）成員，英聯邦成員國之間不互設大使館，改設高級專員公署。 斯里蘭卡總理維克勒馬辛哈（Ranil Wickremesinghe）之後接受訪問時指出，當局必須查清為什麼相關部門「沒有採取適當防範」。 但總統幕僚長費爾南多（Hemasari Fernando）解釋，當局收到的情報只有指出「一兩宗襲擊」，完全沒有預計襲擊規模如此巨大。 Aftermath of deadly Sri Lanka explosions 悲痛的死難者家屬 BBC僧加羅語記者阿扎姆‧阿明周日發生爆炸後，趕到科倫坡出事的教堂現場報道。他說，起初有傳言指，可能會有更多襲擊，警方呼籲人們留在家中。現在，主要國家機構及大廈有軍人在場戒備，這原本是一個和平的周日上午，許多人也在參與復活節的活動，沒有人預計到會有這宗襲擊。 科倫坡總主教馬爾科姆‧蘭吉特樞機（Malcolm Ranjith）對BBC表示，教堂沒有很多安全設施，因為從來沒有想過教堂會發生這樣的事情。他呼籲政府作不偏不倚的調查，懲罰行兇者，他形容只有動物會做出如此行徑。 神職人員到達現場。 死傷者留下的鞋。 科倫坡內一間教堂爆炸後的情況。 印度總理莫迪、澳洲總理莫里森、英國首相特蕾莎‧梅等國家領袖和政客均譴責襲擊。 斯里蘭卡曾經經歷長達20多年的內戰，泰米爾伊拉姆猛虎解放組織領導人在2009年被擊斃後，斯里蘭卡宣佈內戰結束。這場內戰佔計造成7萬至8萬人死亡。 BBC南亞事務編輯安巴拉桑·埃瑟拉疆（Anbarasan Ethirajan）表示，復活節是當地最繁忙的節日，這宗襲擊選擇的時間和目標，都是想做到最大的破壞。其中一間教堂所在地，是東部的拜蒂克洛，那兒是內戰時期，反對派泰米爾武裝的重地。自從2009年起，斯里蘭卡大致上是和平，過往斯里蘭卡都有發生種族衝突，但這是首次這麼多所教堂同時成為遇襲目標。 位於科倫坡的香格里拉酒店，損毀嚴重。 大批警員和醫護人員趕到出事教堂。 根據2012年的政府數字，斯里蘭卡全國人口約2200萬人，當中70%是佛教徒，12.6%人信奉印度教、9.7%是穆斯林，以及7.6%基督徒。 當地多年來存在宗教矛盾衝突問題。政府一度在去年3月發出緊急狀態令，因為當地發生多起佛教僧加羅社區針對伊斯蘭清真寺的襲擊。 佛教僧侶到出事現場。 代表當地200多間教堂及教會的組織統計，去年有86起針對基督徒的歧視、恐嚇及暴力個案，今年則錄得26起。 美國國務院去年一份有關斯里蘭卡的人權報告提到，當地一些基督教組織及教堂受到施壓要暫停祈禱活動，當局把它們視為未經批准集會。
https://www.bbc.com/zhongwen/trad/world-53383196,印度猛似新冠的奪命毒蛇和世衛組織呼籲重視,印度眼鏡蛇通常在天黑後攻擊人畜，並引起內出血，需要立即就醫。 這項由印度和國際著名專家進行的研究稱，近一半的受害者年齡在30至69歲之間，其中四分之一是兒童。 多種世界十大毒蛇中的山蝰（又被稱為盧氏蝰蛇，Russell's vipers），印度環蛇（又被稱為銀環蛇，Kraits）和眼鏡蛇是造成大多數被蛇咬的印度人死亡的原因。 其餘死亡是由至少12種其他毒蛇造成的。 印度很多人被蛇襲擊咬傷後喪命，因為事故大多發生在無法迅速得到醫治的地區。 有半數的死亡發生在6月到9月的季風季節，這段時間會有很多蛇在山區或者鄉村出沒。大多數受害者都是腿被咬傷。 這項研究發表在《eLife》生物科技期刊上，它是基於印度正在進行的雄心勃勃的「百萬級提前死亡項目」研究中收集的數據。 印度三種大毒蛇 印度環蛇晝伏夜出，因此通常白天相對安靜，但在晚上變得兇猛。它可以長到1.75米的長度。 山蝰是印度著名三大毒蛇的其中之一，主要分佈在印度次大陸，東南亞，中國南方，台灣島。它由英國在印度的外科醫生和爬蟲類學者柏德烈·羅素（Patrick Russell，1726-1805）博士最早研究。 這是一種進攻性普遍很強的毒蛇。它以老鼠等嚙齒動物為主食，因此經常在人類居住區附近被發現，無論是在印度一些城市還是在農村都有。 印度環蛇（又被稱為銀環蛇）晝伏夜出，因此通常白天相對安靜，但在晚上變得兇猛。它可以長到1.75米的長度。 印度眼鏡蛇通常在天黑後攻擊人畜，並引起內出血，需要立即就醫。 毒蛇最多的邦 上述研究還發現，在2001年至2014年之間，約70%的蛇咬死亡案例發生在8個邦：比哈爾邦、賈坎德邦、中央邦、奧迪沙邦、北方邦、安得拉邦（包括從中獨立出來的新邦特倫甘納邦），拉賈斯坦邦和古吉拉特邦。 這項研究稱，印度人在70歲之前死於蛇咬傷的平均風險約為250分之一，但在某些地區，風險接近100分之一。 研究人員說，生活在鄉下農村社區、在季風季節被蛇咬傷的風險最高。 研究人員說，這些地區應該重點以簡單可行的方法教育民眾在農業收獲季節避免或降低蛇咬風險的方法，比如穿著橡膠靴，戴手套和使用手電筒等。 世界衛生組織呼籲 世界衛生組織說，防治毒蛇咬傷問題是全球公共衛生的一個優先事項。 世衛組織說，受到毒蛇攻擊導致併發症使這個問題成為最被忽視的熱帶疾病之一。 在許多熱帶和亞熱帶國家，全球每年發生約540萬起蛇咬傷事件，導致180萬至270萬人因毒蛇咬傷中毒，每年有8.1萬至13.8萬人被蛇咬傷死亡。 大約是這個死亡人數3倍的人存活下來，但留下永久殘疾。
https://www.bbc.com/zhongwen/trad/china/2014/01/140126_china_malaysia,中國軍艦巡邏曾母暗沙顯示宣示主權信心,中國三艘軍艦在與馬來西亞有主權爭議的曾母暗沙巡邏，宣示主權。 路透社報道，這三艘軍艦屬於中國海軍南海艦隊遠海訓練編隊。這是北京政府在南中國海顯示主權信心的最新舉動。 路透社引述中國官方媒體新華社的報道說，巡邏曾母暗沙的是兩棲船塢登陸艦長白山艦，以及兩艘導彈驅逐艦海口艦和武漢艦。 新華社的報道說，周日上午8點整，三艘艦船在曾母暗沙排成品字形列陣，舉行「走向深藍、矢志強軍」的主權宣誓簽名儀式。 編隊指揮官、南海艦隊司令員蔣偉烈在宣誓儀式上講話，敦促士兵要隨時凖備打仗，提高戰鬥力，使中國成為海洋強國。 中國近年來與多個鄰國就石油和天然氣資源豐富的南中國海部分海域的主權歸屬問題發生越來越激烈的爭執。 戰略要道 中國聲稱的主權歸其所有的地區，幾乎佔了全部南中國海的所有海域，而該海域是縱橫交錯的重要海上航道和戰略要地。 曾母暗沙在這一海域的最南端，距離中國大陸2000公里，中國和馬來西亞都聲稱這片海域屬於自己。 去年春天，馬來西亞舉行示威活動，抗議四艘中國船隻侵入曾母暗沙地區的沙撈越婆羅洲。 本月初，中國開始在南海實施新的管理規章，規定所有外國人和外國漁船進入海南管轄水域捕魚或進行漁業資源調查活動，都應該經過中國國務院批准。 此舉引起菲律賓和美國的不滿，美國本月早些時候說，中國實施這一管理條例具有「挑釁性和潛在的危險」，美國對此「感到擔憂」。 越南、台灣、文萊、馬來西亞和菲律賓都聲稱對南中國海的部分海域擁有主權。 （編譯：嵇偉 責編：尚清）
https://www.bbc.com/news/world-middle-east-42129374,Saudi Arabia detentions: Living inside 'five-star prison',"Lyse DoucetChief international correspondent@bbclysedouceton Twitter It's not the treatment more than 200 of Saudi Arabia's richest and most powerful ever expected, and certainly never desired, when 32-year old Mohammed Bin Salman launched what was billed as an unprecedented drive against corruption and abuse of power and privilege in the kingdom. Three weeks on, Riyadh's most prestigious hotel is still the talk of the town. But since the midnight raids which snared at least 11 princes and some of the biggest Saudi billionaires, only snippets have surfaced. Rumours swirl around Riyadh and many capitals beyond about what's really happening inside this gilded prison. No one goes in or out of its swirling black metal gates now without official permission. Just past midnight last week, we were allowed to drive in under police escort, down a sweeping avenue towards the sprawling complex washed in golden light. As we alighted, we were greeted by some of the impeccable hotel staff still offering round the clock five star service. But there was a sterner reception from Saudi officials now involved in this crackdown: no faces to be filmed by our crew; no conversations recorded during a first visit by journalists. A stay lasting a few hours, surrounded by officials, could never yield a full account. But it provides glimpses of life inside. Even in the dead of night there are huddles of men, dressed in traditional white robes and red and white chequered headdress, speaking in hushed tones in dark corners of the cavernous lobby. Hardly anyone raises their eyes. Only an occasional tinkle of silver spoons on porcelain tea cups or glasses of foaming café lattes breaks an eerie silence. Who are the 'special guests'? The mood, around the same hour on 4 November, must have been starkly different when some of Saudi Arabia's most privileged elite were forcibly checked in. ""They didn't believe what was happening,"" says an official who identifies himself as belonging to the ""Special Committee"" pursuing this anti-corruption operation. ""They thought it was just a show which wouldn't last long."" ""Sure they were angry,"" he admits, with barely concealed satisfaction. ""If you tell someone 'you are a thief', they get angry. Imagine if they are a VIP."" We're sitting in one of the lobby's elegant clusters of sofas and plush chairs along with an official from the public prosecutor's office, and what's described as an independent human rights society. We're provided with a briefing, on the condition that no-one is quoted by name. Why bring them here? ""We were afraid some people would have escaped so we had to keep them inside"", is the explanation for this strange, if not shocking, fate for people they refer to as ""special guests"". There's been no official announcement of this Saudi 'who's who' list. But high profile names had surfaced quickly, including the well-known and wealthy Prince Alwaleed bin Talal who owns shares in everything from Twitter and Apple to the Four Seasons Hotel and London's Savoy. The crown prince's cousin Miteb bin Abdullah, who headed the elite National Guard, is now said to spend his nights in the Ritz too. And why these people, not others, which led to assertions that this was more of a ruthless move against royal rivals and critics? ""Everyone here has a file,"" replies the sombre-faced official from the Public Prosecutor's Office. ""Everything is documented."" Over the past two years, under the crown prince's direction, a team has been compiling alleged evidence in great secrecy with some documents dating back decades. Then, once a new anti-corruption committee was announced by royal decree, the money hunters made their move. Questions about legality are met with references to Saudi law and the independence of the Public Prosecutor. The judicial official clarifies that this is still ""a pre-investigation"". ""We're asking people who took the money to give it back,"" he says. ""It's a friendly process,"" chimes in the anti-corruption official who says everyone was told ""we'll show you the evidence and we'll solve the problem"". Medical crises and mistreatment rumours An image is painted of a process taking place behind closed doors, mainly inside hotel rooms where 201 detainees are now said to spend most of their time. Most, we are told, want to avoid running into others. Most want to just focus on finding a way out of here. The mood now is described as ""very serious"". An official rattles off the Ritz-Carlton's new register of guests which includes experts from government ministries, the treasury, stock market, ex-bankers, specialists in money laundering, justice, as well as real estate. They're said to be on shift 24 hours a day, seven days a week to help process these cases. Some stay in the hotel and some work from their own offices. Along with medical teams and security guards, more than 500 people are now registered as staying at Ritz-Carlton, at the Kingdom's expense. As of a few days ago, seven suspects had walked free. Accounts provided inside the hotel, and confirmed by sources outside, say they had been able to clarify what was in their file and prove their innocence. Official sources say 4% of the accused say they'll take their case to court. But 95% of people on the list are now reportedly ready to come to a deal. That would mean handing over significant amounts of cash or assets to the Saudi treasury in exchange for their freedom. A businessman in Riyadh, who has seen some of the documents, had told me 1,900 bank accounts, including ones belonging to family members of suspects, were frozen. I ask officials in the Ritz-Carlton about reports of cash and assets totalling 800 billion dollars. ""Even if we get 100 billion back, that would be good,"" replies the official from the Special Committee. His zeal is palpable. ""You see this,"" he says as he picks up a gold-rimmed coffee cup to explain his point. ""It should cost 10 dollars. But with corruption, it costs 100 dollars."" Then he cities examples from his files including unfinished schools, and hospitals which cost 100 million dollars whose price tag should have been less than a third of that. Outside this inner sanctum, rumours surface about mistreatment and medical crises. ""Some guests are old, and some suffer from diabetes, heart problems, or other conditions,"" the human rights official explains in our briefing. He says a health centre is staffed around the clock by doctors and nurses, rooms are checked, and special medicines are brought from homes. It's not hard to imagine the extraordinary anger and stress which must also fill this hotel. Saudis who once held sway in the kingdom are now being held captive against their will. ""If you do surgery, there will be pain,"" says the anti-corruption official matter-of-factly. ""And some people outside are angry because their bosses, or their family members, are in here."" But he insists that ""when it comes to percentages, 99% of Saudis are happy"". 'I stay in my room' It's hard to be scientific about public opinion here. But conversations outside the Ritz's metal gates underline there is broad support for tackling what is known to be rampant corruption. ""It's like losing your watch and then you find it,"" a young real estate developer tells me. ""It's your watch, so you want it back."" ""Our documents are going through government offices more quickly,"" remarks a prominent business executive who says no-one dares ask for bribes now. But there's anxiety too. ""It's a nightmare,"" exclaims a Saudi doctor. "" My son's boss is inside and we're all worried."" She speaks of rumours of abuse during interrogations and of heart doctors being called in. In my Ritz briefing, we only hear of what are called ""lifestyle problems"". ""They can have everything they want in this five star plus hotel,"" one official says. ""But we can't bring special food from a special country,"" he adds. When I ask for more details, I'm told of a request for Russian caviar. Others are said to have asked for their own barber, their own masseuse. Saudis used to calling the shots have had their mobiles taken away. Now they can only make calls on what's described as a hotphone in their rooms. Lawyers and family members are being rung. There are also calls and visits from officials working in their own companies so they can keep business running. Visitors enter through back doors to guard their privacy. Emails can also be arranged. In the early hours of the morning, a few men are working out in the gym, a shimmering swimming pool is empty, and music blares in an empty bowling alley. I'm offered a meeting with a suspect chosen by our escorts. ""I'm spending most of my time in my room with my lawyer focusing on my case,"" a Saudi man with a grey-flecked beard tells me as he sits next to a television broadcasting Premier League football. ""I speak to my family on the phone every day but prefer not to have them visit me here."" My escorts tell me not to ask about his case. In such conditions, surrounded by officials in charge of his fate, I don't ask many questions. As we leave, he quickly speaks up. ""I'm sorry that I forgot our traditions,"" he says with an apologetic smile. ""I should have offered you something to eat or drink."" Until this Ritz-Carlton moment is over, a fuller truth about this extraordinary saga won't be known. Officials say they hope everyone will be checked out of this hotel by the end of this year or early January. ""The crown prince has to close this chapter quickly,"" a prominent Saudi investor tells me in a whispered conversation in Riyadh. ""If it drags on, questions will continue to be asked."""
https://www.bbc.com/ukchina/trad/55217623,世界各地護照的異和同：背後的原因是什麼,護照具有雙重任務，要同時簡潔表明持有者和發行國的身份，但通常護照會讓我們對自己照片上那副尊容感到難堪，也對封面上國徽和鍍金文字所傳達的陳舊國家意識感到困惑。不過，護照畢竟是一件充滿視覺和歷史敘述的人工作品，在強調國與國間的邊界區隔之同時，也彰顯出國與國間的普遍相似和雷同。 傳統上，護照的設計很少會引起人們的好奇心。例如，台灣護照的設計，墨綠色的外套封皮，裝飾著一個閃耀光芒的呆板太陽（青天白日），而白日則套在一枚光溜溜的金戒指之中，是典型的古板行政美學。 然而，最近，台灣島內主張獨立的政黨時代力量（New Power Party）開始在網上發起台灣護照封面設計比賽。這裏有一個引發尖銳爭議的政治問題。2020年7月，台灣立法院通過了一項決議，要在護照上強調「台灣」一詞，而在現有的旅行證件上，「台灣」一詞位於「中華民國」一詞的下方，很不顯眼。立法委員們爭論說，既有的設計會讓海外將台灣誤會為中國。進入比賽最後名單的大多數方案作了進一步的改變。這些方案選擇的封面圖案既有趣也保留了舊款的格式，只刪掉了一個關鍵之處，中華民國的英文名字「Republic of China」不見了。 2020年9月台灣推出新版本護照，以免台灣人出國旅遊被誤會來自中國。 這些新護照封面的設計師想象力非常豐富，圖案有飛鳥、蝴蝶，甚至米飯堆得滿滿的飯碗，而且顏色也很豐富，有粉紅、紫色、黃色、橙色及其他。就此，讓我們思考一個更廣泛的問題：為什麼全世界的護照必須是現在這種樣式？ 從牛皮紙到小本子 護照並非一直如我們今天使用的硬殼小本本。最早提到類似護照的旅行文件出現在聖經的《尼希米記》（Book of Nehemiah），記述約公元前450年前後先知尼希米從波斯國王阿達薛西斯一世那裏恩准到通行證。欽賜的通行證指示幼發拉底河以外地區的統治者們讓尼希米一路安全回到已滅亡的猶大王國舊都耶路撒冷。 隨後是古印度一部用梵語寫的治國術論文《政事論》（Arthashastra），提到當局收費發行護照，如果沒有護照，國民就不能進出國境。《政事論》被認為成書於公元前2世紀到公元3世紀之間。 我們不知道這些古老的證件是什麼樣，但很有可能像世界上現存於世的最古老護照。這是一個用清晰華麗的字體手寫在牛皮紙上的護照，上面有英國國王查理一世的簽名，其尺寸很小，遠沒有口袋那麼大，而且被折疊過很多次。護照是1636年頒發給托馬斯·利特爾頓爵士（Sir Thomas Littleton），允許他「離開我國領地，前往海外」。爵士獲准有權帶著四個僕人、50英鎊以及他的「行李箱和必需品」上路。 現存於世的人類最早護照，只是一張紙而已，也沒有照片。 第一次世界大戰爆發後，歐美各國政府將護照視為防止外國間諜進入本國的一種方式。第一批現代英國護照於1915年發行。當時這種護照只是一張紙片，但折疊成硬紙板，封面印有英國皇家徽章。與今天的護照一樣是分別代表英格蘭和蘇格蘭的獅子和獨角獸，還有兩句法文格言，「我權天授」（dieu et mom droit）和「心懷邪念者蒙羞」（honi soit qui mal y pense）。因為法國諾曼底公爵威廉征服英國後，很長一個歷史時期英國上層社會是通行法語。 但護照內頁則大不相同。雖然1915年的護照是第一個要求附有照片的版本，但那些早期護照的面部照片與今天有嚴格規定的數碼肖像沒有多少相似之處。想想100年前阿瑟·柯南·道爾（Arthur Conan Doyle，就是大偵探福爾摩斯的創作者）的護照照片吧，在這張照片上，他和妻子，以及兩個兒子坐在一輛狗車裏。當時全家人出國旅行可以用一張護照。 同一時代的坎特伯雷大主教蘭德爾·戴維森（Randall Davison），他的護照像是穿著全套主教禮儀服裝，還包括儀式上所用的禮儀聖器。查閲這些古董護照，你會看到形形色色的照片，有的人在花園或海邊擺姿勢，手裏拿著香煙、報紙和樂器。沒有今天任何證件照的一本正經，但其個性卻因此更加生動。 當然，用這樣的照片證明持證者的身份並非總是有效。學者克雷格·羅伯遜在他的書《美國護照》（The Passport in America）中講述了一個有鬍鬚的丹麥人去德國旅行的故事。這個丹麥人抵達德國後，聽說他太像也蓄有鬍鬚的德皇威廉二世，因此就把自己的鬍鬚剃掉了，當他要離開德國時，檢查護照的官員把他攔了回去，因為他看起來不再像護照上的那個人，而是像一個臭名昭著的騙子。 1920年一戰結束後，為維護世界和平，國際聯盟提出護照應有統一的國際標凖，規定內頁為32頁，要使用至少兩種語言，封面頂部印國名，中間為國徽，底部印「護照」一詞。國聯的規定已經成為現代護照設計的統一模式。 國家精華的彰顯 如今，聯合國下屬機構國際民用航空組織（International Civil Aviation Organization）負責發佈護照標凖，包括封面尺寸、格式和技術等。但沒有規定封面應該是什麼顏色。 世界上大多數護照為三種顏色：紅色、藍色和綠色。那麼，為什麼護照封面的顏色只是有限的幾種？普遍的解釋是，藍色護照受到新世界的美洲和大洋洲國家的青睞，紅色護照簽發國有些過去或現在是共產黨國家，而綠色通常是伊斯蘭國家。 還有一種感覺是，例如，一本櫻桃粉色封面的護照可能是旅遊局的一個很好廣告，但也可能意味著輕浮不嚴肅。因此無論輕鬆活潑多受歡迎，但不會有任何國家願意在護照上表現出這種特性。斯洛文尼亞的護照可能是最接近活潑這種性格，其護照如同一本手翻動畫書，快速連續翻動，就會看到一個騎馬疾馳的人越過其內頁的邊緣部分。 護照設計一致性這股力量不容低估，只要想想英國護照最近變顏色的故事就略知一二。英國脫歐公投之後，英國政府宣佈護照封面將恢復原來的藍色。事實上，從一開始就沒有任何歐盟法律要求英國護照使用酒紅色。英國是在是在1988年自願修改為酒紅色，以配合歐盟的其他會員國。 各國護照也越來越多地在內頁盡力傳達更多的本國特色，頁面上充滿國家紀念碑、自然奇觀，以及令國人自豪的國家英雄，搞得護照就像是國家公民教育的初級讀本一樣。 每個國家護照的設計都突顯其國家的特色。 英國2020年將換成藍封皮護照，舊的酒紅色護照內頁有英國雕塑家安東尼·葛姆雷（Anthony Gormley）的雕塑作品「北方天使」（Angel of the North）的線條素描，有英國19世紀風景畫家約翰·康斯特勃，以及英國女數學家也是世界第一位計算機程序員的埃達·洛夫萊斯（Ada Lovelace）。而且每一頁還嵌入了莎士比亞的頭像水印。 日本的新護照上有浮世繪大師葛飾北齋的浮世繪《富岳三十六景》中至少24景。美國完全重新設計於2007年新發佈的護照，內頁有激發美國國歌《星光燦爛的旗幟》一役的雕塑，還有拉什莫爾總統山、長角牛和一艘飛剪式帆船。 有時，這些精心設計的內容可能會傳遞出未經意識到的信息。比如美國已婚女性能夠獲得自己的護照獨自旅行，已經近一百年。她們不會因為無法獨自出入國境而一定要跟隨丈夫旅行。 然而，美國護照目前的設計引用了13句美國偉人的勵志名言，但只有一句出自一位女性，即著名的非裔美國學者安娜·茱莉亞·庫珀（Anna Julia Cooper）。這與加蓬護照大不相同。加蓬護照在重新設計生物特徵之前可能是世界上最以女性為中心的護照，因為封面上有一位袒胸哺乳的母親照片。 儘管看起來相當愛國主義，但護照絞盡心機設計這些花樣的主要動機不是美學，而是安全性。簡而言之，護照的內頁設計得越複雜，偽造的難度就越大。現在最新護照的一些最神奇的特點也是出於安全考慮，可以加拿大2015年的重新設計為例。用紫外線照射加拿大護照內頁，平淡無色的圖像就會突然變為閃爍著鮮艷煙火的天空，明亮的星座和彩虹。 在千禧年之交，另一個本應被隱藏的安全識別特徵，即生物識別芯片開始為各國護照紛紛採用之時，這意味著一個新的符號會出現在任何有生物識別芯片的護照的封皮上。 至於台灣的新護照，政府最終決定放棄珍珠奶茶和台灣黑熊。新版本看起來和舊版本驚人地相似，關鍵的區別在於「中華民國」的英文最小化了，在新版本是圍繞著白日的一圈英文小字，而舊版本是在白日上方大很多的字體。 挪威護照內頁在紫外光下會出現北極光。 台灣新護照當然不能與挪威2014年的「新設計」相比，後者是挪威設計公司「新設計工作室」（Neue Design Studio）的創作，再現了傳說中的挪威景觀的主題，並有三種不同顏色的封面：白色、綠松石和朱紅色，既回應了傳統，表現又大膽新潮。內頁如你所希望的那樣是北歐極簡風格，但是在紫外光下會出現北極光。 與眾不同也一樣 挪威的護照可說是個例外。總而言之，不管護照代表的各自國家有多麼不同，但護照無論是中國的還是美國的，澳大利亞的還是伊朗的，其實彼此都非常相像。 如此，他們冷靜理性的設計削弱了其設計的根本目的，強調的不是各自國家的個性，而是彼此在深層意義上的相似，即都渴望在世界舞台上爭高下，都祈望歷史賦予的地位。 在一個罕見使用徽章的世界，各國護照上的國徽看起來是大同小異。植物和動物也是如此，比如日本的菊花、黎巴嫩的雪松、萊索托的鱷魚和小馬，都錯綜複雜地編織在他們各自國家的民族特徵織錦中，最重要的在象徵官式的莊重顏色上，用上金色的壓紋，結果是這些護照看起來是驚人的相似。 不管護照採用的圖像是如何留戀過往的一切，世界仍繼續大步向前，不僅改變了護照所包含的技術（不知護照無紙化的時間還要多久？），也改變了護照所代表的東西。護照對不同的人包含著不同的意義。對於幸運的人來說，護照保障著他們的安全感和歸屬感，護照是一把開啟更廣闊世界的鑰匙，代表著冒險和飛行。對於那些被迫卷進移民大潮而遠走他鄉的人，這份文件象徵著顛沛流離將有一個安寧的結局，終於有了安身立命之所。 目前香港居民可同時持有中國香港特區護照與英國國民海外護照（BNO）。 長期以來，暗潮洶湧的國際緊張局勢意味著一些護照比另一些護照打開的大門要多一些，但在新冠病毒疫情大爆發的當下，出國旅行對我們許多人來說都是一樣的困難重重。 通過這種方式，新冠病毒給閃閃發光的護照小本子添加了另一層意義。那就是，即或我們不得不將這個小本本束之高閣，但我們會懷戀帶著這個小本本上路的日子，並渴望這樣的日子再次來臨。 請訪問BBC Worklife閲讀英文原文
https://www.bbc.com/zhongwen/trad/chinese-news-46148737,馬凱 馬建 巴丟草 香港言論自由「受制」的三件事,香港反對派團體聲援馬凱。 種種事件在觀察人士眼中，突顯了香港在中國治下，言論、新聞、表達自由的空間進一步收窄，除了官方的控制外，民間也可能因此實行「自我審查」，令香港在資訊自由上和大陸城市愈來愈接近。 馬凱入境被拒 英國《金融時報》報道，亞洲新聞編輯馬凱（Victor Mallet）周四（8日）嘗試以旅客身份入境，但被入境人員盤問幾小時，最終被拒入境。 馬凱工作簽證申請上個月被拒，相信與他所屬的外國記者會曾經邀請「港獨」團體「民族黨」召集人陳浩天演講有關，之後他曾經以旅客身份短暫入境香港，但有別於其他旅客，他只是獲批在香港7天。 中港政府批評，外國記者會不應該「提供平台宣揚港獨」。「民族黨」被香港政府視為「非法社團」，陳浩天就政府決定提出上訴。 《金融時報》表示，沒有就馬凱工作簽證申請被拒收到任何解釋，已就決定提出上訴。外國記者會再次要求當局解釋原因，形容這種制裁「不合比例」。 香港入境處表示不評論個別個案，並指每宗個案都會根據法例和政策，經過充分考慮後決定是否批准入境。保安局局長李家超亦拒絶評論事件，但認為與言論自由無關，強調立法會早前亦就相關案件作辯論，又指每年都有不批准入境的個案，形容對入境處是正常事情。 香港民主派立法會議員聯署發表聲明，稱對事件極度震驚和憤怒，批評香港政府已成為「北京傀儡政府」，予以最強烈的抗議及譴責。聲明指，香港政府進一步箝制新聞自由、言論自由，令人齒冷，會進一步打擊香港作為國際城市的地位，尤其會令外國投資者卻步。 香港眾志秘書長黃之鋒認為被拒簽證事件本身已經是「荒謬」，今次連入境也不行，是「獨裁政權審查反對聲音」的舉措。 馬凱（圖右）簽證續期申請。香港外國記者會早前邀請香港民族黨「召集人」陳浩天發表演講，引起中國和香港政府不滿。 香港建制派新民黨立法會議員葉劉淑儀認為，馬凱再次去香港是為了測試香港的底線，了解自己是否是不受歡迎人物。她稱，馬凱曾為「鼓吹分裂國家的人士提供平台」，若港府不想香港「繼續成為別人的政治戰場」的話，入境處今次的決定是合理。 她認為，不同地方的入境部門都可以作出判斷，估計訪客到訪的目的，只要有合理懷疑到訪的目的不是真正旅客，都可以拒絶入境要求。香港民建聯立法會議員陳克勤認為，馬凱訪港的目的是為了將事件政治化，估計馬凱來港不是做一個旅客所要做的事，「而是會作出傷害一國兩制和違反基本法的行為」。 馬建講座被取消 同一天，移居英國的中國流亡作家馬建原本計劃出席香港國際文學節的講座，但遭到香港賽馬會屬下的藝術場地「大館」取消，要另覓場地舉行。《金融時報》是香港國際文學節的媒體伙伴。 有「中國奧威爾」之稱的馬建，推出新書名為《中國夢》，以故事形式諷刺當下中國的時政。據台灣中央社報道，這本書無法在香港出版，因為書中批評中國領導層，今次新書分享只是英文譯本。 「大館」總監簡寧天表示，不願意見到大館成為任何個人「促使其政治利益」的平台，所以要求主辦單位轉場。 馬建回應批評這是審查，「大館」不應該動用權力干涉文學藝術。 「我是一個小說家，不是活動人士，我只是參加文學節去講我的新書，」馬建在社交網站說，「我的『政治』很簡單：我相信自由思想和言論自由，沒有這些，生命沒有意義。」 香港記者協會發聲明，表示對「大館」取消馬建講座的事件極度關注，指繼藝術家巴丟草畫展早前因安全理由被取消後，再次發生同類事件，憂慮本港的言論自由進一步受壓。記協亦重申，反對任何人士、團體、或政府以任何形式威脅表達及言論自由。 巴丟草取消展覽 居於澳洲的中國藝術家巴丟草原本本月會在「大館」舉行展覽。主辦單位單方面稱，收到「中國當局的威脅」，擔心巴丟草的人身安全，所以取消活動，但並不知道威脅的具體內容。 這個名為「共歌」的展覽由香港英文網上媒體Hong Kong Free Press（HKFP）、無國界記者及國際特赦組織主辦，是「言論自由周」的一項活動。 巴丟草以漫畫諷刺中國時政，經常直接批評中國的領導人。 他接受HKFP訪問時表示，自己擔心參加活動會「被擄走」，所以不會親身前往香港。他形容自己是「懦夫」，不是如英雄般勇敢，無法與其他異見人士或藝術家般可以公開地做事。 「我想我們在見證香港步向死亡，」他在訪問中說。 俄羅斯反建制團體暴動小貓（Pussy Riot）原本會出席巴丟草展覽的開幕禮，但得悉活動取消後到大館抗議。 聯合國人權理事會早前就中國人權狀況，進行5年一度的普遍定期審議，會上12個國家代表對香港人權狀況表達關注，英國要求中國按照中英聯合聲明保障香港自由；澳洲要求中國堅守香港「一國兩制」；法國要求中國保香障港人權自由，勿令公民無端失蹤；加拿大要求中國給予香港人無篩選的參選權等等。 香港政務司司長張建宗對此回應稱，香港在「一國兩制」之下享有高度自治，基本權利和自由都受到基本法保障，外界關注香港一些人權狀況是不必要、毫無根據和不成立的，是出於「誤解」和對香港真實情況「缺乏了解」所致。他又說，港府維護新聞自由，不會對媒體作任何審查。 中國外交部發言人華春瑩7日在例行記者會上表示，中國政府高度重視此次審議，但她強調，中方願在人權問題上，本著負責任和建設性的態度與各國加強交流、共同進步，但堅決反對和拒絶極少數人充滿政治偏見和惡意無理的指責。
https://www.bbc.com/news/science-environment-13131533,Fossil from 275 million years ago shows oldest abscess,"The Labidosaurus hamatus fossil, whose detailed analysis using X-rays is described in Naturwissenschaften journal, shows signs of an abscess. The animal was among the first to have just one set of teeth, rather than continuously replacing them. The adaptation to a plant-based diet would have made them more susceptible, as humans are, to tooth decay and loss. The find predates the previous earliest-known example of tooth decay by some 200 million years, and also represents the oldest-known infection in a terrestrial vertebrate. L hamataus was one of the first fully terrestrial reptiles, and with the evolution from a watery to land-based life came a change in diet. For millions of years, the animal's predecessors had teeth that continuously replaced themselves; new teeth grew into the inner side of the jaw and, when the loosely-connected outer teeth fell out, rose up to take their place. However, the diet of tough plant matter that land-based reptiles began to eat did not lend itself to weak teeth, so animals like L hamatus over millions of years evolved more deeply-anchored teeth. Robert Reisz and colleagues from the University of Toronto Mississauga obtained a L hamatus fossil recovered in what is now Texas. Using a commercial computed tomagraphy machine - which provided detailed X-ray data - they were able to image the interior of the fossil's jaw. They found evidence of a long-lasting bacterial infection and tooth loss - an abscess. It seems that in animals without the continuous replacement of teeth, oral infections caused by bacteria - which had long since evolved to take up residence in reptiles' mouths - were likely to get worse, rather than be pushed out along with old teeth. The authors speculate that ""our own human system of [having two sets of teeth through life], although of obvious advantage because of its precise dental occlusion and extensive oral processing, is more susceptible to infection than that of our distant ancestors that had a continuous cycle of tooth replacement."" That is, humans have upper and lower teeth that neatly interlock, making it easier to chew, but it is our reptilian forebears' change to firmly fixed teeth that makes us prone to cavities."
https://www.bbc.com/news/science-environment-17087434,Herschel telescope 'in last year',"By Jonathan AmosScience correspondent, BBC News, Vancouver The telescope studies the formation of stars, and has taken some remarkable pictures since its launch in May 2009. But its detectors require a constant supply of superfluid helium to keep working, and the store of this coolant has now dropped to less than 100kg. This past week saw Herschel begin what engineers believe will be the final 365 days of its mission life. ""There's quite a bit of uncertainty in all this, of course,"" said Dr Paul Goldsmith from the Jet Propulsion Laboratory in Pasadena, California, US. ""It could be 11 months, it could be 14 months, and we're naturally hoping for the latter. It's certainly true that we have enough observations proposed to go well past the year if the helium lasts that long,"" he told BBC News. Dr Goldsmith has been discussing the observatory's successes during a special seminar here in Vancouver at the annual meeting of the American Association for the Advancement of Science (AAAS). He is the US space agency (Nasa) project scientist on the mission. Although principally a European Space Agency (Esa) venture, Herschel has a 6% contribution from the Americans, who provided some mission-enabling technology for two of the telescope's three instruments. But in what is an indication of just how well the US has been able to leverage that 6%, it is likely that about a half of the remaining opportunity observations on Herschel will be led by astronomers from American institutions. ""Herschel has been so open,"" said Margaret Meixner, an astronomer at the Space Telescope Science Institute in Baltimore, Maryland. ""There's been no counting of how much time Europe has had or how much America and Canada have had - it's been about whatever the best science is. I don't think there's ever been a space telescope quite like that."" Herschel was launched in May 2009 and sent to an observing position 1.5 million km from Earth. Its goal has been to study the processes at play in the formation of stars and the evolution of galaxies. Its detectors pick up the light coming from the frigid clouds of gas and dust that are being warmed by the brilliant newborn stars buried within them. This is long wavelength light, beyond the detection of our eyes or a telescope like Hubble. It is in the far-infrared. To pick it up, parts of Herschel's instruments have to be cooled to near absolute zero (-273.15C), and this has been made possible by a store of superchilled helium. The telescope was launched with more than 2,000 litres, and this has been gradually boiling off as operations have progressed. When it is all gone, the temperature of the instruments and their detectors will rise and the telescope will go blind. The minimum expectation had been for 3.5 years of observations. The amount of helium still left in Herschel's tank, or cryostat, means this objective should be surpassed easily. Dr Meixner said Herschel's legacy would be long-lived. ""The thing about the great observatories is that they make huge data archives that live on for decades. ""Herschel, because of its exquisite sensitivity, really is going to be a pathfinder for future projects in this area for at least 30-plus years. ""Facilities just coming online like [the radio telescope] Alma have very small fields of view - people need to know where to point, and they are going to run to the Herschel archive and say 'where do I look?'. It's how they will do their source selection."" Dr Meixner showed the meeting an image she has just acquired using Herschel. It is a view of the Large Magallenic Cloud, a small satellite galaxy to our own Milky Way. ""It's my latest pride and joy,"" she told BBC News. ""It looks like a fiery image, but what you're seeing there is all the dust emission from that galaxy. It's very knotty and filamentous - it's sort of like the chaos of creation. Those filaments and stuff are where the stars are going to form in that galaxy."" Jonathan.Amos-INTERNET@bbc.co.uk and follow me on Twitter"
https://www.bbc.com/news/business-39429039,Pensioners' life expectancy falls back,"Updated projections from the Institute and Faculty of Actuaries suggest that men aged 65 will now live another 22.2 years, down from 22.8 years in 2013. Women aged 65 will now live for a further 24.1 years, down from 25.1 years in 2013, the actuaries say. The change is due to lower expectations of how much death rates will improve. ""Recent population data has highlighted that, since 2011, the rate at which mortality is improving has been slower than in previous years,"" the Institute explained. ""However, mortality is expected to continue to improve and there is significant uncertainty as to whether this will be at a slower rate than experienced in the first decade of this century,"" it added. The actuarial profession bases its analysis - called the Continuous Mortality Investigation (CMI) - on the death statistics for England and Wales which are supplied by the Office for National Statistics (ONS). For the past few decades there has been a very strong and well publicised improvement in life expectancy in the UK, both at birth and also at age 65, which is the most relevant age for pension schemes. Improvement stalls But that trend appears to have slowed down since 2011. Stephen Caine, of the big actuarial firm Willis Towers Watson, said: ""Until recently, mortality rates in the UK were falling at an impressive pace."" ""Since 2011, these improvements have stalled [and] as the CMI notes, mortality rates in 2016 were about 11% higher than they would have been if the 2000-2011 trend had continued,"" he added. The recent retreat in projected life expectancy has also been recorded for other age groups. For instance, the CMI data suggests that men aged 45 will now live a further 42 years (down from 43 years in 2013) and that women aged 45 will live for 44 years, down from 45.1 years in 2013. A spike in deaths in early 2015 during an influenza outbreak provoked some speculation that death rates might in fact start rising for some older age groups. But Tim Gordon, a spokesman for the CMI, stressed that the changes to life expectancy projections were not due to a deterioration in mortality rates, but simply due to using less optimistic assumptions about how fast those death rates would improve in the future. However, another actuarial firm, Mercer, pointed out that a spike in winter deaths had continued in recent years. It said that more than 140,000 people, aged 65 or more, had died in the winter of 2016-17. That was 11% more than the 126,000 who died in the winter of 2015-16, with the number respiratory-related deaths up by 21%. But the firm's spokesman, Glyn Bradley, said the long-term trend was still likely to be one of greater longevity. ""Medical research, application of past breakthroughs, innovative use of technology and potential for lifestyle improvements all mean that lifespans will continue to increase,"" he said."
https://www.bbc.com/zhongwen/trad/china/2014/10/141022_kenny_g_hk,中國警告外國藝人言行謹慎勿支持佔中,中國警告外國政府和藝人言行謹慎勿支持佔中 肯尼·基曾到香港支持「佔中」行動。他留言說，「在香港目擊示威，期望所有人和平及取得積極結果」。 在有香港網民在社交網站推特上上傳了自己在金鐘地區與肯尼·基合照的照片後，肯尼·基證實了自己的確曾到過香港。 中國外交部發言人華春瑩在新聞發佈會說，「肯尼·基的作品在中國廣受歡迎，但香港佔中是違法行為，希望外國政府及個人言行審慎，不要以任何形式支持佔中及其他違法行為」。 中國政府對所謂的外國勢力對中國內部事務的干涉非常不滿。 肯尼·基的一曲「回家」可以說在中國膾炙人口，非常受歡迎。 包括肯尼·基在內的許多國際知名樂隊和藝人都曾在中國北京開過演奏會。 在世界知名歌手比約克（Bjork）在上海舉辦的音樂會上高喊西藏獨立的口號後，中國政府加緊了對外國藝人在中國演出的管制。 台灣歌手張惠妹幾年前也由於在台灣前總統陳水扁的總統就職典禮上高唱台灣國歌而遭到中國大陸禁演一年。 （編譯：凱露 責編：路西）
https://www.bbc.com/news/world-asia-29098630,North Korea sets trial date for US man Matthew Miller,"Matthew Miller, 24, was arrested in April at North Korea's immigration. He is one of three Americans currently held in North Korea. On Monday, Mr Miller and the two other men made a televised appeal for help from the US government. North Korea has a history of using detainees as bargaining chips. Mr Miller allegedly tore up his tourist visa on arrival in North Korea and tried to seek asylum, North Korean state media reported at the time. KCNA news agency described the act as a ""gross violation"" of North Korean law. 'Top priority' On Sunday, KCNA released a statement saying the government had ""decided to hold on September 14 a court trial on American Matthew Todd Miller, now in custody according to the indictment of a relevant institution"". It gave no further details, and did not specify the charges against him. US citizens Kenneth Bae, 46, and Jeffrey Fowle, 56, are also held in North Korea. Mr Bae, a Korean American missionary and tour operator, is serving a sentence of 15 years hard labour in a camp outside Pyongyang after being convicted of trying to overthrow the government. Mr Fowle entered North Korea as a tourist, but, according to reports, was accused of distributing Christian information - something the North considers incendiary. During his interview with reporters on Monday, made in the presence of North Korean officials, he said he expected to be put trial within a month, but did not know what specific charges he faced. The White House has described securing the release of three American citizens as a ""top priority"". In the past, Americans held by Pyongyang have been freed after senior US figures, including former President Bill Clinton, travelled to the country to negotiate. The US has offered several times to send Robert King, its special envoy for North Korean human rights issues, to Pyongyang to discuss the detainees, but these visits have been cancelled by North Korea."
https://www.bbc.com/zhongwen/trad/chinese-news-47222797,港男在台殺女案：放寬引渡限制提議引政治打壓憂慮,"中國大陸多次按香港要求移交嫌疑犯，但香港因相關引渡法例訂明""不適用於香港與中國其他部份之間""，至今未曾公開向大陸移交嫌疑犯。 雖然香港法庭對是否將嫌疑犯引渡有最終決定權，但有人權觀察組織始終擔心，香港的法庭會不會受到政治的壓力，向中國大陸等「人權紀錄差劣」的地區移交嫌疑犯。 香港目前與32個司法管轄區簽有相互法律協助協定，同時與這些國家其中20個簽訂移交逃犯協定。香港與這些地區將沿用相關安排，不受新建議影響。 撤銷限制 香港目前主要依靠兩條法例處理移交逃犯和向其他地方提供司法協助，分別是《刑事事宜相互法律協助條例》和《逃犯條例》。這兩條法例分別訂明它們不適用於中國大陸、台灣和澳門。換句話說，香港目前沒有法律授權可以向這些地方提供法律援助、或引渡嫌疑犯。 去年2月，香港男子陳同佳被指在台灣謀殺女友後返回香港。台灣當局多次透過大陸委員會向香港政府提出請求，希望取得疑犯證供，甚至把他移交到台灣受審。但由於《刑事事宜相互法律協助條例》和《逃犯條例》訂明條例不適用於台灣，無法處理台灣的要求，在香港社會引起關注。 香港警方曾派出高級警官，與台灣警方討論陳同佳涉嫌謀殺女友的案件。 另外，香港《東方日報》創辦人之一馬惜珍，他在1978年因販毒和涉嫌行賄被香港警方發出拘捕令，因而與家人潛逃台灣，在台灣繼續經營公司，直至2015年病逝台灣，終年77歲。 香港政府的建議也適用於澳門。香港商人劉鑾雄多年前被澳門法庭裁定行賄澳門前運輸工務司長歐文龍罪成，被判監5年3個月，但劉鑾雄並不在澳門境內，而港澳也沒有引渡逃犯協議，澳門當局無法要求香港引渡劉鑾雄到當地坐牢。 而雖然香港一直沒有把逃犯移交中國大陸，大陸當局多年來都有單方面按香港要求移交嫌疑犯。其中，三名香港人去年9月持槍搶劫一家鐘錶店後逃到中國大陸，被廣東公安拘捕，並於同年12月移交香港警方。 深圳警方把珠寶店劫案其中一名嫌疑犯帶到粵港分界，並移交香港警方。 外界關注有哪些？ 香港保安局向立法會的文件強調，對嫌疑犯的指控必須在兩個司法管轄區同樣構成罪行才可引用這兩部法例，覆蓋範圍也只限於謀殺、毒品、性罪行等46項嚴重罪行，不適用於具政治性質的罪行，有關人士也可以要求對法庭最後的決定提出覆核。 2015年據報被中國拘留的銅鑼灣書店店長林榮基接受香港傳媒訪問時指出，他被中國大陸指控他在香港郵寄大量書借，被指觸犯中國大陸「違法經營書籍銷售」罪。他說擔心會受修例影響，令中國大陸政府有辦法把他引渡到當地受審。 雖然修例建議訂明不適用於政治罪行，但林榮基認為中國大陸可以配合香港法例以另外的罪行為名，把自己引渡到當地。 香港民主派立法會議員涂謹申認為，香港政府應與台灣政府就陳同佳涉嫌謀殺女友的案件，與台灣當局簽訂一次性的協議，之後再尋求北京政府同意，與台灣商討長期的政策。 但建制派議員李慧琼認為，香港社會不應太快批評中國大陸會把政治問題包裝成其他罪行提出引渡。她認為，修例後仍然由香港法院決定是否將嫌疑犯引渡，因此香港要對「法治法院有信心，不能因擔心而不去想。我們都要相信我們的制度。」"
https://www.bbc.com/news/business-26608062,Vodafone to buy Spain's Ono in 7.2bn euro deal,"Ono, which is private equity-owned, offers cable TV and internet services and has 1.9 million customers in Spain. Vodafone boss Vittorio Colao said the deal was ""an attractive value creation opportunity"". The deal comes just six months after Vodafone bought a controlling stake in German cable operator Kabel. Vodafone has said it plans to spend up to £25bn of the £84bn it generated from the sale of its stake in Verizon Wireless on investment in its core European networks. Before the Vodafone deal, Ono's private equity owners had been planning to float the company on the Madrid stock exchange. Jose Maria Castellano Rios, chairman of Ono's board of directors, said the enlarged business would help to ""drive innovation in the Spanish telecommunications industry"". Peregrine & Black analyst Markus Huber said the deal would put Vodafone in a better position to compete with rivals such as Telefonica and Orange. ""It follows the strategy they are already pursuing in Germany and in Europe in general, which is to expand their overall offer to their clients by adding cable service to their wireless services,"" he added. Mike McCudden, head of derivatives at online broker Interactive Investor, agreed the purchase was a ""shrewd strategic move"" for Vodafone, noting that the deal would provide it with the fixed-line operation it currently lacked in Spain."
https://www.bbc.com/zhongwen/trad/china/2016/05/160528_taiwan_southward_tsai_interview,專訪：蔡英文「新南向政策」能否落實？,蔡英文就任台灣總統後，也開始實施「新南向政策」，將經濟開發轉往東南亞。並表示這樣可以讓台灣在亞太區域經濟的共同體，扮演更多元的角色。（BBC特約鄭仲嵐攝於現場） 這樣的動作也讓部分人士認為，過去八年國民黨主政下，長期倚靠大陸的經濟市場模式將會發生轉變。蔡英文政府對此表示，「東南亞是不可放棄的經濟新興市場，並不會取代原先的大陸市場」，強調南向政策的獨立性。 而對於台灣政府的「新南向政策」，企業界與學者又怎麼認為，BBC中文網訪問了旅居越南20多年的越南台商聯合總會長謝明輝，請他提供看法。並聽取了新台灣國策智庫學者們的意見。 期待但要有配套 越南台商聯合總會長謝明輝，接受BBC記者訪問時表示，蔡政府如果想要致力於南向，所要解決的不外乎是「政策」跟「人才」面問題。「要懂華語、越南語，也要看懂法令的人，待遇一定好，但真的不多」。 人才培訓為謝明輝首先建議，他認為台灣政府跟越南的教育合作很重要。「吸收越南的菁英份子來台灣就讀，甚至在學生時期就可以半工半讀」，也可以讓台灣的大學長期生員不足。 等到這些越南學生學成歸國，自然台灣在越南的企業就很樂意雇用，其實現在的中國大陸政府也有類似的案例。同樣，台灣也有很多越南籍配偶，這些配偶生育的下一代，都會是台灣南進培育的目標。 謝明輝又說，以越南來說，現在也面臨經濟快速成長，所以對於投資審核相對嚴格。他建議新政府，還是要先跟東南亞各國官方就投資保障等簽訂官方協議，TPP與RCEP等談判也要盡速落實，這樣才能讓南向的台商更有動力。 能否擺脫中國依賴 在越南從事鞋業的謝明輝，目前也是該國台商總會會長。他建議政府提出南向政策時，也要有完整的配套，從與官方交涉到人才培育都要落實。（謝明輝提供） 在過去的馬英九八年執政，將台灣的經濟市場逐漸朝向完全依賴中國大陸的局面，而這次的蔡英文新政府，似乎有想要擺脫過去與大陸太過綿密的經濟關係。 謝明輝表示，中國的「世界工廠」特色這幾年慢慢移往東南亞，主要也是大陸經濟成長快速，廠房跟人件費不斷上漲。「其實也有不少大陸企業工廠移往越南，我們受到很大競爭」。但就遠期而言，是有要漸漸移轉重心，從大陸放到東南亞。 謝明輝提出「30年一週期」的論點，表示任何新興市場都有30年的活躍週期。早年像日本、台灣之後是大陸、到後來的東南亞亦若是。中國大陸於90年代初崛起，差不多2020年左右會是飽和期，東南亞是2000年代後，還有15年左右的成長期，「但是就要快」。 所以蔡政府的南向政策，以東南亞國家來說，「可以增加稅收跟提高就業市場，當然會歡迎」。但反過來說，也要考慮到是否有環保或是壓榨勞工爭議，避免引發排華，「畢竟語言文化完全不同」，謝明輝說。 從不看好到合作？ 賴怡忠表示，進軍東南亞絕對不是要放棄中國大陸市場，台灣也無意跟大陸競爭東南亞。相反地，兩岸都有各自的強項，應該各自發揮甚至可以合作（BBC特約鄭仲嵐攝於現場） 對於蔡英文政府的經濟「南向觀點」，中國大陸國台辦表示「不看好」。對此台灣總統府的新南向辦公室主任黃志芳則認為，陸方用「政治語言」解讀，希望他們可以用「產業語言」來看待。 黃志芳表示，政府並非是全然放棄中國大陸市場，而是東盟國家是新興市場，不論什麼國家都要搶著布局，「亞投行即是大陸布局的範例」。蔡英文會維持兩岸友好關係，但進軍東南亞是世界趨勢，甚至會有與大陸合作的機會。 日前BBC記者，也受邀新台灣國策智庫研討會，探討新政府對外交的布局。談到南向政策，智庫副執行長賴怡忠表示，台灣當然是要跟中國大陸有經貿交流，但是新南向政策不代表就是要放棄大陸。他也引用蔡英文的就職演說，除了與東南亞多方面發展，也願意與大陸就區域經濟坦誠交換意見並對話。 賴怡忠甚至認為，台灣與大陸可以在東南亞開發上多合作，「大陸在基礎投資建設上有相當強的資金與實力，台灣則是可以提供創意技術與工業發展的經驗」，他認為不只兩岸沒有衝突，也能「相輔相成」。 而新台灣國策智庫董事長吳榮義表示，大陸從亞投行到一帶一路，可以看見他們的政治或經濟野心，是想要布局東南亞跟中東。但是兩方優勢各不相同，台灣政府一旦提高技術水凖，對於南向東盟市場會有很大加分。
https://www.bbc.com/zhongwen/trad/world/2013/03/130320_us_nkorea_nuclear,美資深議員：朝鮮或引發東亞核軍備競賽,最近朝鮮揚言先發制人對美國實施導彈核打擊。 羅伊斯周三（20日）表示，如果平壤使核彈頭小型化，並能安裝到導彈上，韓國，日本和台灣有可能尋求發展核武器。 他指出，這種局面很可能使中國感到非常擔憂。中國曾經勸阻朝鮮不要在去年12月舉行核試驗，但是朝鮮仍然進行了核試驗。 這次核試驗引發聯合國安理會通過決議，對朝鮮採取進一步的制裁措施，並得到中國的支持。 羅伊斯說，外委會兩黨議員將共同提出法案，要求對朝鮮進行進一步制裁，主要針對朝鮮的非法活動和使用外國銀行。 局勢嚴峻 分析人士認為，一旦日本放棄無核三原則，韓國也走上核道路，兩國決定研製核武器，整個東北亞便成為全球核武高度集中的地區，國際關係變得更加複雜，這樣一來，地緣政治長期動蕩難定。 中國將成為最多核武鄰國包圍的國家，安全受到巨大的潛在威脅。 華盛頓必須說服中國，朝鮮不斷增強發展核武的能力，已經對全球構成危險，特別是在向其他國家擴散核材料方面，其中包括伊朗。 而且，中國不能期待韓國和日本面對平壤不斷增強核能力，而處於沒有防衛能力的地步。韓國和日本將打算在美國的幫助下，發展彈道導彈防禦系統。這一形勢發展最終將會影響中國的利益。 美國五角大樓最近宣佈，加強美國西海岸的導彈防禦體系，應對來自朝鮮的威脅。 美國國防部長哈格爾宣佈，將在阿拉斯加增加14套陸基反彈道導彈發射器。 加上新增的用於攔截洲際彈道導彈的反彈道導彈，美國阿拉斯加和加利福尼亞的陸基反彈道導彈總數將達到44套。 由於最近朝鮮揚言先發制人對美國實施導彈核打擊，美國國防部上周表示，美國必須及早做好攔截朝鮮導彈的準備。 不過分析人士認為，朝鮮的攻擊能力並無法使它打擊到美國大陸。 與内文相關的鏈接 相關新聞話題
https://www.bbc.com/zhongwen/trad/world/2013/06/130625_skorea_hack,韓國總統府等政府機構網站遭黑客攻擊,韓國總統府網站遭襲擊後顯示「因緊急檢查網絡系統，暫停運營」 韓國政府聲明稱，已經就有關攻擊事件展開調查，但目前尚無法確認黑客的身份。 韓國總統府等政府機構網站在當地時間上午9時30分遭襲擊，網頁上顯示紅色的「偉大的金正恩首領」字樣。 韓聯社報道稱，從10時開始總統府網站上還出現以下句子：「統一總統金正恩將軍萬歲！黑客攻擊將持續到我們的要求得到滿足為止。等待我們吧。迎接我們吧。We Are Anonymous. We Are Legion. We Do Not Forgive. We Do Not Forget. Expect Us.（我們是匿名者，我們是軍團。我們不饒恕，我們不忘記。等待我們。）」 報道說，網頁上還出現韓國總統朴槿惠的照片。 此外，負責輔佐國務總理工作並協調中央行政機構之間主要政策的韓國中央政府行政機構國務調整室的網站也與總統府網站在差不多同一時間遭到襲擊。 同時韓聯社稱，安全行政部、未來創造科學部、統一部以及執政黨新世界黨部分地方支部的網站星期二也發生了登錄障礙。 未來創造科學部發表聲明稱，正在調查這些情況是否與總統府網站遭黑客襲擊有關。 預警 韓國政府在襲擊發生後召開「網絡危機評價會議」，於上午10時45分發佈網絡襲擊預警。 韓國的網絡襲擊預警分五個級別，分別是正常、關注、注意、警惕、嚴重。星期二韓國發佈的預警為「關注」級別。 韓聯社指出，國際黑客團體「匿名者」星期一宣佈要在朝鮮戰爭紀念日，即星期二，針對朝鮮中央通訊社網站等46個朝鮮網站進行黑客攻擊。 一名自稱「匿名者」成員的黑客對媒體說，攻擊目的在於讓朝鮮居民接入外部互聯網，同時掌握朝鮮的情報。 「匿名者」的這一宣佈遭到朝鮮的強烈譴責，並說有關攻擊將被視為對朝鮮主權的挑釁。 韓聯社分析，韓國政府機構遭到的黑客襲擊可能是朝鮮方面針對「匿名者」襲擊預告進行的報復性襲擊。 （撰寫/責編：伊人）
https://www.bbc.com/news/uk-politics-43266509,Not time to nitpick on Brexit - Jacob Rees-Mogg,"Writing in the Daily Telegraph, the prominent Eurosceptic praised the prime minister and urged the EU to respond with ""wisdom and not aggression"". On Friday, Mrs May warned ""no-one will get everything they want"" from talks. EU officials are now scrutinising Mrs May's speech ahead of a fresh round of negotiations next week. Health Secretary Jeremy Hunt, told the BBC's Today programme the prime minister had shown in her speech it was possible to have ""frictionless trade"" with the European Union while leaving the single market and the customs union. Speaking at London's Mansion House, Mrs May set out the UK's hopes for a future EU economic partnership, calling for ""pragmatic common sense"" in negotiations. Single market access would be ""less than it is now"", she said, and the UK would have to pay into some EU agencies. But she said she would not threaten to walk out of talks and in a message to the EU added: ""Let's get on with it."" She said all sides of the argument had to now face ""hard facts"". Mr Rees-Mogg praised her ""good speech"", saying it delivered on the government's promise to take the UK out of the customs union, the single market and the European Court of Justice. ""There are inevitably a few small points that will concern Leave campaigners but we must all recognise that everyone will have to give up something to get a deal, so now is not the time to nitpick,"" he wrote. Mrs May's address was also cautiously welcomed by pro-European Conservatives. Writing in the same paper, Tory Remainer Nicky Morgan said her speech was a ""welcome dose of realism"". ""The EU can't say they don't know what the UK wants anymore,"" she added. Mr Hunt told the BBC Mrs May had successfully brought Leavers and Remainers together. She had explained in the speech, he said, how there would be ""pragmatic alignment of our regulations"" that would be of the same high standards as in European countries, but on a voluntary basis. Parliament would have the final say and the UK could always choose to have less market access. He said he was certain the negotiations would ""go to the wire"". 'Time is short' Speaking on BBC's Newsnight the vice-president of the European Parliament, the Irish MEP Mairead McGuinness, said the speech showed the realities of Brexit ""were dawning"" in the UK. She said some of Mrs May's proposals amounted to the UK wanting ""to be part of the European Union"" Not time to nitpick on Brexit - Rees-Moggin all but name. Irish prime minister Leo Varadkar said he feared the constraints of leaving the customs union and the single market have not been fully recognised by Mrs May's government. ""Brexit is due to happen in a little over 12 months, so time is short,"" he said. In her speech, Mrs May said she was confident remaining differences over a draft EU legal agreement could be resolved, allowing trade talks to get under way. She said life would be different for the UK outside the EU's single market: ""In certain ways, our access to each other's markets will be less than it is now."" The UK could not expect to ""enjoy all the benefits without all of the obligations"" of membership. Another ""hard fact"" would be the UK would still continue to be affected by EU law and some decisions of the European Court of Justice - such as the ECJ rules on whether EU agreements are legal. However, she stressed the ""jurisdiction of the European Court of Justice in the UK must end"". The UK may choose to remain ""in step"" with EU regulations in areas like state aid and competition, in order to get ""good access"" to markets, she said. The hard fact for the EU was that the UK would want its own bespoke trade deal, not an ""off-the-shelf model"". BBC political correspondent Alex Forsyth said ""the real test will be whether this speech was enough to convince critics that Mrs May's ambition for Brexit is credible and achievable without alienating her own MPs""."
https://www.bbc.com/news/uk-northern-ireland-45864099,"School budgets reduced by about 10%, report finds","By Robbie MeredithBBC News NI Education Correspondent That is according to a report on the financial health of schools just published by the Northern Ireland Audit Office (NIAO). The comptroller and auditor general Kieran Donnelly said that the education system was ""close to a tipping point"" as a result. The NIAO has called for a fundamental review of how schools are funded. There are about 1,100 schools in Northern Ireland, but only 14 are independent and receive no funding from the Department of Education (DE). Reduced hours The money a school receives each year is based on a number of factors including the number of pupils it has, the number of pupils with additional needs and the size of the school buildings. About 80-90% of a school's funding is normally used to pay staffing costs, including teachers and classroom assistants. The NIAO said that to save money some schools had reduced hours for teachers or employed teaching assistants instead of full-time teachers. A school's spending should stay within their yearly budget, but they are allowed to overspend or underspend by 5% of that budget or £75,000 - whichever figure is lower. The NIAO found that the financial position of an increasing number of schools had deteriorated since 2012/13. They said that the Education Authority (EA) had reported that 396 schools were in deficit in 2017/18, up from 195 in 2012/13. The number of schools with a surplus had reduced from 856 to 622 over the same period. However, 2017/18 was the first year that the total deficit run up by schools - at £48m - outstripped the cumulative surplus figure, which was £39m. The NIAO said that one voluntary grammar school, which was unnamed, had a deficit of over £7m on 31 March 2017. Seven other schools with deficits of at least £1m by 31 March 2017 were named by the NIAO: However, the NIAO said that some other schools had run up large surpluses. The NIAO said the aggregated schools budget - the money which goes directly to schools - had decreased by 10.4% in real terms since 2012/13. 'Tipping point' The overall schools budget - which includes services delivered by the Education Authority (EA) to schools - had decreased by 9.3% in real terms over the same period. ""This report indicates an environment where there is pressure on school budgets, increasing pupil numbers and schools with sustainability issues,"" the NIAO report concluded. ""It is clear the system is coming close to a tipping point and action needs to be taken as a matter of urgency."" However, the NIAO were critical of the Department of Education and EA for failing to address some of the problems they had identified. ""There has been a substantial and persistent failure to manage schools' surplus and deficit balances,"" the report said. ""In our view, there are no real consequences for, or deterrents against, schools who do not undertake effective financial management of their budget."""
https://www.bbc.com/news/uk-wales-politics-55410500,'Valuable' council services in Wales get 3.8% funding increase,"The increases range from 2% for Ceredigion to 5.6% for Newport, all well above inflation at 0.5%. Core funding from the Welsh Government covers between two-thirds and three-quarters of each council's budget. Local Government Minister Julie James said she knew how much pressure councils were under in the pandemic. ""This year, more than ever, we have seen how essential local government is to how we all live and particularly for the most vulnerable in our communities,"" she said. ""This funding is a recognition of the crucial role of local authorities in our national mission to improve education, provide social care, tackle poverty and fight climate change."" Local council revenue spending in Wales - Provisional settlement for 2021/22 Anglesey - £105m - up 3.4% Gwynedd - £195m - up 3.4% Conwy - £167m - up 3.6% Denbighshire - £159m - up 3.6% Flintshire - £207m - up 3.8% Wrexham - £189m - up 2.3% Powys - £192m - up 4% Ceredigion - £110m - up 2% Pembrokeshire - £179m - up 4% Carmarthenshire - £285m - up 3.8% Swansea - £353m - up 3.9% Neath Port Talbot - £237m - up 4.2% Bridgend - £212m - up 4.3% Vale Of Glamorgan - £168m - up 4.9% Rhondda Cynon Taf - £404m - up 3.8% Merthyr Tydfil - £101m - up 4.6% Caerphilly - £292m - up 3.1% Blaenau Gwent - £120m - up 3.7% Torfaen - £146m - up 4.3% Monmouthshire - £101m - up 3.9% Newport - £241m - up 5.6% Cardiff - £488m - up 3.8% Total - £4,650m - up 3.8% The Welsh Government is giving local councils more than £4.6bn to cover day-to-day spending in 2021/22, with money for roads, new school buildings and other capital projects taking the total to £6.3bn. Ms James said she also hoped the settlement would help councils increase the ""scale and pace"" of social housebuilding. She said she also recognised that services had been ""significantly impacted"" by the coronavirus pandemic, although those issues would be considered separately from the annual settlement. There will be seven weeks of consultation on the proposed funding before it is finalised. Andrew Morgan, leader of Rhondda Cynon Taf council and of the Welsh Local Government Association, said: ""This is a welcome settlement as it provides investment for local services and gives councils some certainty they need to plan in unpredictable times. ""This year has been exceptionally hard for all of us, and councils have worked with the Welsh Government to support and protect our communities."" Related Internet Links Welsh Government: Provisional local government settlement for 2021/22 Welsh Local Government Association"
https://www.bbc.com/zhongwen/trad/indepth-41398693,觀點：中國與朝鮮——一段複雜和被誤解的關係,"朝鮮老一代領導人與中國的緊密聯繫已經不再延續，中朝「唇齒相依」關係成為過去。 自2002年以來，朝鮮核計劃和導彈計劃在讓半島局勢緊張的同時，中國也受到越來越大的壓力，要改變其對朝鮮政策。 甚至有種說法認為，只要中國願意花更大力氣向朝鮮施壓，朝鮮就會屈服。實際上，這並非外界對中國在朝鮮問題立場上的一貫看法，而是新出現的變化。 1994年美朝達成核框架協議，對朝鮮核能力設定了上限。在這一協議破裂造成地區緊張局勢之前，所有有關國家，甚至朝鮮自身，都對中國介入半島事務和可能的干預行動持負面看法。 戒心 儘管朝鮮是因為中國的干預才免於在1950-1953年的朝鮮戰爭中覆滅，但朝鮮和韓國一樣，對中國一直持有戒心。 中國與朝鮮漫長的邊境線和過往歷史上對朝鮮半島事務的干預，讓朝鮮半島對中國這個大鄰國疑心重重。 9月11日，中國支持聯合國安理會通過針對朝鮮的嚴厲制裁決議。 前蘇聯對中國的介入也很有戒心。即便在1950年代末期，中蘇關係尚未破裂、兩個大國都與朝鮮交好之前就是如此。 美國和日本都強烈反對共產主義，美軍甚至與中國軍隊在朝鮮展開一場惡戰，儘管美國方面以聯合國名義出兵，而中國方面號稱是""人民志願軍""，而不是正規軍隊。 以往朝鮮問題造成的歷次緊張局面中，從來沒有人嘗試要讓中國人介入。這樣一種態度到1990年左右冷戰結束之後也沒有消失。 1993-1994年首次出現朝鮮核危機時，沒有人尋求中國的幫助，中國也沒有被邀請參加為執行美朝核框架協議設立的朝鮮能源發展組織。 轉變 對中國態度的改變起源於2002年底開始的第二次核危機。2003年，隨著朝鮮退出核不擴散條約，情勢更加緊張。 在克林頓總統任內有所發展的美朝關係，隨著布什政府的上台而煙消雲散。不過，美國仍然對朝鮮核計劃有所擔心，於是才有了地區相關國家舉行會談的協議。 當時選擇的解決辦法是舉行六方會談，即朝鮮、韓國、中國、日本、俄國和美國六國參加的會談。 中國方面一直希望通過六方會談機制解決朝鮮問題。 由於沒有正式的主辦方，於是中國提供了場地。這些會談的真正目的是讓美國和朝鮮官員有正式談判之實，而沒有正式談判之名。 最後，六方會談在2009年無疾而終, 美國和朝鮮相互指責錯在對方。自此，中國方面經常提議重開六方會談。 雖然六方會談並沒有得以重開，但將中國納入朝鮮問題的考慮之中卻是一條新的途徑。這也讓其他的參與國都有一致的想法：中國是解決問題的關鍵。 由於也沒有其他走得通的路，要求中國遏制朝鮮的呼聲日益高漲，但這並非中國很快就能適應的一個角色。 唇齒 中國方面雖然表示願意提供協助，但卻宣稱自身能力有限。雖然並沒有擺在明面上，但很清楚的一點是：金日成和金正日時代與中國的個人關係已經不再發揮作用。 如今的朝鮮領導人金正恩，完全沒有祖父和父親與中國之間的人脈。他似乎對中國及其動機都心存疑慮。 外界廣泛相信，2013年金正恩的姑父張成澤被殺以及2017年2月金正恩同父異母兄長金正男被殺，部分原因是他們兩者都與中國有關係。 2012年，中朝曾經在遼寧丹東舉辦首屆經貿文化旅遊博覽會，朝鮮國家級藝術團——萬壽台藝術團演出。 而中國方面，並不希望把朝鮮逼到絶境，也不希望其它國家把朝鮮逼到牆角。他們擔心這麼做可能帶來的社會和經濟動蕩，他們也不希望看到美國軍隊在半島發揮更大的作用。 中國方面理論說，自己並非如今朝鮮問題的繋鈴人，因此也就不是解鈴人。相反，他們認為朝鮮問題是美國對朝鮮政策造成的，因此應該由美國方面來解決。如果中國向朝鮮施加過分的壓力，有對朝鮮失去所有影響力的風險。 據中國政府評估，讓朝鮮孤立和緊張是危險的主張。而且，中朝貿易和投資也並非只對朝鮮有利。中國公司，特別是中國東北的公司同樣受益。 因此，中國方面雖然正式同意了聯合國數輪對朝鮮的制裁決議，包括最近9月11日的制裁決議，中國還是希望各方審慎。 中美 朝鮮曾經是《核不擴散條約》的簽署方。 既然對朝鮮從嚴實施制裁的要求主要來自美國方面，中國方面的另一個考慮顯然因素是中美關係。 長期以來，中國方面宣稱，美國在朝鮮半島的主要利益，既與防衛韓國的國家需要有關，也與遏制中國有關。因此，美國為應對朝鮮挑釁決定在韓國部署薩德導彈防禦系統，也被中國從這個層面加以理解。 薩德導彈對攔截瞄凖美國的長程導彈或許能有用處，但是對保衛韓國抵禦朝鮮的攻擊卻作用甚微。 特朗普政府一方面呼籲中國採取更多針對朝鮮的行動，另一方面卻在南海和台灣問題上尋求各種政策，被視為有悖於中國利益。而威脅對中國貿易政策採取行動也沒有改善兩國之間的氣氛。 本文不代表BBC觀點與立場。"
https://www.bbc.com/news/uk-northern-ireland-26488788,Danny Kennedy promises cycling revolution for Northern Ireland,"The minister for regional development said: ""We need to create an environment which invites people to walk and cycle as much as possible. ""That is my vision for Northern Ireland and I am committed to making it happen."" Mr Kennedy was speaking after a three-day fact-finding trip to Copenhagen in Denmark and Malmo in Sweden. He said the benefits of a cycling culture went far beyond a healthy lifestyle. He added: ""It has been very impressive to see at first hand how 'normal' cycling is for the majority of the populations in these cities. ""One of the key learning points for me is that cycling is not a goal in itself but is a means to an end. ""People here cycle for convenience because the infrastructure is so good. ""There are miles of wide cycle lanes all with excellent links across the cities and out to the suburbs with easy access to public transport. ""The knock-on effects are a healthier population putting less strain on health services. Traders too, reap the benefits from the numbers of people travelling round the city with countless bike stands for people to stop and shop."" In May, Northern Ireland hosts the first three stages of the Giro d'Italia, the world's second biggest cycle race."
https://www.bbc.com/news/technology-53341080,Huawei: Why the UK might hang up on 5G and broadband kit supplier,"By Leo KelionTechnology desk editor The prime minister will shortly review use of the Chinese company's equipment, with MPs set to be informed of his decision on Tuesday. It seems likely that Boris Johnson will set a deadline by which time the firm should stop being involved in the country's 5G network. But what's unclear is whether he'll also order it to be stripped out of other mobile and fixed-line broadband systems too. The decision will not only have an impact on the rollout of high-speed data services but could also encourage other countries to rethink their own relationships with Huawei. What are the options? In January, the government ordered that Huawei's market share of 5G and fibre-to-the-premises (FTTP) broadband be capped at 35%, and that it also be removed from the most sensitive part of mobile networks, known as the core. Since then ministers have said that ""over time"" they want high-risk vendors - including Huawei - to be excluded outright, but have not said by when. Some of the UK's mobile networks have already spent large sums installing Huawei masts and other equipment to connect smartphones to their 5G networks. They have said they want about seven years to replace it with another option if they must, and at a push could do it in five. But some Tory MPs say the deed must be done before 2024's general election. The networks claim this would be difficult, not least because today's 5G base stations are often upgrades of existing 4G kit. So the swap to another supplier is a bigger job than it might seem as it involves replacing much of their 4G infrastructure too. In regard to broadband, BT's Openreach division will bear the brunt of any decision. It currently aims to meet the cap by using two other vendors to build new FTTP capacity rather than by replacing any existing Huawei equipment, which would involve extra cost and effort. And then there's the nuclear option. If Mr Johnson wants Huawei out of the telecoms network altogether, then 70,000 roadside cabinets used to provide existing broadband connections would also need to be refitted. At that point, the sums and work involved start to become colossal. Why is this happening? Geopolitical tension between the US and China is the reason behind the review into the use of Huawei's technology. Washington claims Huawei poses a national security risk and has unfairly benefited from government support. Whether these claims are true - and Huawei denies them - the Trump administration clearly sees the company as a totem for the spread of Chinese influence, and is trying to push back. Its latest move is sanctions designed to prevent the firm from being able to get its own chips manufactured. Neither Huawei nor the third-party fabricators it relies on would be allowed to use American electronic design automation (EDA) software - which is used to design, simulate and produce the firm's processors - or any other tool based on American intellectual property, At present there is no quick way to get round this, leading one of the world's biggest chip producers - TSMC - to stop taking new orders from the Chinese company. With enough time, Huawei might convince manufacturers to run ""de-Americanised"" production lines. But in some cases there are no easy substitutes. In particular, it would lose the ability to make chips as densely packed with transistors as is currently the case, meaning they would not work as efficiently. As a result, Huawei may have to let others design and make the chips at the heart of its products. However, UK security chiefs are concerned that this would prevent them being able to vet its equipment as thoroughly. And it is believed GCHQ's National Cyber Security Centre has told politicians the balance of risk has shifted as a consequence. One option that had been considered was for the government to advise - but not order - networks to stop using Huawei's kit. But dozens of Tory MPs have made clear they would rebel unless a tougher line is taken. Bob Seely - a member of the Huawei Interest Group of Conservative MPs - told the BBC he believes the government will announce that no new 5G Huawei kit can be installed after 2021, and all such equipment must be removed by the end of 2025. ""Not everyone would be satisfied by that,"" he said, but added that it would be enough to prevent the government losing a parliamentary vote. What can Huawei do? For now, the firm seems to be hoping it can sway the prime minister's mind at the eleventh hour. Huawei can make the case that it has built up stockpiles of its chips and the sanctions allow foundries outside the US to continue making more until mid-September. Moreover, it could promise to set aside some of that supply specifically to fulfil UK orders, and thus guarantee that it would not need to ship kit using third-party components to the country for at least two or three years - by which point the US sanctions might be over. That might satisfy immediate security concerns, but the decision is also a political one. Huawei hopes any new restrictions are accompanied by a pledge to carry out a follow-up review, leaving the door open to a further U-turn. But in the light of tensions with China over its treatment of Hong Kong, Boris Johnson might not be in any mind to offer such a concession. Huawei could still try to mount a legal challenge. When asked about this possibility, its UK chief Victor Zhang said now was ""not the right time to make the case"" . What would be the consequences for the UK? Ericsson already supplies many of the UK networks with 5G kit and has said it can take on extra demand at a competitive price. ""Commercially, will it cost more? I can guarantee you no,"" the firm's European chief Arun Bansal told the BBC. Nokia is another existing supplier that could pick up the slack. And - in time - there's also talk of bringing Samsung and NEC on board too. But Vodafone has warned that unless operators are given at least seven years to pull Huawei out, then the further rollout of 5G will be slower than planned. Likewise, Openreach believes it would struggle to meet the prime minister's 2025 target of ""gigabit broadband for all"" if it has to replace existing Huawei broadband gear. There would also be wider ramifications. Huawei would presumably rethink promises it has made to invest in R&D in the country, including plans for a £1bn development near Cambridge. Furthermore, China's ambassador to the UK has said it would damage Britain's reputation for being a business-friendly, open nation. ""When you get rid of Huawei, it sends it a very wrong message. You punish your image as a country that can conduct independent policy,"" said Liu Xiaoming. On the flipside, a ban might encourage the Trump administration to give the UK a free trade deal that would aid its post-Brexit fortunes."
https://www.bbc.com/news/science-environment-16538129,Antarctic lake drilling mission edges closer,"By David ShukmanEnvironment & science correspondent, BBC News An advance party has braved freezing temperatures to set up vital equipment and supplies at Lake Ellsworth. The project by UK engineers to drill through the two-mile-thick ice-sheet is scheduled for the end of the year. The aims are to search for signs of life in the waters and to extract sediments from the lake floor to better understand the past climate. It is is one of the most challenging British scientific projects for years. The task is so complex that preparations have had to be spread over two Antarctic summer seasons. In the first phase a ""tractor train"" has just hauled nearly 70 tonnes of equipment from an ice runway at Union Glacier through the Ellsworth mountains to the lake site. The journey of about 250km (155 miles) involved crossing a mix of deep snow and rock-hard ice and took three days. Once there, a four-man team stored the equipment and ""winterised"" it to cope with the incredibly low temperatures to come. Wind-blown snow is expected to partially cover the gear but GPS markers fixed to the corners of the site will help locate it again. The area around Lake Ellsworth is notorious for its deep cold and constant winds. Lake Ellsworth is one of more than 400 sub-glacial lakes in Antarctica and was chosen for the drilling operation because of its relative accessibility. One of the advance team, Andy Tait of the British Antarctic Survey, now back in the UK, told me about the sheer difficultly of conditions. ""The maximum summer temperature is minus 20 and with a wind of something like 30 knots you can imagine the cold. ""It is really harsh and working there with equipment means you have to use thin gloves - it is really cold."" But the delivery of equipment is just one part of the preparations for the drilling and sampling operation. Key components are still being manufactured and tested before they can be shipped south. Most challenging is the complex sampling probe which has been designed to cope with a combination of extremely high pressures and extremely low temperatures. It must also be assembled and delivered in conditions of the highest possible sterility. For the first time in Antarctic exploration, an investigation is being planned with cleanliness standards higher than those of most surgeries. Because one of the key aims is to search for signs of biology in the lake waters - one of the most tantalising questions - all possibility of contamination has to be eliminated. I watched as one team worked in a clean room at the National Oceanography Centre in Southampton. Each hi-tech component - including the titanium sampling bottles and specially-engineered filters - has to be sterilised. And the final assembly of the 5.5m probe will take place inside a unique ""tent"" accessed by gloved inlets along its sides. This November, the second phase of shipments will take place and the operation will begin in earnest. The drilling will be carried out by a system using hot water and is expected to take three days. Once the bore-hole is open providing access to the lake beneath the ice, the team will then have 24 hours in which to lower the sampling devices. Computer modelling indicates that the hole will then start to re-freeze making it impossible to use. The plan is to first lower the water sampling probe - a process that should take an hour - and then a corer to extract lake sediment. According to Andy Tait, all eyes will be on the weather. Although many stages of the operation can be handled under cover, ideally conditions will be calm when the drilling starts. The engineering, the planning, the science are impressively thorough - but Antarctica is the most challenging place on earth in which to work, and outcomes can never be certain."
https://www.bbc.com/news/uk-england-tees-55452520,Billingham crash: Motorcyclist dies in Christmas Day collision,"Michael Crooks, who died at the scene, was fatally injured in Billingham, close to the Quorn factory. The collision happened just after 13:00 GMT as Mr Crooks, 32, and from the town, rode along Belasis Avenue. A woman, aged in her 50s, who was driving a red Hyundai car involved, was taken to hospital with minor injuries. Police are appealing for witnesses. Mr Crooks' family released a photograph and statement in which they paid tribute. ""Michael was a dearly loved son and was loved by all that had the pleasure of knowing him,"" they said. ""We are in shock at his loss and our lives will never be the same without him."" Follow BBC North East & Cumbria on Twitter, Facebook and Instagram. Send your story ideas to northeastandcumbria@bbc.co.uk. Related Internet Links Cleveland Police"
https://www.bbc.com/news/science-environment-40657793,Solar eclipse 2017: Americans gaze at sky spectacular,"By Jonathan AmosBBC Science Correspondent A huge shadow cast by the Moon as it passed in front of the Sun swept across the nation, from Oregon in the west to South Carolina in the east. Millions of people moved to get into the path of darkness, putting on their protective glasses to gaze at the sky in wonder. It was the first total solar eclipse visible from America's lower 48 states in 38 years, and the first since 1918 to track from coast to coast. The spectacle got under way in earnest in Oregon at 10:16 local time (17:16 GMT; 18:16 BST). Skywatchers gathered at coastal beaches and towns witnessed the Sun's disc being completely obscured by the Moon for two minutes. But just before and just after ""totality"", they also got to see some of the classic features of a full solar eclipse. These included ""Baily's beads"" which arise as the last shafts of sunlight drive through valleys on the Moon; and the ""Diamond Ring"", which is the single brilliant point of light that signals the beginning and end of totality. From Oregon, the eclipse shadow raced on through Idaho, Montana, Wyoming, Nebraska, Kansas, Iowa, Missouri, Illinois, Kentucky, Tennessee, Georgia, North Carolina, and South Carolina. It was a journey that took roughly 90 minutes. Small towns along the path were inundated with visitors. So were the National Parks. In Carbondale, Illinois, city authorities billed their locality as the ""Eclipse Crossroads of America"" because it would enjoy totality both on Monday and when the next US eclipse occurs in 2024. As anticipated, Carbondale proved to be a huge magnet to skywatchers who made good use of the more than 60,000 extra car parking spaces organised for the day. The area also had the privilege of enjoying the longest period of darkness anywhere in the country at just over two minutes and 40 seconds. The Atlantic coastal city of Charleston was the place tasked with saying goodbye to the eclipse. Beachgoers experienced the full shadow at 14:48 local time (18:48 GMT; 19:48 BST). Although, the US had exclusive rights on totality, a partial eclipse was visible across all of North America, reaching beyond the Canadian Arctic; as well as across the north of South America down to Bolivia. In Washington DC, President Donald Trump, First Lady Melania Trump and their son, Barron, made sure they had protective glasses as they looked skyward. Parts of western Europe were also set to see the Moon take a chunk out of the Sun at the end of the day just before the star dipped below the horizon. It was just a small bite, but in parts of France and the Canary Islands where clouds were limited - it was no less of a spectacle. For those outside the path of the Moon's shadow or smothered by poor weather, there was always the internet. The US space agency (Nasa) streamed pictures from many vantage points including from a series of helium-filled balloons. Some of the most spectacular shots of the day came from orbit. Italian astronaut Paolo Nespoli looked down on the moving shadow from the International Space Station. And from their ""stationary"" positions some 36,000km above the planet, meteorological satellites also returned some stunning imagery. The next total solar eclipse on Earth is on 2 July, 2019, over the South Pacific, Chile, Argentina. Try our solar eclipse calculator When is the next eclipse? Reset Calculator Next Solar Eclipses Read more from Nasa Jonathan.Amos-INTERNET@bbc.co.uk and follow me on Twitter: @BBCAmos"
https://www.bbc.co.uk/news/world-us-canada-44415360,Anthony Bourdain: Five of his tips for eating out,"Through his book Kitchen Confidential, his travel show and countless articles, he gave frank advice on all things culinary. Here are some of his tips on eating out - and two other food critics appraise the list. 1. The best day to eat out is Tuesday ""Generally speaking, the good stuff comes in on Tuesday: the seafood is fresh, the supply of prepared food is new, and the chef, presumably, is relaxed after his day off. (Most chefs don't work on Monday.) Chefs prefer to cook for weekday customers rather than for weekenders, and they like to start the new week with their most creative dishes,"" he wrote in the New Yorker magazine. 2. Ordering steak well done comes with a risk A tough piece of steak found in a kitchen may be saved for the ""philistine"" who wants his meat well cooked, Bourdain wrote in the same piece. ""People who order their meat well-done perform a valuable service for those of us in the business who are cost-conscious: they pay for the privilege of eating our garbage. In many kitchens, there's a time-honoured practice called 'save for well-done'... the philistine who orders his food well-done is not likely to notice the difference between food and flotsam."" 3. Avoid restaurants with photos This is one for holidaymakers - when you're in a foreign country, there is a lot you can judge from the clientele and the presentation of the restaurant, he wrote in Time magazine. ""You want to go to a place where there's locals only. No photos of the food, the menu is not in English and there are people eating there that look like they go there a lot."" He gave the same advice to eating in New York - go where the New Yorkers are. 4. Dirty bathrooms are OK ""I used to say a dirty bathroom was a sign you should not be eating in a restaurant. I've learned the opposite is true. Some of the best food experiences I've ever had are places that really don't give a [expletive] about that. They know their food is good and that's enough,"" he wrote in Time. 5. Aeroplane food is beyond saving Bourdain often talked about his disgust at food served by airlines. Not because he thought it was badly prepared but bad was the best you could hope for. ""The food can't possibly be that good. It can be edible at best, no matter how hard they try. The conditions that they're working in, there's not much they can do."" There was also the changing palate as a factor, he said. ""Every food tastes completely different than it does on the ground, so they have to make adjustments to it,"" he told Travel and Leisure. What two food critics say about this list His advice about restaurants showing their best face on Tuesdays is brilliant, says Brian Halweil, editor-in-chief of the Edible magazine series. ""With Kitchen Confidential first, and so much else after, he showed us the food chain that we didn't know about. How restaurants get their meat, how mentally challenging the chef business can be, and how to maximise your eating and drinking experiences. ""Bourdain showed us that food is, after everything else, about other people. You get to live in another person's shoes by eating with them. As such he inspired a whole industry of food tourism, where you sleuth out a food spot to visit even before you choose where you are staying that night. Travelling for food became a thing."" Bourdain changed the way people thought about restaurants and the way he shone a light on how kitchens are run will lead to better working conditions for many, says Corby Kummer, food writer at The Atlantic. And his writing was without equal. ""Bourdain's savage wit cut through every kind of cant,"" Kummer tells the BBC. ""He was the champion of honesty, and of looking for yourself to find quality and taking nobody else's word - or well-done steak - for it."" Read Kummer's tribute to Bourdain in The Atlantic"
https://www.bbc.com/zhongwen/trad/uk/2015/10/151014_london_top_city,全球城市實力排名 倫敦連續四次奪魁,日本民間機構森紀念財團城市戰略研究所周三（14日）公布了「2015年版世界城市綜合競爭力排行榜」，倫敦、紐約、巴黎、東京依次佔據排行榜前4位。 香港在40個大城市中位居第6位，成為排名最高的中國城市。其它3個城市上海、北京、台北分列第17位、第18位和第32位。 城市戰略研究所的全球城市實力指數統計使用6個指標：經濟、研究和發展、文化互動、宜居、環境和交通方便。 倫敦在2012年上升到了首位，部分原因是奧運會成功。自那以後倫敦一直被排列在榜首。 今年倫敦在文化互動一項排名第一（免費博物館是倫敦一直提供的禮物），在交通便利和經濟方面，倫敦排列第二。 倫敦的強項被認為是機場進出航班以及國際學生的人數；倫敦的視聽以及相關的服務的貿易價值和外國居民的人數。 倫敦市長鮑里斯·約翰遜認為，倫敦將繼續維持其實力地位。 倫敦的弱項是平均租屋價格和出租車價格昂貴。 紐約在2012被擠出第一的位置，但紐約在研究和發展方面仍然排在倫敦前面，而日內瓦、法蘭克福、斯德哥爾摩、蘇黎世和維也納在環境方面都躋身前五名（考慮到近月來倫敦的污染問題，這毫不奇怪）。 倫敦市長鮑里斯·約翰遜借此機會羅列了倫敦的優勢： 「毫無疑問，倫敦將繼續超越世界其他城市，因為倫敦經濟有活力、自然景觀無與倫比、有許多頂級的體育設施、有許多世界上最好的大學、犯罪率低以及其他許多優勢。」 「倫敦達到了前所未有的水平，我們會繼續努力建造新居，完善基礎設施，確保我們在未來十年仍然是全球最有活力的地方。」 （編譯：橫路；責編：路西）
https://www.bbc.com/news/world-latin-america-38301248,Venezuelans mock 'useless' banknote,"After that time, during which Venezuelans will be able to deposit them into their account or exchange them for different notes or coins, the banknotes will no longer be legal tender. While people will be given a 10-day grace period in which they can exchange the bills at the central bank, many fear that long queues and the sheer number of 100-bolivar notes in circulation - six billion - will make it impossible for everyone to do so. Twitter user @RPolicial imagined what his trip to the bank would look like. Many suggested alternative uses for the bills. One of the most popular ones was using the notes as toilet paper, which has been scarce amid the chronic shortages of basic goods Venezuela is experiencing. Satirical website La Patilla joked that they could be used instead of candles on the Christmas tree and set alight. Others suggested using the bills to play Monopoly. Some compared the short time span people have been given to exchange the notes with the film Saw (Spanish title: Juegos Macabros, or Macabre Games) in which the two protagonists have been trapped by a sadistic serial killer and must complete a perverse puzzle to survive."
https://www.bbc.com/news/uk-wales-politics-39965358,"EU aid to be replaced by new fund, Conservatives pledge","West Wales and the Valleys qualify for more than £2bn in EU aid between 2014 and 2020, due to low levels of wealth. But the money - which has been paid ever since 2000 - will come to an end once the UK leaves the European Union. The Conservatives' manifesto says the party aims to create a ""Shared Prosperity Fund"", with Welsh ministers to be consulted on the details. 'Sustainable, inclusive growth' The campaign document says the current EU scheme is ""expensive to administer and poorly targeted"", pledging its replacement will be ""cheap to administer, low in bureaucracy and targeted where it is needed most"". The manifesto, published on Thursday, states: ""We will use the structural fund money that comes back to the UK following Brexit to create a United Kingdom Shared Prosperity Fund, specifically designed to reduce inequalities between communities across our four nations. ""The money that is spent will help deliver sustainable, inclusive growth based on our modern industrial strategy."" Welsh Liberal Democrat leader Mark Williams said EU aid had been essential ""in creating and safeguarding jobs, bringing our infrastructure into the 21st Century in many parts of the country, and providing opportunities for new entrepreneurs"". ""Liberal Democrats would launch a £100bn package of additional infrastructure investment for the UK, to create jobs, build homes, and invest in the green economy to create an economy that works for everyone,"" he said. Plaid Cymru has promised to demand that Wales continues to receive ""every single penny"" of the money it currently receives from the EU, once the UK leaves the bloc."
https://www.bbc.com/news/business-12331804,BP reports $4.9bn annual loss after oil spill costs,"The company said the replacement cost loss reflected a sum of $40.9bn set aside for charges relating to the giant oil spill in the Gulf of Mexico. The loss compares with a profit of $13.9bn that BP had recorded in 2009. The company's chief executive, Robert Dudley, said BP would restore its dividend payment to shareholders, paying seven cents a share. The dividend pay-outs had been suspended in the wake of the Gulf spill. The company's chairman, Carl-Henric Svanberg, said: ""We have chosen a prudent level that reflects the company's strong underlying financial and operating performance but also recognises the need to fully meet our obligations in the Gulf of Mexico and to maintain financial flexibility."" The BBC's business editor, Robert Peston, said the suspension of the dividend for nine months cost shareholders £4.9bn. However, he said the level of the new dividend means that in total shareholders will be getting £3.2bn a year less than what they were receiving in 2009. The company said there was ""considerable uncertainty"" over the final cost to the company of the Gulf spill and that it hoped its partners in the well - which include Transocean and Halliburton - would pay the majority of the compensation payments themselves. BP's chief financial officer, Byron Grote, said: ""Most of the cost we would view as charges to our partners. We're billing them for most of the costs that we're incurring."" He did add that: ""They've not responded."" Oil prices BP's profits during the fourth quarter of 2010 were $4.6bn, a third higher than in the same quarter a year previously. Some of that increase was thanks to the rising oil price, which had climbed to $90 a barrel by the end of last year. BP also said in its results statement that it would sell two US oil refineries, including the Texas City refinery, where 15 workers were killed and 170 injured in an explosion in 2005. The company is restructuring its business and has already sold interests in Argentina, North America, Venezuela, Vietnam, Colombia and Egypt. Joseph Lampel, professor of strategy at Cass Business School, said he expected the company's strategy for 2011 to continue the path set in 2010. ""BP will continue to emphasise safety and will be trying to generate more cash,"" he said. ""It has been fortunate that the oil price has been much higher, which has cushioned it to some extent from the effects of the problems last year."" Injunction Last month BP announced a $10bn partnership with the Russian state-controlled oil firm Rosneft to explore for oil in the Russian Arctic. That deal has upset existing Russian investors in TNK-BP - another Russian joint venture. On Tuesday, AAR - the consortium which owns half of TNK-BP - won an injunction in the High Court to stop the new joint venture. AAR had argued that its arrangement with BP means that any exploration should be done with it, rather than a rival company. Before the High Court's decision, BP and AAR had already agreed to go to arbitration in Sweden in the week starting 14 February. ""It has always been BP's position that these matters should be resolved through arbitration, and we are pleased that this is what the Court has now decided,"" BP's head of Russia David Peattie said. A spokesman for Rosneft said the court move should not derail the deal, while analysts said the granting of an injunction did not come as a surprise and they expected the dispute eventually to be resolved."
https://www.bbc.com/japanese/features-and-analysis-40553166,ブレグジットについて知っておくべき全て,アレックス・ハント記者、ブライアン・ウィーラー記者 英国のEU離脱を縮めた表現として使われるようになった言葉だ。英国を意味する「Britain」と離脱を意味する「Exit」から造語、「Brexit＝ブレグジット」が生まれた。過去に、ギリシャのユーロ離脱の可能性について、ギリシャのGreekとExitから「Grexit＝グレグジット」と表現されたのと同様だ。 なぜ英国はEUを離脱するのか 英国がEUから離脱すべきか残留すべきかについて、選挙権年齢に達している国民のほぼ全員が投票できる国民投票が、2016年6月23日の木曜日に実施された。51.9％対48.1％で、離脱派が勝利した。投票率は71.8％で、3000万人以上が票を投じた。 英国全土での内訳は イングランドは、53.4％対46.6％で離脱が多数。ウェールズもまた、52.5％対47.5％で、ブレグジットに賛成した人が多かった。スコットランドと北アイルランドはいずれも、EU残留を支持した。スコットランドでは62％が残留を支持し、離脱派は38％だった、北アイルランドでは残留55.8％、離脱44.2％だった。 国民投票の結果を受けた首相交代 キャメロン氏が首相を辞任し、メイ氏が新たに就任した 英国に新たな首相が誕生した。テリーザ・メイ氏だ。残留派の敗北を受けて国民投票当日に辞任を発表したデイビッド・キャメロン氏の後任として、内相だったメイ氏が就任した。キャメロン氏同様、メイ氏は英国のEU離脱に反対だったが、残留運動では非常に目立たない役回りしか果たさず、EUに対して熱心なようには決してみられなかった。離脱派だった主要なライバルらが辞退したため、本格的な保守党の党首選を経ずに首相に就任した。 メイ首相のブレグジットでの立ち位置は メイ首相は、国民投票運動中はブレグジットに反対していたが、英国民が求めていることだから、という理由で現在はブレグジットを支持している。メイ首相の主な主張は「ブレグジットはブレグジット」で、3月29日には、EU離脱に向けた2年間の手続きを発動。メイ首相は自身の交渉の最終目標を、欧州理事会のドナルド・トゥスク議長（EU大統領）宛の書簡に記した。 メイ首相はなぜ総選挙を実施したのか キャメロン氏の辞任を受け、メイ氏が首相に就任した。つまり、メイ氏本人が選挙に勝ったわけではない。首相官邸に引っ越した際、国民投票でブレグジットが決まるという激動の後しばらくは安定した時期が必要として、総選挙の前倒し実施の可能性を否定していた。次回実施予定の2020年まで喜んで待つと言っていた。 しかしイースター復活祭の祝日開けに、メイ首相は2017年6月8日の選挙実施に気が変わったと発表し、みんなを驚かせた。 メイ首相は、欧州首脳陣相手のブレグジット交渉で足元を固める必要性があるとの理由を挙げた。首相は、労働党やスコットランド国民党SNP、その他野党や、上院貴族院の議員が自身の戦略を阻止し挫折させようとして、英国が分断して政府の力がないとEUの首脳陣からみられるのを恐れていた。 総選挙で何が起こったか メイ首相のばくちは裏目に出た。保守党は過半数を失い、選挙戦前より議員数が減ったのだ。つまり、下院で確実に勝てるだけの十分な保守党議員数をメイ首相はもはや持っていない。 そのためメイ首相は、北アイルランドの政党、民主統一党DUPと取引をしている。DUPには10議席あり、少数与党政権を成立させられるのだ。DUPはまた、ブレグジットを支持しつつも、EU加盟国のアイルランド共和国との往来の自由を確保したいと考えており、つまりそれはEU内の自由貿易域となる関税同盟に加盟し続けることを意味する可能性もある。 メイ首相は選挙にあたり、より多くの過半数を取ってブレグジット交渉をより有利に進めるため、メイ首相に投票するよう国民に訴えていた。そこから判断すると、首相の立場は今や弱まり、離脱の取り決めについて政府内で表決を取る際に、反対意見の議員に手荒く扱われやすくなったということになる。メイ首相は、安定性と確実性を提供するために、首相であり続けたいとしている。 ブレグジット交渉は遅れるのか 遅れることはない。交渉は予定通り、6月19日に開始した。下の写真は、初回協議の様子。 メイ政権が崩壊して労働党が政権を取ったら それでもブレグジットは実施されることになる。労働党のジェレミー・コービン党首は、国民投票を再び実施する可能性を否定している。ただし、EUとの最終的なブレグジット合意を固める際に、議員は決定的な発言権を持つと発言している。つまり、よりよい取引に向け、英国は再び交渉段階に戻ろうとするかもしれないということだ。 650議席中12議席を確保した自由民主党は、「ハードブレグジット＝強硬なEU離脱」（下記参照）に反対しており、どの取り決めについてであれ、国民投票を再び実施すると公約している。国民投票の際には、EU残留への運動を展開するとみられている。同党はまた、労働党や保守党を問わず、いかなる連立も否定している。 SNPのニコラ・スタージョン党首は、EU残留を支持したスコットランドが、単一市場への残留を含む何らかの特別措置をブレグジット後に受けられるよう求めている。ブレグジットの合意内容が最終的に固まる前に、スコットランド独立の是非を問う2度目の住民投票実施を要求している。 経済は今のところどうか キャメロン前首相とキャメロン政権で財務相を務めたジョージ・オズボーン氏、その他EUへの残留を支持していた幹部クラスの多くが、国民投票の結果が英国のEU離脱となった場合、すぐに経済危機が訪れると予測していた。住宅価格は下落し、不況になり失業率が大きく拡大し、大幅な歳出削減を実施するのに緊急予算が必要となるだろうと。 ポンドは実際、国民投票の翌日に急降下し、対ドルで15％、対ユーロでは10％それぞれ低い状態が続いている。しかしすぐに経済危機が訪れるとの予測については、英国経済は2016年に1.8％の伸びを示しており、当たっていない。この伸び率は、世界の工業先進国G7の中で1.9％のドイツに次いで2位だ。 物価上昇（インフレ）率は今年4月、2.6％となり3年半振りの最高水準を記録したが、失業率は下がり続け、過去11年で最低の4.8％だ。国家統計局によると、住宅価格の年間上昇率は昨年6月の9.4％から低下したが、それでも3月はインフレ率を上回る4.1％だった。 欧州連合とは 英語名称の頭文字から取られた「EU」と呼ばれることが多い欧州連合は、欧州28カ国が参加する経済および政治の同盟だ。第2次世界大戦後、貿易相手とは戦争を避けようとする傾向があるとの考えから、経済的協力を促進するために同盟が作られた。 以来、加盟国がまるで一つの国であるかのように、物資や人が基本的に自由に動ける「単一市場」へと成長した。加盟国19カ国で使用されているEU独自の通貨「ユーロ」や、独自の議会があり、今や環境、交通、消費者の権利、さらには携帯電話料金のようなものも含め幅広い規定を定めている。 「第50条」とは？ 「第50条」とは、EUを離脱したい国がある場合の計画だ。EU全加盟国が調印し2009年に立法化された協定「EU基本条約（通称リスボン条約）」の一部だ。リスボン条約が調印されるまでは、加盟国がEUを離脱するための正式な仕組みが存在しなかった。 第50条はわずか5段落と、非常に短い。そこには、いかなる加盟国もEUからの離脱を決められること、欧州理事会に通知の上、EUと離脱について交渉しなければいけないこと、合意までに2年あること、全員が合意すれば延長は可能、離脱国は離脱に関するEU内の協議に参加できないこと、などが定められている。 英国がEUから離脱するのはいつか 英国がEUから離脱するには、リスボン条約の第50条を発動させなければならない。50条を発動すれば、離脱の条件に合意するために双方に2年間という期間が与えられる。メイ首相は3月29日に第50条を発動したため、英国が離脱するのは2019年3月29日の金曜日ということになる。EU加盟国全28カ国が合意すれば、延長も可能だ。 英国で施行中のEU法はどうなる？ 保守党は、総選挙で勝ったので、「Great Repeal Bill」（大廃止法案）を制定する予定だ。これにより、英国内で最も重要な法律はEU法でなくなる。大廃止法案は、EU法全項目をひとまとめに英国の法律へと合体させるものと考えられており、その後は、政府が時間をかけて、維持、変更、削除すべき部分を決める。 労働党は、総選挙に勝ったら大廃止法案を廃案にして「EU権利と保護法案」に替える意向を明らかにしていた。この法案は、全てのEU法を英国法に移すものだが、項目の変更や廃止は絶対できない。労働党は、労働者の権利、消費者の権利、環境に関するEU法を維持したいとしている。 ブレグジットに関する最高裁での裁判は何だったのか 法廷闘争の後、英国の最高裁は今年1月、第50条発動に先立ち議会の承認が必要との判決を下した。2行のブレグジット法案が議会にかけられたのはそのためだ。労働党議員らには法案を支持するよう指示が下され、法案は下院で可決された。しかし、すでに英国にいるEU加盟国国民の権利保障と、EUとの最終合意には「実効力のある」議決が必要という点を盛り込むよう上院で修正された。下院がこれらの修正案を否決し、上院が要求を取り下げ、労働党も修正案への支持を取り下げたため、修正されていない法案が法律として成立した。これにより、メイ氏は英国の離脱を正式に通告する書簡をEUに出せることになった。 英国のEU離脱を誰が交渉するのか メイ首相は、経験豊富な保守党議員でEU離脱を主張していたデイビッド・デービス下院議員を担当相として、ブレグジットの責任を負う省を立ち上げた。同じくEU離脱を主張していた元国防相のリアム・フォックス氏は新たに国際貿易担当相に、公式なEU離脱運動を主導したボリス・ジョンソン氏は外相となった。この3人が、EUとの交渉や新たな国際協定の模索にそれぞれ役割を果たすことになる。ただし、最終決定権を持つのは、メイ首相となる。 英国のEU離脱にはどのくらい時間がかかるか 第50条が一度発動されてしまえば、英国が離脱交渉できる期間は2年となる。しかしブレグジットのしくみがどうなっているのか本当に分かっている人は誰もいない。第50条は、2009年後半に策定されたばかりで、これまで適用されたことがないのだ。前外相でメイ政権では財務相に任命されたフィリップ・ハモンド氏は、国民投票の運動中は英国のEU残留を求め、英国の出口交渉の完了までに最長で6年かかる可能性があると示唆していた。英国のEU離脱の条件は、27カ国それぞれの国会で合意される必要があり、これには何年もかかると同氏は主張していた。 英国がEUの加盟国でなくなるまで、EU法は英国で効力を持ち続ける。英国は引き続き、EU条約や法律を順守することになるが、意思決定のいかなるプロセスにも参加することはない。 ブレグジットまでの流れ なぜ時間がかかるのか 何千もの項目を抱える、43年分の条約や合意をほどく作業は、決して単純ではない。これまで行われたことがないため、さらに困難を極めるだろう。担当者たちは、ある程度、交渉を進めながら調整していくことになる。中でも離脱後の貿易協定は、30以上もの欧州全土の国と地域の議会が全会一致で承認する必要があり、国民投票を実施する議会もあると考えられるため、最も複雑な交渉になるだろう。 英国とEUの交渉で重点的に取り組むのは？ メイ首相は単一市場に残ることは目指さないと明言している。しかし今回の総選挙でその戦略が実現するかどうか、分からなくなった。一部の保守党議員や、総選挙で勢力を強めた労働党は単一市場からの離脱に反対しているためだ。労働党は、EUの一員でなくても、単一市場に残ることで得られるすべての利益を享受したいとしている。単一市場に残るということは、欧州司法裁判所の管轄に残り、人の自由な移動を保障するために欧州が抱える難民を制限なく受け入れなければならない。メイ首相は4月29日、離脱手続きを正式に始める手紙に署名した。この手紙から、メイ首相が離脱交渉で何を重点的に求めるかが明らかになった。 メイ首相はEUと新たな関税同盟を結びたいとしている。関税同盟とは、同盟国同士の商品に関税を課さず、同盟国以外からの商品については共通の関税を課すことに合意するものだ。現在、英国はEUの関税同盟に加盟しており、他国と独自の貿易協定を結べない。 ソフト・ブレグジットとハード・ブレグジットの違い この2つの言葉は英国のEU離脱に関して議論する際、頻繁に使われてきた。どちらにも厳密な定義はないが、離脱後のEUとの距離感の違いを示している。 一方の極端な「ハード」ブレグジットは、単一市場を抜けてでも、人の自由な移動といった課題で妥協しないという離脱。そして対照的なのは「ソフト」ブレグジットで、ノルウェーが歩んだ道と同様に、単一市場に残る結果として人の自由な移動を受け入れなければならない離脱だ。 もしEUと合意に達しなかったら何が起きるか メイ首相は悪い合意なら合意しないで離脱した方がましだと語っている。英国は貿易に関する合意がなければ、世界貿易機関WTOの規則の下で税関検査や関税をかけせざるを得なくなる可能性がある。 労働党は、合意なしの離脱は選択肢にすべきでなく、最終的なブレグジットの合意については議員に発言権を与えるとしたが、合意条件に関して2回目の国民投票を実施する可能性は否定した。 EU域内の貿易相手国は英国と貿易戦争を始めたくないため、英国が単一市場を抜けてもほとんど何も変わらないと主張する人もいる。また、海外とのモノの売買を行う英国企業の費用が増えると言う人もいる。 単一市場へのアクセスがない場合、世界的な金融の中心地という英国の立場や、英国とアイルランドの国境がどうなるのかといった疑問もある。さらに、EU域内に住む英国人は居住権と無料で受けられる緊急医療サービスの権利を失ってしまうという懸念もある。 英国に住むEU市民に何が起きるか 少なくとも5年間合法的に英国に在住しているEU市民は「英国定住資格」が適用され、配偶者や子供を呼び寄せられることが、メイ首相の15ページにわたる提案書で分かった。 メイ首相は英国に在住している320万人のEU市民、並びに欧州経済地域（EEA）のメンバーではあるものの、EUに加盟していない3カ国とスイスの国民を安心させたいとした。 しかし将来の法的立場や権利は、EU離脱後もEU域内にとどまる120万人の英国人と同じものでなければならないとも指摘する。 EU側のブレグジット交渉を主導するミシェル・バルニエ主席交渉官は英国の提案が不十分であり、現行のEU法で保障されているものと同じレベルが必要とした。英国政府からより明確で野心的な提案を求めている。 英国側の提案の要旨は以下の通り。 労働党は政権を取った「その日」から、英国に住むEU市民の権利を保障するとした。 英国に5年間在住し、永住権を持っているEU市民は、ブレグジット後も権利が奪われる心配はない。 EU域内で働く英国民には何が起きるか 多くはEUと結ぶ合意の内容次第だ。もし英国政府がEU市民の労働許可に制限をかけると決めれば、ほかの国々も英国民に労働ビザを申請させるなど、同等の措置を講じる可能性がある。 英国で働きたいEU市民についてはどうか この点についても、人材が不足している業種で技能を持った労働者に限って入国させるという、現在EU市民以外に適応しているような労働許可制度を英政府が導入するか否かの決断にかかっている。市民に助言を提供する団体、シチズンズ・アドバイスは、EU市民の権利はまだ変わっておらず、EU離脱の国民投票を受けて差別を受けたと感じる人には連絡をするようあらためて呼び掛けた。 ポンド安が店頭価格にどう影響するか 英国から海外旅行する人は、離脱を決めた国民投票後、ポンドで買えるユーロやドルが少なくなったことに気づいただろう。日々の支出に対する影響はもっと大きくなりそうだ。たとえポンドがいくらか値を戻しても、為替の専門家は、ポンドが国民投票の行われた2016年6月23日時点から少なくとも10％低い水準で長期的に推移し続けるとみている。 つまり、結果的に輸入品の価格がより高くなる。食品や衣料、住まい用品の値段の一部にはすでに価格上昇が見られ、大手スーパーチェーン「テスコ」とマーマイト製造メーカー間で起きた論争が最も顕著に物語っていたように、店頭価格を上げるか否かが問題になった。 最近発表された英国の4月のインフレ統計によると、消費者物価を表すCPIHのインフレ率が3年半ぶりの高値となる2.6に上昇し、費用に対する更なる上昇圧力が今後数カ月にわたって波及しそうな兆候を見せている。 移民は減るか メイ首相は、離脱を決定した国民投票で、英国民が移民削減を望んでいるという最も重要なメッセージの一つを受け取ったと語った。メイ首相は、入国者数から出国者数を引いた差である純移動の人数を年間10万人未満の「持続可能な」水準に下げる決意を持ち続けているため、移民削減が離脱交渉の焦点になると述べた。 労働党は、英国がEUを離脱したら人の自由な移動を終わらせなければならないと語った。働く、もしくは勉強するために英国に来る人に対してどのような制度を適用するか労働党はまだ明らかにしていない。 2016年に英国へ入国した純移動は推計24万8000人で、2015年から8万4000人減った。英国に入国した総数の内訳は、EU市民以外が26万4000人、EU市民が25万人、英国民が万4000人で、英国を出国したとみられる総数33万9000人のうち、11万7000人がEU市民だった。 国民投票が再び実施される可能性は？ 可能性はかなり低いだろう。保守党も労働党も共に、英国民はきっぱりと離脱に投票したのだから2回目の国民投票は民主主義に反して信頼を裏切る行為だと主張し、新たな国民投票の可能性は否定した。 議員はブレグジット合意を採決するか 採決する。メイ氏は自身の優先順位をあきらめざるを得ない状況を避けるため、自らの交渉姿勢に関する採決は懸命に回避しようとしているようだが、2年に及ぶ交渉の末に残りのEU加盟国と合意した内容について、議会上下両院の承認を求める採決を行うと約束している。 労働党も議会での採決を約束しているが、保守党とは違い、労働党は合意内容が気に入らない場合に英国を再び交渉の場に戻す権限を議員に与えたいとしている。保守党の採決は、最終合意案を「承認するか、できなければ離脱する」ことが基盤になっている。 どんな取り決めでも欧州議会の合意を得なければならない。英国人の欧州議会議員はそこで投票する機会があるというのは触れておくべきだろう。 EUへの旅行にビザが必要になるか 英国民がEUに住んだり働いたりする権限は制限される可能性があるが、旅行者を抑制する意図はなさそうだ。EU加盟28か国と欧州経済地域（EEA）に加盟するアイスランドやリヒテンシュタイン、ノルウェー以外に英国民がビザなしに90日間旅行できる国は多くあり、そうした手続きは欧州各国と交渉できる可能性がある。 パスポートはまだ使えるか 使える。パスポートは英国の文書であり、EUパスポートといったものはないので、パスポートはそのまま変わらない。BBCのクリス・モリス記者によると、政府は理論上、望めば、現在EU加盟国で統一されている色を変えることはできる。 英国はまだ単一市場に残っているという人もいる。だが、単一市場とは何か 単一市場は、EU支持者からEU最大の成果とみられており、そもそもEU設立の重要な根拠の一つだった。英国は、当時共同市場として知られていた市場に参加する前、欧州の自由貿易圏の加盟国だった。自由貿易圏の国々は関税なしに互いに取引ができるが、加盟国が経済統合する必要がないため、単一市場とは異なる。 1992年に完成したEUの単一市場は、あたかも一つの国であるかのようにEU域内でモノやサービス、資本、人の移動を自由に行い、EU域内ならどこでも事業を創業したり、職を見つけられる。単一市場は貿易の活性化、雇用創出、価格低下を意図していたが、製品が同じ技術水準で作られるよう共通の法制化を必要とし、「公平な競争の場」を確保するために別の規則を課している。 共通の法制化はあまりに多くの細かな規則を作り、加盟国が自国の内政をめぐる統制を奪われるとの非難もある。貧しい国からより富める国へ移動する大量の移民も、移動の自由という規則に疑問をもたらした。メイ首相は英国が単一市場に残ることを否定した。 一方、労働党のコービン党首は、単一市場への残留もEUとの交渉の選択肢に入れなくてはならないと主張している。 過去にEUを離脱した国はあるのか EUを離脱した国はない。しかしデンマークの自治領グリーンランドは、より高度な自治権を獲得した後の1982年に国民投票を行い、48％反対に対し、52％が離脱に賛成、交渉期間を経て正式に離脱した。 スコットランドにとってのEU離脱 スタージョン氏はスコットランドの独立を問う住民投票を再び実施する可能性が高いと語った 二コラ・スタージョン自治政府首相は国民投票の際、離脱が支持されたことに対し、スコットランドは残留に投票したのに、EUから離脱しなければならないのは「民主的に受け入れられない」とした。スタージョン氏は、メイ首相が単一市場に残らないのなら、スコットランドは「ハード・ブレグジット」、あるいは英国から独立し、場合によってはEUに残留するかを選ぶ権利があると主張。2度目の独立投票実施を正式に要求した。2018年秋から2019年春の間に実施したいとした。 北アイルランドにとっては？ 北アイルランドとEU加盟国であるアイルランド共和国の間にある地続きの国境の扱いは、ブレグジット交渉の重要な部分になるだろう。現在は英国とアイルランドに共通通行地域がある。 昨年の国民投票ではスコットランド同様、EU残留に投票した。北アイルランドの投票結果は残留が56％、離脱が44％だった。 北アイルランド議会の機能が停止するまで、連立政権の一翼を担っていたシン・フェイン党は、英国からの離脱を問う住民投票を実施し、一刻も早くアイルランドと統合すべきだと呼びかけた。 保守党はシン・フェイン党の呼びかけを拒否。アイルランド統合に世論が動いた証拠はないと指摘した。 一方でデイビスEU離脱相は、万が一北アイルランドで英国離脱が支持されたとしても、「新たな国としてではなく、すでにEUに加盟している国の一部となるだけだ」とした。 さらに「手続きの要件についての詳細は欧州委員会が答えるだろう」とした上で、「北アイルランドについて明快な立場を取っている。英国の一部でありつつも、アイルランドと強いつながりがある現在の憲法上の立ち位置を支援している」と締めくくった。 労働党のコービン党首は北アイルランド議会が必要だと考えれば、アイルランド統合を問う住民投票を実施すべきだとした。 この問題はメイ首相が民主統一党（DUP）と閣外協力で合意をして少数与党の政権を結成したことで、さらに複雑化した。保守党のサー・ジョン・メージャー元首相など批判的な立場の人は和平合意を脅かし、英政府が北アイルランドでの権力分担をめぐる取り決めを元に戻し、北アイルランドの制度を保持する議会を支援する「公平で誠実な仲介者」とみなされなくなると警告した。 今のところブレグジットにかかる費用はどれぐらいで、最終的にどれぐらいかかるのか ブレグジットによる英国経済への長期的な費用と利益については大いに意見が分かれている。EUは英国が未払いの請求金額をすべて支払ってから離脱することを望んでいるのは間違いない。 請求金額の規模について、正式な試算は出されていない。EU職員への年金給付やロンドンに拠点を置いていたEUの関連機関の移転費用、EU予算への未払いの拠出などが含まれている。 500億～1000億ユーロ（約6兆3600億～12兆7300億円）にかけての額がささやかれている。英政府は金銭的な債務は履行するとしながらも、デイビスEU離脱相は「1000億ユーロまでは出さない」と言及した。 英国はブレグジットの「離婚の慰謝料を支払う」合意を行わずに離脱することも可能だが、おそらくそれは全員が裁判所に出向く結果となるだろう。 妥協点が見出され、支払いが何年にもわたって分散されれば、経済を圧迫する規模ではないかもしれない。 しかし「慰謝料」の支払いはブレグジット交渉が進められるにつれ、重要な争点となるだろう。 年金や貯金、投資や住宅ローンはどうなる 英国民投票の選挙活動中、キャメロン前首相はEUを離脱すれば、年金のいわゆる「トリプル・ロック」が脅かされると主張した。この制度は、年金支給額の伸び率をインフレ率、賃金上昇率、もしくは2.5%の3つの指標のうち、最も高いものとするもの。 メイ首相は、保守党のマニフェストから「トリプル・ロック」の公約を正式に削除し、2020年から「ダブル・ロック」に替えた。年金の伸び率が、少なくとも賃金上昇率やインフレ率の水準とするものだが、最低保障の2.5％ではなくなる。 労働党は、トリプル・ロックを保つと確約した。 今のところ、金利が引き下げられ、そのため住宅ローンやその他の借入金利が低く抑えられている。イングランド銀行が、インフレの上昇を懸念して金利引き上げを考慮しているという兆候はまだない。しかしもしそうなったとしたら、住宅ローンやローンの返済の方が高くつくが、貯金する人には朗報となる。 欧州旅行での買物時の免税措置は復活するか ジャーナリストやライターはソーシャル・メディア上で、ブレグジットの「良い面」または「希望の兆し」として、買い物時の免税措置が再導入されることを歓迎した。ブレグジットの結果に出てくるほとんどのもの同様、実際に再導入されるか否かはEUとの交渉の結果いかんによる。英国とEU間の「関税同盟」が終わるか続くかによるのだ。 欧州健康保険カードはまだ有効か 今のところは有効だが、長期的な見込みについては誰にもはっきりとは分からない。欧州健康保険カード（EHIC）とは、英国外のEU加盟国および一部の非EU加盟国で旅行者が緊急の処置を必要とする病気やけがに遭った場合、公的診療を受けられるもので、これはEUとしての取り組みではない。単一市場EEAにスイスを加えた参加国間で交渉されたものだ。（複雑だがスイスはEEAに加盟していないが、単一市場へのアクセスはある）つまり、将来的に英国人がEHICでカバーされるか否かは、英国がEEAとの関係を断ち切るか否かにかかっているかもしれない。 自動車は新しいナンバープレートが必要か BBCのクリス・モリス欧州特派員によると、おそらく必要ない。自動車登録やナンバープレートに関するEU全域の法律は存在せず、EUの旗のシンボルは自発的に使われている識別方法で義務ではないからだ。英国の運転免許庁は、英国が離脱に投じた場合、ナンバープレートのEUの旗がどうなるかについて協議されたことはないとしている。 下院議員はEU離脱を阻止できるか 現議会の多くの下院議員、つまりSNPと自由民主党の全議員や、労働党のほぼ全員、保守党の多くの議員が残留を支持していると仮定して、必要な法律が下院を通るだろうが国民投票の結果に法的な拘束力はなく、やはり議会が、1972年の欧州共同体法の廃止に始まり、EUから英国が抜けるための法律を通過させなければならない。 離脱の合意もまた、議会が批准しなければならない。下院図書館の報告書によると、上院貴族院と下院のいずれかまたは両方が、否決する可能性がある。 欧州人権裁判所の判決に従わなくてよくなるのか フランスのストラスブールにある欧州人権裁判所（ECHR）は、EU機関ではない。ロシアとウクライナを含む47カ国が加盟する欧州評議会が設立した。つまりEUを離脱してもECHRの判決が英国に適用されないことにはならない。 保守党は英国権利章典を支持し、ECHRの判決を英国の判例として扱うよう英国の裁判所に求める人権法を撤廃するために尽力している。その一環として保守党政権は、ECHRの判決を覆すためにイングランドとウェールズの法廷の権限を引き上げる対策を発表するとみられるだろう。 労働党、自由民主党、緑の党は全て、人権法を撤廃するという保守党の提案に対する反対運動を展開した。 EUはまた、自身の欧州司法裁判所を有しており、その判決はEU機関や加盟国で拘束力がある。同裁判所が下す決定は時に英国で議論となり、ブレグジット支持者はその権力を阻止する法律を即座に制定するよう求めている。 英国は将来、EUに再加盟できるか カティヤ・アドラーBBC欧州編集長は、何の割り戻しもなく最初から始め、EUと加盟の協議に入らなければならないと話す。各加盟国が、英国の再加盟に合意しなければならない。しかしアドラー氏は、欧州の他の場所でも選挙が行われるなか、他国の指導者は英国の要求にあまり寛大でないかもしれない。新たに加盟した国は、関連する基準を満たした場合、通貨にユーロを導入することが求められているが、英国は交渉によってはユーロを導入しなくてもよいかもしれない。 英国のEU離脱を求めたのは誰か 英国独立党（UKIP）は、2015年の総選挙では総投票数の13％にあたる400万票近くを獲得したが、今年の選挙ではその約4分の1に激減した。同党は何年にもわたり、英国のEUからの離脱を訴え運動してきた。国民投票の運動では保守党議員の約半数がUKIPの離脱運動に加わり、その中にはボリス・ジョンソン氏や5人の閣僚当時がいた。労働党の一部や北アイルランドのDUPもまた、離脱に賛成していた。 EU離脱支持者が離脱を求めた理由は 離脱支持者は、EUが事業に多くの規制をかけたり、見返りがほぼないのに年間何十億ポンドの加盟料を課し、英国の足枷になっていると話していた。また、他のEU加盟国と共通の意思決定により作られる法律でなく、英国独自の法律を再び作ることを求めていた。 移民もまた、ブレグジット支持者の大きな問題だった。離脱支持者は、英国の国境を英国が完全に管理し、英国にやって来て暮らし、働く人の数を削減したいと考えていた。 EU加盟国の基本原理の一つは、「往来の自由」で、つまり他のEU加盟国に行って暮らすためにビザを取る必要がないということだ。離脱派の運動はまた、EU加盟国との「統合の深化」という考えや、彼らが「欧州合衆国」の設立に向かう動きとみなすものに反対した。 英国のEU残留を求めたのは誰か 当時首相だったデイビッド・キャメロン氏は、残留運動を主導し、英国が残留を決めた場合、英国の加盟条件を変更することで他のEU首脳らと合意していた。 合意では、例えば大勢の移民の受け入れなど、英国の人々がEUについて問題だと思っているいつかのことを解決するため、「特別な」地位が得られるとしていた。しかし批判的な向きは合意ではほとんど何も変わらないだろうと指摘していた。 キャメロン政権のうち、16人の閣僚がEU残留を支持していた。この中には、キャメロン氏の後任のメイ首相も含まれる。党内でも意見が分かれ、国民投票の運動中、保守党は中立の立場を取った。労働党とスコットランド国民党、プライド・カムリ、緑の党そして自由民主党はすべてEU残留を支持した。 また米国のバラク・オバマ前大統領もEU残留を支持、フランスやドイツなどのEU諸国の指導者も残留を支持していた。 なぜ残留を支持していたのか 選挙中、EU残留を支持していた人たちは、加盟国であることで大きな恩恵を受けられていると主張していた。EU諸国への輸出も容易であり、移民の多くは若く、雇用を求めているため、経済成長をもたらし、公共サービスの担い手にもなると。 またEUを離脱すれば英国の国際社会での地位が損なわれ、単独でいるより加盟国でいる方が地位がより安定するとも主張していた。 ビジネスはどうなる 一部の例外を除いて、大企業はEU残留を支持していた。加盟国でいた方が資本や労働力、商品を動かすのが容易だからだ。 ロンドンは金融ハブという重要な役割を担っていただけに、どれぐらいの雇用が他のEU諸国の金融の中心都市に流れてしまうかが懸念されている。米大手銀行のうち、4社はロンドンに残り、シティの地位の維持に貢献したものの、HSBCはパリに約1000人分の雇用を移動させることがBBCの取材で明らかになっている。 英国の一部の輸出業者はポンドの価値が下がったことで注文や問い合わせが増えたと言うが、それ以外はあまり楽観的ではない。欧州市場向けの商品はEUの工場で生産されなければならないのではないかと怖れているのだ。 ボリス・ジョンソン氏はEU離脱を支持する運動で主導的な役割を果たした 超党派の残留支持派団体「ブリテン・ストロンガー・イン・ヨーロッパ（英国は欧州にいてこそより強くなれる）」は、小売大手マークス・アンド・スペンサーの元会長であるローズ卿が主導していた。 キャメロン前首相やジョージ・オズボーン前財務相などの保守党の重鎮らやほとんどの労働党の議員らによって支えられていた。その中には労働党のコービン党首や労働党の残留支持団体を率いていたアラン・ジョンソン議員も含まれる。 また自由民主党、プライド・カムリ、北アイルランドの北アイルランド同盟党と社会民主労働党、そして緑の党もこの団体を支持していた。 この団体には688万ポンド（約10億円）の資金が寄せられた。スーパーマーケット業界の有力者で労働党議員のセインズベリー卿から2つの寄付があり、あわせて230万ポンド（約3.4億円）が寄せられた。他にもヘッジファンド経営者のデイビッド・ハーディング氏から75万ポンド（約1.1億円）、外貨両替専門店トラベレックスの創設者で実業家のロイド・ドーフマン氏とネイサン・カーシュ氏自身の会社を通して寄せるがそれぞれ50万ポンド（約7300万円）など、有力者が残留派に寄付を寄せた。 スコットランド国民党は保守党と活動を共にしたくなかったため、独自の選挙活動を展開した。他の小さな団体も活動を行った。 離脱派は「ボート・リーブ（離脱に投票を）」を結成。党をまたいだ団体で、マイケル・ゴーブ議員やボリス・ジョンソン議員などの保守党重鎮に加え、ジゼラ・スチュワート議員やグレアム・ストリンガー議員など一部の労働党議員、イギリス独立党UKIPのダグラス・カーズウェル議員やスザンヌ・エバンズ議員、そして北アイルランドからは民主統一党DUPの議員らが支援した。 保守党の元財務相であるローソン卿、社会民主党SDPを結党したオーウェン卿も関わっている。ファーマーズ・フォー・ブリテン、ムスリムズ・フォー・ブリテン、アウト・アンド・プラウドや反EUのゲイ支援団体など、様々なコミュニティで支持を広げることを目指した。 ボート・リーブには全体で278万ポンド（約4億円）の資金が寄せられた。最大の支援者は50万ポンド（約7300万円）を寄せた実業家のパトリック・バーバー氏。保守党の元財務局長だったピーター・クルーダス氏は35万ポンド（約5100万円）、また建設業界の有力者テレンス・アダムズ氏も30万ポンド（約4400万円）を寄せた。 他の離脱派有力者にはイギリス独立党UKIPのナイジェル・ファラージ元党首がいる。ボート・リーブには関わらず、党独自の運動を展開した。労働組合・社会主義連合も独自の選挙活動を展開し、他の小さな団体も参加した。 EUの公用語は英語のまま カティヤ・アドラーBBC欧州編集長によると、答えはイエスだ。「EUには他にも27カ国が加盟しており、将来EUへの加盟を望む国もある。フランスにとっては残念だが、EUでの共通語は主に英語」と言う。 ブレグジットの影響で商品の安全性が損なわれる可能性は おそらくないだろう。英国が現在の安全基準を廃止するか否かにかかっているものの、EUへの輸出を検討している企業であれば、どこでもその安全基準に従わざるを得ないだろう。企業が同じ種類の商品を2パターン作るというのも考えにくい。 ここからはBBCに送られてきた質問をまとめて紹介する。 離脱派と残留派のそれぞれの議員を教えてほしい この質問を送ってきたケンブリッジのエドワードさんに良いニュースがある。今まさにそのリストを作成している。こちらが最新版（英語）だ。 英国はEUにいくら拠出し、その見返りにいくら受け取っているのか ホーンチャーチのナンシーさんの質問に答えると、英国はEU予算への拠出額が受取額よりも多い加盟国10カ国のうちの1国で、英国よりも多く拠出している国はフランスとドイツだけだ。2014／15年はポーランドが一番の恩恵国で、次いでハンガリー、ギリシャだった。 英国はEU予算への拠出額が受取額よりも多い加盟国10カ国のうちの一つ 英国は故サッチャー元首相が交渉した毎年の払戻金と、地域開発補助金や農家への支払いの形での返金を得ており、2014／15年は合計46億ポンド約6700億円に上った。最新の財務省の数字によると、2014／15年の英国の純拠出額は88億ポンド約1.3兆円で、2009／10年のほぼ2倍だった。 会計検査院は、民間企業や研究助成のため大学に直接支払われるEUの資金も含めた別の計算式を使い、2014年の英国の純拠出額は57億ポンド（約8400億円）と示した。 退職後、スペインあるいは他のEUの国で暮らす場合、医療費は補償されるのか イーストサセックスのデイビッドさんは、自分の退職後の計画がどうなるか心配している。これは、どうなるか断定的には言えない問題の一つだ。現在、スペインに多く住んでいる英国人はスペイン人のかかりつけ医に無料で診てもらうことができ、入院治療費は英国民保険サービス（NHS）が支払っている。スペインで永住者になると、スペインがこのような英国人の入院治療費を支払う。 フランスなどの他のEU諸国では、労働年齢の英国人は現地のフランス人と同額の医療費を支払うことになっているが、定年退職すると、退職した人の医療費はNHSが支払う。 下院図書館研究資料によると、英国が単一市場、すなわち欧州経済地域（EEA）に残る場合、このやり方を維持できるかもしれないとのこと。英国がそれぞれの加盟国と貿易協定を交渉しなければならない場合、英国はNHSを通じてEU域内に住む英国人の医療費を払い続ける、あるいは英国人が引き続き外国に住み続ける場合で彼らの居住国が支払いを拒否する場合、自分で医療費を負担しなければならないと英国は決めるかもしれない。 保護動植物はどうなるのか ロンセストンのディーさんの質問は、英国がEUを離脱する際、コウモリなどの保護動植物を規定するEU法はどうなるのかというもの。答えは、これらの法律は維持されるだろう。少なくとも最初は。離脱決定の投票を受けて、政府は正式な離脱日までの2年間でEUが制定したすべての法律を精査し、どの法律を残し、どれを廃止するかを見極めるだろう。 EUが指定する特別保全区域と特別保護区域は精査され、どのような代替の保護策が適用できるか検討される。同じプロセスは、コウモリやその生息地に関する欧州保護動植物の法案にも適用されるだろう。 政府は新しい英国の法律が施行される前に、EUの法律を破棄することで生じる法律が存在しない空白期間を避けたいと考える。また、政府は環境保護を規定する他の国際的合意に引き続き準拠するだろう。 移民の子供への給付金と福祉の支払いへの変更で、英国はいくら削減できるか ドーセット州プールのマーティンさんが知りたいのは、キャメロン前首相がブリュッセルでEU側と交渉した給付金の削減から、国民は何が得られるかというもの。 詳細は一度も詰められていないので、正確には分からない。英国歳入税関庁によると、2万人のEU市民が、自分たちの国の3万4000人の子供たちに関して、合計約3000万ポンド（約44億円）の給付金を受領している。 しかし、キャメロン前首相は望んでいた包括的な禁止ができなかったため、削減の総額はそれよりもはるかに少なくなっていただろう。代わりに、給付金支払いは子供の住む国の物価に連動するようになった。前首相の「緊急ブレーキ」が作動すると、前首相は、英国に来るEU移民の家族のうち40%もの家族が年間で平均、6000ポンド（約88万円）の在職給付金を失う可能性があると指摘した。雇用年金局は、12万8700～15万5100人が影響を受けると予想した。だが、削減は段階的に導入される。新たにやって来る移民は税の控除やその他の在職給付をすぐには受けられず、4年間にわたって段階的に利用できるようになる。なお、給付率は決まっていなかった。この計画は今のところ実行されていない。 英国は欧州最大の音楽祭「ユーロビジョン」から除外されるのか ユーロビジョンに出場するためには、欧州放送連合（EBU）の加盟国でなければならない。EBUはEUとは独立した組織だ この質問をしたピーターバラのソフィーさんは心配する必要はない。英国ユーロビジョン・ファンクラブのアレスダイヤー・レンダル会長は、「全ての参加国は欧州放送連合（EBU）の加盟国でなければなりません。EBUはEUとは完全に独立した組織で、EU内外の国が加盟しており、イスラエルのような欧州以外の国も入っています。実際、英国は1957年、欧州経済共同体EECに加盟する16年前からユーロビジョンに出場し始めました」と語った。 ブレグジットで住宅価格は下落したのか これまでのところ、答えはノーだ。だが、伝え聞いた話によれば、ロンドン中心部の高級住宅市場の価格が下落しており、住宅価格の年上昇率が国民投票時点の9.4%から12月には7.2%に低下したそうだ。 EU反対派が不満を言う「お役所仕事」とは何か リバプールのゲドさんは、「お役所仕事」とは雇用の権利と環境保護を表す遠まわし表現ではないかと考えている。シンクタンクのオープン・ヨーロッパによると、最も費用の高いEUの規制上位5つのうち、4つは雇用あるいは環境に関連している。同シンクタンクが47億ポンド（約6900億円）かかると指摘する英国再生可能エネルギー戦略が最も高い。週の労働時間を48時間に制限する労働時間指令は年間42億ポンド（約6100億円）、派遣社員に正社員と同等の多くの権利を与える派遣会社社員指令は年間21億ポンド（約3100億円）かかり、どちらも上位に入っている。 将来の英国政府が、EU離脱の決定後にこのような規制を英国法で同じように設置することはできる。それに、いわゆる「お役所仕事」の費用は必ずしも直ぐにはなくならない。英国が「ノルウェーのモデル」に倣うと選択し、欧州経済領域に残れば、EUが作った法律の大半は残ることになる。 英国は環大西洋貿易投資パートナーシップ（TTIP）の一員になるのか ボルトンのスティーさんの質問。現在、EUと米国の間で交渉中のTTIPは世界史上最大の自由貿易圏を作り出す。 TTIPの擁護者は、英国のキャメロン前首相を含め、TTIPによって米国からの輸入品が安くなり、英国から米国への輸出が100億ポンド約1600万円程度拡大すると考えている。 ただ左派の多くは、野党・労働党のコービン党首を含め、TTIPにより多国籍企業がより強い力を持ち、公共サービスの質が低下し、食品基準が損なわれ、基本的権利が脅かされるのではないかと危惧している。 トランプ米大統領はTTIPを好ましく思っていないため、今は合意に至る可能性が低いとみられている。ただ、何が起こるにせよ、EUを離脱すると、英国はTTIPの一員にはならず、米国と独自の貿易協定を交渉しなければならない。 EU離脱はNHSにどんな影響があるか ウィッドネスのパディーさんの質問は、EU離脱により現在いる医者の数やNHSにどんな影響があるかというもの。 これはブレグジットの国民投票においても論点になった。離脱派が毎週3億5000万ポンド（約500億円）と主張する英国からEUに支払われる負担金を、代わりにNHSに使うことができると主張していたからだ。 国民投票前、ジェレミー・ハント保健相は、EUを離脱すると大幅に予算が削減され、医者や看護師が国外に大挙して出ていくと警告した。離脱陣営は保険相の介入を「怖がらせようとしている」と一蹴し、EU加盟の負担金はNHSのような国内のサービスに使えると主張した。 国民投票以来、NHSへの支出は計画通り、以前と同程度で推移している。NHSで働くEU市民は英国にとどまる権利を得るとみられている。ただし、英国のEU市民とEU域内の他国にいる英国民の待遇の詳細については、まだ最終的には決まっていない前述の回答をご覧ください。 サリー・ミラーさんは9年前、スペインに家を買い、5年以内にそこで退職後の生活を送ろうと計画している。ミラーさんの質問はブレグジットがそれにどのような影響があるかというもの BBCのケビン・コノリー記者の回答 自由な人の移動、EU市民が英国に住み働く権利は、ブレグジットの国民投票においても当然非常に大きな焦点で、離脱交渉においても大きな部分を占めます。 英国側からはすでにかなり発言を聞いています。政府は英国内でのEU諸国の国民、およびEU域内での英国民の地位と権利を守ることが政府の早期優先事項の一つで、特に政府は互恵的な合意を求めていると言います。 よって、雰囲気は前向きかもしれません。ただ唯一確実に言えるのは、保証はまだ何もありませんが、自由な人の移動の問題は来るブレグジット交渉の中で主要な部分を占めます。 ジョナサン・イートンさんはオランダ人の妻とオランダで暮らしている。英国に戻らなければならなくなった際、どのような給付金や住宅の権利があるのだろうか BBCのノーマン・スミス政治担当副編集長の回答 端的に答えると、給付金を得るための簡単な方法はありません。現状、ブレグジットはさておいても、1994年に導入され、EU市民同様に英国民にも適用される常居所試験と呼ばれる試験に合格しなければなりません。 規則が厳しくなったため、給付金の種類によっては、外国にいた場合、帰国して数カ月間は試験への申請すらできません。例えば、失業者手当の場合、帰国後3カ月間はこの手当に申請するための試験を受けることすらできません。これは、EU市民が英国に来てすぐに給付金を得るのを防ぐためです。 3カ月後に試験を受けることができます。試験では、英語力、英国に来る前に仕事を探すためどんな努力をしたかを見ます。また、英国とどれほど強いつながりがあるか、英国に不動産を所有しているか、あるいは家族がいるか、滞在して働こうとしているか、あるいはまた外国に戻るかも考慮されます。 ただ試験を受け合格すれば、収入面で通常の要件を満たし、求職中であることを見せる限り、さまざまな給付金を申請する権利を得られるはずです。これは、低所得者向けの給付制度「ユニバーサル・クレジット」に完全に移行しても、続く可能性が高いでしょう。 全体の制度の中で一つ不明なのは、外国にいる英国人の権利を保証する点において、ブレグジット交渉はどうなるのかということです。 それがどういったものになるか、外国居住者が英国に戻って来る時に、給付金の早期申請が可能になることに影響するかは分かりません。 英国がEUを離脱すると、欧州健康保険カードはどうなるのか。（テリー・ハントさんの質問） ノーマン・スミス記者の回答 現在、私たちはEUの別の国で少し体調を崩しても、ほとんど問題ないと確信できます。なぜなら、その国の国民がすでに受けているのと同じような医療を受けられるからです。 それには、処方箋、総合診療医の診療、入院費用も含まれます。EUを離脱する際に何が起こるかは、他の多くのブレグジットに関する事柄と同様、不明です。現行制度がそのまま続くかもしれません。 しかし、もしそれが不可能であっても、互恵的な医療の権利についてそれぞれの国と個別の合意を結ぶことができるかもしれません。オーストラリア、イスラエル、ロシアなどの多くの国々とすでにそのような合意があるためです。しかし、このような互恵的な合意に達することができるかの保証はありません。 そのため、私の予想では、現行の医療保障を維持することが全員の利益になるでしょう。それが上手くいかない場合、外国で旅行中はビタミンを取り続け、レムシップ（訳注：英国で幅広く使われている風邪薬）を荷物に入れ、冷たいすきま風が入ってくる窓から離れておくことをお勧めします。 新しいパスポートと運転免許証を買わなくてはならないのか。欧州でそれを自由に使う権利はブレグジット後、なくなってしまうのか、（フランシス・リーさんの質問） ケビン・コノリー記者の回答 現在、英国のパスポートは「European Union（欧州連合）」の文字が印字されており、英国の運転免許証にはEUを象徴する青い四角と黄色の旗が記されています。ブレグジット後はおそらくそれが変わりますが、その変更は段階的に導入されるでしょう。なので、古いパスポートや免許証の期限が切れる時に新しいデザインのものを取得するでしょう。私の記憶では、英国がEUに加盟した時がそうでした。結局、他の方法は費用が高くなり、変更申請が殺到して制度的に対応できなくなるリスクがあります。 パスポートや免許証を自由に使う権利は興味深い質問です。移動の自由への制限の話をする時は通常、別の国で生活し働く自由のことを言います。英国がその点でEUに制限をかける場合、EUから何かしらの反応があると予想されます。 しかし観光分野では、多くのEU域外の国民が英国にビザなしで90日間まで滞在できます。ブレグジット交渉の中で、英国にとって類似の取り決めが話し合われると予想されます。 双方がお互いの観光客を必要としています。また、結局のところ、英国の免許証で米国内で運転できるなら、将来、同じことが欧州でできると想定してもおかしくはなさそうです。 首相と政府が欧州司法裁判所（ECJ）の圧制から離れたいのは明白だ。バリー・フライヤーさんは、なぜECJよりもはるかに憎まれている欧州人権裁判所機関からの脱却は無視されているのか、と質問。 ケビン・コノリー記者の回答 当然この2つの裁判所は別々の機関であるため、政治も別々です。重要なこととして、欧州人権裁判所はEUの機関ではないため、そこから抜けるという協議はブレグジットの議論において重要ではありませんでした。 ECJは欧州連合の主要機関の一つであり、EU法を執行しています。そのため、ECJは将来の貿易協定を監督する役割を担っているかもしれませんが、ブレグジットの目標の一つは、英国をECJの管轄から外すというものでした。 バリーさんが指摘したように、ECJよりはるかに物議を醸すことがある欧州人権裁判所はEUではなく、欧州評議会の加盟国が設立した機関です。欧州評議会は、EU加盟国ではない国々も加盟するEUとは別の機関です。 この欧州人権裁判所が、英国で問題となったイスラム教聖職者アブ・カタダ氏の強制送還の阻止や受刑者の選挙での投票権の確立などの判決を出しました。EU離脱によってもこれは何も変わりません。 エイドリアン・ウォリスさんは小さな電機会社を経営している。ウォリスさんの質問は、ブレグジット後の輸出関税について、またそれがウォリスさんの事業にどんな意味を持つかというもの ケビン・コノリー記者の回答 英国がEU域内にいる限り、関税が話題に上ることはあまりありませんでした。 それは、欧州経済地域（EEA）内では全ての貿易が無関税だからです。加えて、EUは他の52カ国とも貿易協定を結んでいます。 ブレグジット後、英国は自国だけで新たな合意に向け交渉していかなければなりません。それは問題でもあり、チャンスでもあります。 例えば、EUが農産物に課しているように、大切にする事業を保護するために外国の輸入品に関税をかけることができます。ただ、この場合、貿易相手国から報復を受けるリスクがあります。 この全てにおいて鍵となる組織が、世界貿易機関WTOであり、現在、英国はEUへの加盟を通じてWTOに加盟しています。 良い知らせの一つは、EUを離脱すれば、英国は自動的にWTOの一員になることです。 それは重要です。なぜなら英国が新たな貿易協定を交渉している間は、それには何年もかかる可能性がありますが、WTOの規則に基づいて貿易が行われるためです。 現在、食料品以外の項目については、平均約2.3%の関税が課されています。 しかし例えば、EUが英国からの自動車の輸入に10%の関税をかけるとします。すると、英国も同様の関税をドイツやフランスの自動車に課すかもしれません。 理論上は、それにより、全ての国が自国の消費者のためにより良い合意を締結しようとするインセンティブが働くと経済学者は言うでしょう。 問題は、こういったことには数年、もしかしたら何十年もかかるかもしれません。また国ごと、業界ごとに合意が締結される傾向があります。 そのため、もしウォリスさんが自分の事業への影響を見極めようとしているのなら、残念ながら辛抱強く待たなければなりません。 たぶん、かなり辛抱強く。 EU離脱は欧州での英国の長期的な政治的影響力にどのように作用するか（ピーター・ホアさんの質問） ノーマン・スミス記者の回答 EU域外での影響力がどうなるかについては、基本的に2つの見方があります。 一つ目は、英国がEUなどの組織を通じて世界で力と影響を行使するが、英国自体の力ははるかに弱まるというものです。 二つ目は、EUの他の27カ国の邪魔がなくなり、英国が様々なことを始め、世界の舞台でより独立し、自信を持ち、積極的に主張する役割を担い始めるというものです。 私の見方は、おそらく状況はあまり大きくは変わらないと思います。 その理由は、英国は依然として国連や北大西洋条約機構（NATO）など重要機関の一員で、今後もEUのパートナーと協力していきます。例えば、フランスとは引き続き防衛面で緊密に連携していきます。 今後も英国は同じ英国ですし、強い軍事力を持ち、豊かで、核兵器を保有する国です。なので、ブレグジット後に突然みんなが、英国が全然違う国になったとは思わないでしょう。 他の国もEUを離脱する可能性は高いのか。もしそうならば、新たな自由貿易圏を作れるか（デイビッド・ジョンさんの質問） ケビン・コノリー記者の回答 面白いことに、つい先日この質問について、フランスの保守系でかなりの親欧州派の政治家と話し合っていたところです。彼いわく、極右・国民戦線が望むように、もし明日フランスで投票があれば、フランスはEU離脱に投票するだろうと。 ただおおむね、EU離脱の考えが大陸を席巻し、EUへの反乱を起こすような大きな波は今後あまり起こりそうにありません。例えば、アイルランドのような国が税金についてEUとの小競り合いがある時でも、アイルランドの政治家は確かにうっとうしがりますが、欧州の大半の主流の指導者たちは、EUが何十年も平和と繁栄をもたらしたという考えと共に育ってきました。 多くの指導者たちは、EUの多くのことについて、いら立ちを感じていますが、いら立つこととEUの恩恵を比べても、恩恵の方がはるかに大きいと大体は主張します。ポーランドやハンガリーのような欧州懐疑派が強い国でも、EUへの加盟により非常に大きな財政的恩恵があるという健全な意識もあります。 今後については、どうなるか見てみましょう。英国がブレグジットをめぐり素晴らしい合意を締結できれば、他国も離脱に魅力を感じるかもしれません。 ただ実際には、多くの欧州政治家はEUに対して、まさに他国が英国のように出て行くのを防ぐために、英国に厳しい姿勢を取ることを望んでいます。 英国の独自の自由貿易圏形成については、かなり成功確率が低そうですし、あらゆる要因を考慮しても可能性は低いでしょう。とりわけ、別の自由貿易圏に勧誘できる国があまりないからです。 英国はノルウェー、リヒテンシュタイン、スイスが加盟している欧州自由貿易連合に入るかもしれません。ただ当然、既存の規則の下で加入するので、ブレグジット後の英国で最も起こり得る将来像は、EUとできるだけ良い合意を締結し、その後、他国と他の自由貿易の合意を模索することだと思います。 ただそれでも、英国独自の自由貿易圏を作ることにはならないでしょう。 ジブラルタルと北アイルランドの国境はどうなるのか（ナイジェル・メイさんの質問） ケビン・コノリー記者の回答 ブレグジット後に議論の的になる国境がどうなるかは、最も難しい質問の一つです。 スペインがEUに加盟した1985年以来、英国領土であるジブラルタルに圧力をかける方法として、スペインは基本的にジブラルタルとの国境を閉鎖するのを妨げられてきました。 実際、1万2000人のスペイン人が毎日働くためにジブラルタルへ行きます。スペイン側のジブラルタル周辺は、かなり停滞した地域であるため、ジブラルタルは重要な雇用先でもあります。 一方、スペインは、ブレグジットがジブラルタルを取り戻すチャンスだと大っぴらに話しています。スペインのホセ・マヌエル・ガルシアマルガージョ外相は昨年9月、英国のEU離脱は、300年以上ぶりにジブラルタルを取り戻す「唯一の歴史的チャンス」だと述べました。 ただ最低でも現状では、スペインが望めば、出入国管理を再実施するようです。 アイルランドの国境の状況はより複雑です。 北アイルランド出身の人たちにとっては、国境で軍の検問所が完全になくなったことは、紛争が終結したことを日々実感させる最も目に見えるものの一つであり、誰もかつてのような国境を望んでいません。 ただ、アイルランドがEUの一員で、英国がそうでない日が来る時は、アイルランドの国境は当然、英国にとってのEUとの国境にもなります。 メイ首相はかつてのような国境には戻らないと言いましたが、現実には、英国が共通の関税同盟域内を抜けると、国境でおそらく何らかのチェックが必要になるでしょう。 当然、国境をまたがるファーマナ州のビリークやベルコーのような町や村にとってそれがどのような意味を持つかは想像しがたいものです。 EU域内に住む英国人にとって、医療制度の利用の仕方はどのように変わるのか（イタリア在住のベロニク・ブラッドリーさんの質問） ケビン・コノリー記者の回答 医療は英国がEU加盟国であれば、比較的単純な問題の一つです。 医療はEU域内全体に適用される市民の権利の一部です。ブレグジット後は、2つの可能性があると思います。 まずもっとも簡単なのは、交渉官たちが現在の取り決め、あるいは類似の取り決めを維持し続ける互恵的な合意を考えつくことでしょう。 そうしなければ、対応は個別の国ごとに変わります。 例えば、イタリアのブラッドリーさん一家にとっては、EU域外の国出身の居住者は、そこにはすぐに英国人も含まれますが、在留資格を完了させイタリアの身分証明書を取得し、イタリアの健康保険証を申請しなければなりません。 現在、彼らが英国を訪れても欧州医療保険証がない限り、非居住者である英国人のNHSの利用は簡単ではありません。 治療を受ける権利は課税状況ではなく在留状況に基づいています。 そのため、たとえ海外に住み、例えば、投資用の賃貸不動産に課される英国の税金を払っていても、英国帰国中に受けたNHSの治療費の請求書を受け取っているかもしれません。 今まで英国で生活し働いて、現在英国の国民年金を受給しているEU国籍の人たちはどうなるのか（英国に住むドイツ人のピーター・バーツさんの質問） ノーマン・スミス記者の回答 EU諸国の国籍の人で、英国の国民年金を受給している場合、何も大きな変更はないはずです。年金受給は受給者の出身国とは関係なく、受給者が英国で国民保険料をどれくらいの期間支払ったかが基になっています。 そのため、出身地がリトアニア、ラトビア、ルーマニアのトランシルバニア、あるいはマリのトンブクトゥでも関係なく、大事なのは、国民保険料をいくら支払ったかです。 ただ一つ問題があります。それは、少なくとも10年以上支払っていなければならないことです。 現行の規則では、EU市民で10年以上支払っていない場合、自国で支払った保険料を参照し、「自国で保険料を支払った」と指摘でき、それも加算されます。 この規則はEU諸国、および英国が社会保障合意を結んでいる他の16カ国にも適用されています。 EUを離脱すると、新たに互恵的な合意を交渉しない限り、この仕組みが使えなくなります。 仮にこの仕組みが使えず、国民保険料の納付が10年未満の場合は、EU市民は英国の国民年金を受給できません。 EU市民であり同時にEU市民にならないことは可能か（アイルランドのパスポートを持つデクラン・オニールさんの質問） ケビン・コノリー記者の回答 私自身アイルランドと英国の二重国籍を持つ身として、ある種の興味があると広言すべきでしょう。 当然、北アイルランドで生まれた人は誰しも、両方のパスポートを持つ絶対的権利があります。 両方のパスポートを持つのが苦でない限りですが、特にデメリットを指摘する必要がない数少ない質問の一つだと言えば、デクランさんは喜ぶかもしれません。 アイルランドのパスポートを持っているとEU市民としての便益を引き続き享受でき、英国のパスポートを持つと、同時に、英国においてもすべての権利が得られます。 緩やかな丘陵地帯、険しい海岸線、小雨の合間の楽しい休息と合わせて、北アイルランド出身であることで、明らかにうれしいことの一つと言えるでしょう。 唯一すべきは、今後、空港のEU市民専用の列に並ぶ時にアイルランドのパスポートを忘れないように持っておくことです EU基本条約第50条には中止条項はあるか（ジリアン・コーツさんの質問） ノーマン・スミス記者の回答 正直な答えを言うと、法律の専門家でないとこれには答えられないと思います。 ただ私の理解では、法的には第50条を発動するとそこから抜けられなくなるようですし、欧州議会もきっとそのように解釈しています。 第50条を発動した後の2年間の過程の中でブレグジットをやめたいと思う場合、最終的には欧州司法裁判所が決断することになるだろうという見方があります。 しかし、現実の世界では、法的な決まりが何であれ、かなりそれとは違う可能性があります。 実際には、交渉が遅々として進まず、ブレグジットが破滅的なものになると判断し、ブレーキを即座にかけなければならない場合、多くのEU諸国はおそらく私たちのことを笑うでしょう。でも同時に英国がブレグジットの道を進まないことにEU諸国はおそらくかなり喜ぶでしょう。 そのため、端的に答えると、ブレグジットをやめたい場合、法的にはあまり芳しくなさそうですが、政治的には、他の欧州の指導者たちの支援もあり、おそらく可能だと思います。 いつ英国のパスポートは変わるのか（エリック・デジャーランドさんの質問） ケビン・コノリー記者の回答 この質問は多くの人たちが本当に気にかけていることです。英国の新しいパスポートの表紙に「European Union（欧州連合）」の文字がなくなると、まさにそれが明確な形でのEU離脱の印になるからです。 残念ながら、端的な答えは、その変更がいつ行われるか分かりません。 ただ政府にとって最も安価な方法は、古いパスポートの期限が切れる時に、段階的に新しいパスポートを導入することでしょう。 そのため昔の青色の背表紙が硬いパスポートを再度持つのを楽しみにしている人は、長く待たないといけないかもしれません。 BBCの「事実確認チーム」は、英国に住むEU市民をめぐるメイ首相の計画について、以下の通り読者の質問に答えた ――アイルランド国民は5年間の居住要件から除外され、引き続き英国人と同様の扱いを受けるのか はい、英政府は共通通行地域の取り決めを守ると確約しているため、英国に住むアイルランド国民は自分たちの権利を保護するための定住資格を申請する必要はありません。 ――EU市民は2019年3月までの2年間の間はまだ、英国に移住することができるか はい、できます。英国は離脱するまではEU加盟国なので、人の自由な移動の規則はその時まで適用されます。 ――なぜ英国の裁判所は英国に住むEU市民の権利に対して完全な司法権を持つべきではないのか。それがブレグジットの一番の目的ではなかったのか 英政府は欧州司法裁判所はEU市民の権利について司法権を持つことはないと言います。一方で、EU側は持つよう要求しています。この点は、ブレグジット交渉の中でも重要な議論の的になるでしょう。 ――終身滞在はどのように保障されるか。将来の政府は法律を変えることができるか 英国がEUを離脱すると、原則として、将来の政府はその規則の修正を提案でき、英議会が新たな法律を決めることになるでしょう。 ――2年以内にフランスに移住し定年退職後の生活を送り、不動産を買おうと計画している。ブレグジット後もこの計画は可能か 退職後に住む国の規則に従う限り、世界のどこでも不動産を購入し、そこで生活できます。なので、フランスでもできます。ただ、英国とEUが市民の権利をめぐる交渉を締結するまで、正確にはフランスでどんな権利を得るかは分りません。 ――私はEU加盟国の国民で英国に住んでいるが、私の妻はEU域外の出身。妻の資格は変わるのか あなたの妻は、英国のEU離脱前に英国に住んでいる資格のあるEU市民の家族として、あなたと一緒に定住資格に申請することができます。ただし、あなたの妻も定住基準を満たし、英国に住人として住む間にあなたと真正な関係になければいけません。 （英語記事 Brexit: All you need to know about the UK leaving the EU）
https://www.bbc.com/korean/news-50542291,북한: 아동학대 보고서 발표...'한국 드라마 폭력성 감소에 기여',"지난 5년간 한국에서만 130명이 넘는 어린이가 아동학대로 사망했고 아동학대 피해자는 지난해 처음 2만 명을 넘어섰다. 정부가 매년 신고체제 구축운영, 교육홍보 및 실태조사 등을 통해 아동학대 방지대책을 마련하고 있지만, 해결이 쉽지 않다. 이런 가운데 아직 '아동학대'라는 개념조차 자리 잡지 않은 나라가 있다는 보고서가 발표됐다. 바로 북한이다. 한 기관이 발표한 '북한 아동학대 보고서'의 내용을 정리해봤다. 북한에는 '아동학대'라는 단어 없다 한국과 미국에서 활동 중인 비정부기구 '성공적인 통일을 만들어가는 사람들(성통만사, People for Successful Corean Reunification)'이 발표한 이번 보고서는 북한을 포함한 유엔 196개국이 동의한 유엔 아동권리협약을 서두에서 언급했다. 단체는 유엔 북한인권 조사위원회가 2014년 북한 내 아동 인권 침해가 만연하다고 규탄했음에도 아직도 북한 안에서 '아동학대'와 관련한 어떠한 통계 자료도 존재하지 않으며 그 개념 자체가 미비하다고 지적했다. 또 북한 내 아이들에겐 폭력과 방치가 삶의 필연적인 부분이라고 치부되고 있으며, 체계적으로 다루어 져야 할 문제로써 고려되지 않는다고 더했다. 성통만사는 200명이 넘는 탈북자 증언을 바탕으로 이와 같은 결론을 내렸다고 밝혔다. '법'만 존재한다 북한에도 아동의 권리를 보장하는 법은 존재한다. 북한 아동권리보장법 제43조는 가족 내 이루어지는 아동에 대한 학대, 폭력을 금지하고 있으며 제27조는 부모가 아동을 지적으로, 도덕적으로, 신체적으로 건강하게 양육할 의무가 있음을 명시하고 있다. 하지만 성통만사 측은 탈북자 증언을 근거로 법률이 실제로는 기능하고 있지 않으며 ""정부가 가정 폭력에 대한 어떠한 형태의 보호도 제공하지 않는다""고 밝혔다. 가정 안팎으로 이뤄지는 폭력 연구에 참가한 한 탈북자는 대부분의 북한 어른들이 아이를 때리는 데 머뭇거림이 없다고 말했다. 다른 탈북자 증인을 따르면, 버스 등 공공장소에서 어린이들이 소란을 피울 때 어른에게 맞는 것이 흔하며, 특히 부모 자식 간 폭력적인 상황은 자연스럽게 받아들여진다고 말했다. 가정뿐만 아니라 학교에서도 끔찍한 체벌이 이뤄지고 있다는 증언도 있었다. 한 예로 연구에 참가한 탈북자들은 입을 모아 숙제를 하지 않았을 때 체벌이 이뤄졌다고 증언했으며, 한 학생은 극심한 체벌로 일주일간 등교를 하지 못했다고 말했다. 한 탈북자는 부모와 아이 혹은 선생과 학생 사이 훈육 상 때리는 것에 아무 문제가 되지 않는 문화를 설명하며 ""사회가 폭력적이고 구조가 폭력적이다. 사회구조 자체가 강하지 않으면 살 수가 없다""고 말했다. '나아지고 있다' 마냥 부정적인 것만은 아니다. 몇몇 탈북민들은 폭력적 상황에 대해 사회적 진전이 있었다고 증언했다. 실제 출생연도를 기준으로 응답자를 나눴을 때 1949년에서 1964년 사이 태어난 탈북자들의 70%가 신체적 학대를 경험해봤다고 답한 반면 1997년에서 2013년 사이 태어난 탈북자들은 19%만이 신체적 학대를 경험했다고 진술했다. 성통만사는 이러한 변화 원인으로 사회적 가치 변동을 꼽았다. 출산율이 낮아지는 가운데 한 명뿐인 귀중한 자식이 맞는 것을 용납하지 않는 문화가 형성되고 있으며 남한 등 외국 미디어의 영향으로 폭력이 구시대적이라는 인식이 퍼졌다는 것이다. 실제 한 탈북자는 북한 국민이 남한의 로맨틱 드라마에 노출됨에 따라, 드라마 속 인물의 행동을 따라하면서 폭력성이 감소했다고 주장했다. 또 이러한 인식 변화는 외국 미디어에 노출이 높은 도시 지역에서 더 크게 나타난다고 더했다. 기관은 이어 '돈'도 중요한 역할을 했다고 밝혔다. 폭력의 피해자들이 금전적 보상을 요구할 수 있다는 문화가 퍼지면서 사람들이 싸우거나 때리는 것을 피하기 시작했다는 의미다. '국가의 실패' 보고서는 결국 북한이 아동 권리 보호에 실패했다고 결론지었다. 아동 보호를 위한 포괄적인 법적 체계가 분명 존재하는데도 집행이 효과적으로 이뤄지고 있지 않다는 것이다. 저자는 북한 내 폭력이 지나치게 일반화되어있어 폭력을 수단으로 아이들을 훈육하거나 당국에 따르도록 하는 행위가 만연하다며, 이에 조치가 필요하다고 주장했다. 또 국가로부터 보호받는다는 느낌을 받지 못하면서 결국 주민들이 스스로 물리적인 힘에 의존하게 한다고 성통만사는 덧붙여 설명했다. 다만 이번 보고서는 탈북자들을 대상으로만 이뤄진 조사로, 현 북한 내 아동 인권 세태를 정확히 대변하지 못할 수 있다. BBC 코리아에서 새로운 소식을 보시려면, 페이스북, 인스타그램, 유튜브를 구독하세요"
https://www.bbc.com/news/uk-scotland-scotland-politics-57122986,Alex Salmond's Alba party to contest 2022 council elections,"Some SNP councillors defected to join the former first minister's new party after its launch in March. Despite failing to win any Scottish Parliament election seats, Mr Salmond said Alba had established itself. Alba also has two MPs at Westminster after Kenny MacAskill and Neale Hanvey quit the SNP for the party. Mr Salmond said: ""There is a mandate for independence and we must see that mandate exercised. 'Alba is rising' ""Our objective, because we are not an ordinary political party, is to help secure the independence of our country. ""Alba has a role, it has a significance, and that role will develop, grow and bloom over the next few years. Alba is rising."" Alba received 1.7% of the vote across Scotland when all ballots for the Holyrood election were counted at the weekend. Mr Salmond previously said that Alba had been ""vindicated"" in its strategy of encouraging voters to support the party on Scotland's regional list vote."
https://www.bbc.com/zhongwen/trad/china_watch/2014/03/140312_china_watch_crimea_china,透視中國：克里米亞與新疆民族問題,"3月16日烏克蘭的克里米亞自治共和國計劃舉行公民投票，決定克里米亞是否脫離烏克蘭同重新與俄羅斯合併。 這兩起不相干的事件背後的共同點是前共產主義多民族國家經歷轉型後突出的民族問題。俄羅斯經歷了蘇聯解體和意識形態的劇變，而中國則經歷了內部政治和經濟政策根本調整的漸變。一些觀點認為去共產主義化和民主化會使民族問題迎刃而解。 通過投票形式實現民族「自決」解決民族問題通常被理所當然地認為是在道義或法理上的正確途徑。但是烏克蘭劇變和克里米亞變局則展示了實施投票箱「自決」的難度和複雜性。 克里米亞 3月16日烏克蘭的克里米亞自治共和國計劃舉行公民投票，決定克里米亞是否脫離烏克蘭同重新與俄羅斯合併。克里米亞230萬人口當中，58%是俄羅斯族，24%是烏克蘭民族，韃靼人佔12%，因此一般認為公投結果會贊成脫離烏克蘭。 克里米亞政府已經表示允許外部觀察員監督3月16日舉行全民公投，以保證全民公投最大限度透明化。 許多人認為解決新疆問題的出路在於讓當地少數民族「民族自決」 但美國總統奧巴馬已經發出警告說克里米亞的公投違反國際法。德國總理默克爾也對俄羅斯總統普京說，克里米亞就是否加入俄國即將舉行的公投不合法。 支持烏克蘭新政府的美國和西方國家把克里米亞公投支持脫離烏克蘭的可能看作是俄羅斯的吞併行為，因此不予以承認。 違反憲法 美國官員表示，「美國將不會認為這一投票是合法的，因為它與烏克蘭憲法不符。烏克蘭憲法規定，關於烏克蘭領土問題的變更，需要所有烏克蘭人來決定。」 俄羅斯總統普京強調，克里米亞合法政府正在採取的行動符合國際法、目的是要保證克里米亞人的合法利益。 普京3月4日對記者談烏克蘭局勢時說，在烏克蘭問題上，西方國家是在「用老鼠做實驗」，「他們不明白這樣做的後果」。他認為西方支持的烏克蘭新政府上台是「是一場違反憲法的政變，武力奪權。」 投票選舉 通過街頭抗議上台的烏克蘭過渡政府雖然計劃在5月舉行選舉產生新政府，但是逃往俄羅斯的德雅努科維奇堅持自己仍然是合法的民選總統。 近年來新疆暴力頻繁發生時，許多人認為解決新疆問題的出路在於讓當地少數民族「民族自決」，投票決定他們的前途。西藏流亡精神領袖達賴喇嘛提出不謀求獨立的「中間道路」以及西藏流亡政府提出在中國憲法框架內解決西藏問題也都受到流亡藏人激進派的指責。 不過烏克蘭的動蕩局勢再次展示了一個關於自決的經典困境，那就是即使在取得自決原則的共識前提下，仍然可能很難就哪些人有權自決達成一致。另外，雖然由投票箱決定人民的命運似乎成為民主的普世原則，但並不能保證此原則不受強權和地緣政治的干擾甚至主宰。 讀者反饋 照目前台灣的公投法，如果投票人數未達門檻，無論贊成或反對的比率為何，視同反對提案。所以如果公投選項是1. 與中國統一2. 反對台灣獨立，而投票者未達合格選民的一半，結果將自動等同反對與中國統一且贊成台灣獨立。justinzhang, london 克里米亞的公投非常具啟發性阿！乾脆台灣也辦公投徹底解決統獨問題。因國民黨是目前執政黨，所以選項有： 1. 與中國統一 2. 反對台灣獨立 未署名 一個在天安門城樓高喊【世界人民大團結萬歲】的政權，給了它六十多年的時間去實踐經營，到了今天，卻連自己內部各民族也團結不了。大家且看今年【維穩費】高逾8100億的空前紀錄 (未絕後) ，依然高於軍費，是不是很【諷刺】的一回事呢？處理疆藏民族的問題已經一團糟了，對烏克蘭的民族問題哪敢有Say？更何況，中共眼下的尖端軍事工業也得拜烏克蘭之賜，沒有瓦良格號的【廢鐵】，哪有今天的遼寧艦？孟光, Hong Kong 新疆漢人佔到百分之四十,其他還有回族,哈薩克族,蒙古族,都佔人口比重相當多的部分。如果進行公投,維吾爾人沒有實現他們幻想的突厥共和國的可能性。這是事實和學理及歷史上都非常清楚的。西方的企圖非常明顯,希望借支持新疆維吾爾獨立來遏制和他們不同的政治及經濟實體。蜜娜, 德國 哈哈，多麼可愛的雙重標凖。克里米亞的民族自決，就需要全民公投。新疆的就要民族自決，我想不出西方社會的普世價值雙重標凖能不能再無恥點。未署名 我認為，現代社會由於有大量人民遷徙，所謂民族，已經不能簡單的從DNA或地理區分。真正的民主，也不是以眾壓少，而應該是平等照顧少眾利益。所以，以「克里米亞」為例，一塊特定土地上的所謂「民族自決」，只是讓佔58%人口的傾俄者，把他們的意志不公平地強加於本來無辜的非傾俄者。結果只會從一個問題轉到另一個更嚴重問題。所以，解決問題只能回歸到法律的框架中。烏克蘭的亂局，看來就是雙方不依據法律辦事的惡果。當然，法律本身也並非公平正義的百分百保證。說到底，無論如何優秀的人為制度，若非基於人的良知和整體利益去執行和改進，而只以爭取自己一方的利益去處理的話，利益團體之間的分離，也只會是唯一的結果。Daniel Hui, 香港 蒙克，在中國歷代的國體和政體下，沒有你所謂的「民族自決權」。作為英帝的後裔及利益代言人，想用克里米亞撬動新疆，那你先推翻北京和烏魯木齊的政權再說。此外，你再翻翻歷史書，要不是克里米亞戰爭，左宗棠也不會順利收復新疆。所以，克里米亞是中國的契機，而不是新疆的撬杠。「大博弈」的結果是沙俄、蘇聯和英印帝國在中亞的政治版圖湮沒了，而只有中國穩健欲強。張格爾在英帝的慫恿下，最後被碎屍餵狗，這就是分裂新疆的下場。現在蒙克們嫉妒中國，就讓他們繼續嫉妒吧，丟到蘇格蘭會更嫉妒……呵呵董狐, 建議BBC把克里米亞和科索沃比比吧，會發現西方的偽善和真惡。肢解國家的伎倆酷似是西方的專利。相反，中國才是真正意義上支持領土主權完整的國家，中國建國六十多年，從未肢解過某國。冷眼侃世界, 德國 阿滕多恩 連漢族人都沒有的民主，新疆人怎麼爭的到。就算爭到了，民族自決地區的少數民族利益怎麼辦？民主，不是多數人暴政。未署名 不要死揪著新疆和西藏問題不放。西方模式不適合中國。話又說回來，西班牙怎麼不讓加泰羅尼亞民族自決？法國怎麼不讓科西嘉民族自決？這難道是民主的表現？荒唐！克里米亞現在要民族自決，怎麼又違反憲法了？你給人家國家總統搞下去就不違法憲法？你把人家科索沃搞獨立了就不違法憲法？ 德國 實際上克里米亞公投的兩個選項為 1維持1992年憲法（留在烏克蘭） 2獨立並開始啟動加入俄羅斯聯邦的相關事宜。未署名讀者的發言不知道是出於其不自知的無知，還是刻意的污蔑。但是BBC作為平台的管理方，有責任對這類明顯錯誤並可能誤導其他讀者的發言進行甄別或附以事實說明。但事實上BBC絲毫不顧其中的明顯錯誤並將其刊登，不知是什麼四夷？DI, 無法理解美國政府的邏輯：科索沃公投獨立就是民族自決，克里米亞舉行公投就是非法。請問：「如果關於烏克蘭的領土變更需要全體烏克蘭人決定，那為什麼塞爾維亞的領土變更不讓全體塞爾維亞人決定呢？美國和歐盟一方面承認科索沃的獨立地位並與其建交，一方面堅決反對克里米亞用透明的投票決定自己的未來。雙重標凖到這種程度，還有什麼資格以自由的燈塔自居！Joe, Canada 1.馬上獨立 2.授權給議會投票加入俄羅斯的權力 沒有3，典型中俄式的投票。未署名"
https://www.bbc.com/zhongwen/trad/chinese-news-49721586,郭台銘不參選台灣總統：「永遠的中華民國派」,郭台銘表示，希望讓社會在關注國家領導人的選擇時，能夠回歸理性思考與政策層面的討論，於是他決定不參與2020連署競選總統。 更早前，郭台銘9月12日宣佈退出國民黨，還痛批國民黨是迂腐的政黨，並指「國民黨把政黨利益放在國家利益前，跟郭台銘返回國民黨初衷背道而馳。」政治動作多，使外界解讀他會參選總統。 國民黨也做出回應，稱「一直堅信郭董會在關鍵時刻做出一個最佳且有利中華民國的抉擇」。 「中華民國派」 9月17日是台灣申請登記為正副總統被連署人的最後期限，台灣媒體及多名政治學者皆認為郭台銘會在當天登記參選，但前一天深夜11點，郭透過聲明稱將不會參與連署。 聲明中，郭台銘表示參選總統的初衷，是希望能夠帶領台灣社會齊心拼經濟，但投身選戰以來，他看到的卻是一些政治人物為了私利，挑起階級、仇恨、對立等民粹。 並強調：「不是因為任何人的勸說與影響，而是因為我再三思考之後，希望讓社會在關注國家領導人的選擇時，能夠回歸理性思考與政策層面的討論，於是，我決定不參與2020連署競選總統。」 針對郭台銘確定不以獨立身份參選總統，國民黨也發表回應指出，國民黨一直堅信郭董會在關鍵時刻做出一個最佳且有利中華民國的抉擇，懷著忐忑不定的心情終於落下，紛紛擾擾已經落幕，應該放下過去，向前看。 國民黨總統參選人韓國瑜競選總部，也在9月16日深夜，發表聲明表示，「我們始終相信，郭台銘董事長與韓國瑜市長擁有相同的目標，皆希望全力為台灣人民拚經濟，捍衛中華民國，期待中華民國有更好的發展。」 國民黨主席吳敦義（左）曾經讚揚郭台銘愛黨。 郭台銘決定不選，台灣有媒體解讀是對民進黨不利的決定，因為若郭台銘以獨立身份參選，會瓜分韓國瑜的選票，間接幫助蔡英文。 德國杜賓根大學歐洲當代台灣研究中心短期訪問學者關仲然則認為，蔡英文和韓國瑜支持度原本平分秋色，但郭台銘加入競爭後，韓和郭可能會互相攻擊，但這對蔡則沒有太大影響，更可能獲利。 他對BBC中文說：「支持郭台銘的仍是以藍營為主，若有國民黨色彩濃厚的王金平的幫助，對韓國瑜的選情影響很大。」 蔡英文連任競選辦公室發言人阮昭雄，針對郭台銘的選擇表示尊重，也歡迎未來持續對政府提出各項建言。 郭台銘確定不以連署、獨立參選人方式參選，台灣有媒體猜測，郭仍為以其他方式參選，留下伏筆。 根據台灣中選會規定，11月18日至20日期間，正式受理總統、副總統選舉候選人登記之申請，由政黨提名及通過連署法定門檻的參選人，皆須在這段期間向中選會完成登記。
https://www.bbc.com/news/uk-21936255,East Coast and West Coast rail franchise arrangements announced,"The London to Scotland route was run by National Express before then. In a separate announcement, the Department for Transport said Virgin would continue to run the West Coast Main Line until April 2017. Ten of the country's 16 rail franchises are due for renewal before the general election, expected in 2015. 'Major step' Virgin Trains had previously been running the West Coast Main Line but initially lost that deal when the contract for it was awarded to FirstGroup. However, this decision was later overturned after the transport secretary found there had been ""significant technical flaws"" in the franchise bidding process. This was because of mistakes by Department for Transport staff and three civil servants were suspended. The government also halted rail franchising. As a result, Virgin was given the right to run the rail line for longer while the franchise bidding system was sorted out, and has now had that extended further, until 2017. The company is also understood to be keen to bid for the new East Coast contract. Transport Secretary Patrick McLoughlin announced the start of a bidding process for the East Coast franchise on Tuesday. He also published a detailed timetable for all rail franchise arrangements over the next eight years. He said: ""This programme is a major step in delivering tangible improvements to services, providing long-term certainty to the market and supporting our huge programme of rail investment. ""Above all, in future franchise competitions, we are placing passengers in the driving seat by ensuring that their views and satisfaction levels are taken into account when deciding which companies run our railway services. ""Franchising has been a force for good in the story of Britain's railways, transforming an industry that was in decline into one that today carries record numbers of passengers."" Unions critical But rail unions are unhappy with the news of the East Coast line being put up for private bidding, pointing out that the private sector had twice given up the franchise before. Bob Crow, the general secretary of the RMT - Rail Maritime and Transport union - said: ""The proposed reprivatisation of the East Coast, after the public sector rescued the service following two private failures, proves conclusively that the political class have learnt absolutely nothing when it comes to our railways. ""This is a politically inspired wrecking move designed to flog off this publicly owned intercity route before the next election, regardless of the consequences."" Manuel Cortes, leader of the Transport Salaried Staffs' Association rail union, said: ""The £50 million West Coast line fiasco revealed that private franchises are a shambles. So they go and privatise the only successful publicly owned franchise, the East Coast line. ""This is an act of political spite to reward their friends in the City and to tie the hands of an incoming Labour government in 2015. The most expensive rail network in Europe is about to get even more expensive."" Shadow transport minister Maria Eagle also criticised the decision to privatise the line. ""Instead of focusing on the chaos in franchising caused by his government's incompetence, the secretary of state has decided to embark on an unnecessary and costly privatisation of the East Coast intercity services, a privatisation due to take place weeks before the date of the next general election,"" she said. The East Coast route, running out of London King's Cross, serves locations including Peterborough, Leeds, York, Newcastle, Berwick upon Tweed, Edinburgh's Waverley station, Glasgow, Inverness and Aberdeen. The government also announced details of the various franchise deals coming up for bidding, with many of them having been put back, meaning the current operating company will have its franchise extended. The Great Western franchise, run by FirstGroup and due to end in October this year, will not start until July 2016. The Northern franchise, due to end in April 2014, will not begin until February 2016 and the South Eastern franchise, also due to end in April 2014, will not start until June 2018. The first of the new franchises to start will be Essex Thameside, where the franchise ends in May this year and will begin in September 2014."
https://www.bbc.com/news/uk-scotland-scotland-business-35314092,Oil downturn 'impacting on broader Scottish economy',"Scottish Chambers of Commerce said the effect of falling oil prices seemed to be ""extending beyond those businesses operating directly in the sector"". It attributed contraction in financial and business services to the low global market price for Brent crude. Its latest quarterly economic report drew responses from 477 firms. The construction and manufacturing sectors reported strong results in the fourth quarter of 2015, indicating continued growth following positive results in the previous quarter. However, the Scottish tourism sector had mixed results, while retail and wholesale experienced a decline. Both industries overall had ""considerably poorer"" results, compared with the same quarter a year before. Business optimism was lower in the fourth quarter for the majority of sectors in comparison with the same period of 2014. The report said that could be due to concerns firms had over the impact that the Living Wage, low oil prices and business rates will have on their business. Scottish Chambers of Commerce director Liz Cameron said: ""Our latest economic indicator points to continued success for many businesses, but the shadow of the continued decline in global oil prices now looks to be extending beyond those businesses operating directly in the sector. ""Last year, the Scottish construction sector was one of the primary drivers of growth. ""This remained the case right up until the end of 2015 and, despite the fact that optimism in the sector is less strong than it was a year ago, prospects for employment in the sector remain positive. ""However, this is one of a number of sectors where businesses are facing skills shortages, with nearly two-thirds of businesses who were hiring having experienced difficulties in recruiting."" 'Grounds for optimism' She added: ""Despite a slowdown in exports, there remain some grounds for optimism for Scotland's manufacturers, many of which recorded a broadly positive end to 2015. ""Both revenues and orders remained in positive territory but expectations are for investment to ease in the early part of 2016. ""Results for tourism have been more mixed, where the sector is markedly less optimistic than it was at the turn of 2015, and retail, where lower revenues and profitability may be a consequence of early and prolonged pre-Christmas discounting."" On Wednesday, official figures showed that Scotland's economy grew only slightly over the summer and continued to lag behind the UK as a whole. Total output grew 0.1% between July and September - which was 1.7% higher than the same quarter last year. By comparison, UK growth was 0.4% and 2.1%, respectively. Earlier this week, a report by the Fraser of Allander Institute indicated that the Scottish economy slowed down towards the end of 2015. Its analysis suggested the rate of recovery was constrained by companies in the north east."
https://www.bbc.com/zhongwen/trad/world/2013/09/130917_world_washington_shooting_latest,華盛頓槍擊案警方確認被斃嫌兇是唯一槍手,警方確認被擊斃的前海軍士兵阿萊克希斯是唯一槍手。 34歲的槍手阿萊克希斯來自德克薩斯州的福特沃思鎮，他在海軍工廠內與警方的槍戰中被擊斃。 槍擊案發生在美東時間16日08：20（北京/台北時間：21：20）。警方說，至少還有8人受傷，其中3人傷勢嚴重。 奧巴馬總統下令總統府白宮和國會大廈下半旗，對美國發生「又一起大規模槍殺案」表示哀悼。 唯一槍手 警方說，現在還無法確認槍手行兇的動機。受害者的年齡在46歲至73歲。 警方曾一度表示還在搜尋另外兩名槍手，當經過徹底搜查後，警方現在說，他們確信槍手只有阿萊克希斯一人。 目擊者說，槍手在樓道裏邊走邊掃射，並從陽台上向樓下的工作人員射擊。 警方說，阿萊克希斯持有一支半自動步槍，一支短槍和一把從一名警官手裏奪下的手槍。 美國海軍說，他於2007-2011年期間正式在海軍服役，軍銜為三等下士。 美國聯邦調查局說，阿萊克希斯受雇於一個為這家海軍工廠提供網絡服務的承包商，有正式的進入戒備森嚴的華盛頓海軍工廠的出入證。 目前還不清楚他為什麼退役，但據沒有透露姓名的軍官說，阿萊克希斯服役期間，曾有一系列違反軍紀行為。 據美國媒體報道，阿萊克希斯皈依佛教，曾有過兩次與槍支有關的違法記錄。 華盛頓特區海軍工廠是美國海軍歷史最悠久的陸上工廠設施之一，始建於19世紀，平日上班員工人數約為3000人。 （編譯： 騰龍 責編：李莉）
https://www.bbc.com/zhongwen/trad/china/2015/03/150325_taiwan_japan_food,台灣大批進口日本輻射疑慮食品遭下架,台灣發現了進口大批由日本福島等地生產的食品並將其下架。 在福島核災後，台灣將福島及其外圍的千葉、茨城、櫪木及群馬等五縣食品禁止輸入，這次被發現的造假是將這些地區生產的各種食品，用中文貼上了不受進口限制的製造地。 衛生當局辨別出這些偽稱產地的食品，是因其日本原包裝可顯示出生產地的＂製造所固有記號＂代碼，與其中文貼上的製造地不符。 比如由台灣太冠貿易進口的一款福島生產的水菓軟糖，其貼上的中文製造地偽稱為大阪。這些偽稱產地的食品遍及方便麵、飲料、零嘴及醬油等。 台灣食藥署說，其至周三午間為止總計查獲294件產品，製造地疑似已公告暫停受理輸入報驗的日本五縣，現場封存疑似違規產品共104.4公噸。 這五個福島核電站周圍地區日本食品在核災後被禁止進口，是因擔心可能有輻射污染，據食藥署說所有疑似問題產品都送檢，其中193件產品未檢出輻射。 台灣被禁止輸入的食品被貼上了中文貼紙偽造其為日本其它地區製造。 食藥署說未檢出幅射食品因屬不得輸入之產品，仍命業者立即通知下游業者預防性下架，並應於本周五午夜前完成作業。 食藥署另外發表了一篇聲明否認其包庇業者，並說這次的查獲並非為台灣地方縣市的衛生局發現，而是食藥署發現並協請警方及相關衛生局主動出擊聯合稽查。 食藥署撇清其未包庇業者的聲明，顯示出其備受質疑的一面。在台灣近年來不斷爆發的黑心食品事件中，食藥署的一些作為遭到了民間嚴厲的批評。 台灣當局此前宣稱其邊境管理安全無虞時，台灣民間包括居台日人即曾警告這類事件可能發生。而在此一造假爆發後，民間的一個擔心是此前不知已吃下多少不合格日本食品。 一直關注食安問題的立委林淑芬，在臉書上以其去年實地到基隆海關考察指出，台灣業者進口日本食品產地字段是由業者自己填寫，也不用食藥署檢查，她批評當局這樣作法是＂假管理真縱放＂。 台灣民間在福島核災後一直存在的一項要求是日本進口食品，必須像其它一些國家一樣由日方出具輻射檢驗證明才放行進口。而隨著此一造假的爆發，據林淑芬表示其在立法院的提案已獲通過：即日本食品輸台都要檢附日本官方產地證明及輻射檢驗證明，應立即於兩周內公告施行。 （責編：路西） 網友如要發表評論請使用一下表格：
https://www.bbc.com/news/uk-wales-42477650,Boxing Day warning for snow and heavy rain across Wales,"The yellow ""be aware"" warning is in force from 18:00 GMT on Tuesday to 11:00 on Wednesday. The Met Office said heavy rain could turn to snow in parts, with a small chance of homes and businesses being flooded. Travel disruption is also expected due to standing water or snow. Areas which could face disruption are Blaenau Gwent, Bridgend, Caerphilly, Cardiff, Carmarthenshire, Ceredigion, Merthyr Tydfil, Monmouthshire, Neath Port Talbot, Newport, Powys, Rhondda Cynon Taf Torfaen, Vale of Glamorgan and Wrexham. In an update on Tuesday morning, the warning is no longer in force for north Wales but has widened in parts of the south. Teams from Natural Resources Wales are out clearing culverts and rivers of debris to try and stop flooding affecting homes across south Wales. Meanwhile the 2017 Welsh Grand National may be postponed until January 2018 if flooding affects racing conditions at Chepstow Racecourse. Earlier this month hundreds of schools were forced to close after heavy snow in parts of Wales."
https://www.bbc.com/zhongwen/trad/world/2015/03/150328_singapore_lee_funeral_southeast_asia,李光耀葬禮 各國派哪些代表出席？,新加坡人紛紛悼念李光耀 中國外交部日前宣佈，國家副主席李源潮將出席李光耀葬禮。 李源潮將作為習近平的特別代表，前往新加坡。 多年來，中國最高領導人從未出國出席任何人的葬禮。 2013年，李源潮曾經代表中方前往南非出席該國前總統曼德拉的葬禮。 中國全國政協副主席、前香港特首董建華和澳門特首崔世安也將參加李光耀葬禮。 據香港媒體報道，由於董建華是香港前特首，他的身分可以同時代表香港及特區行政長官。 馬英九低調吊唁 台4名政要出席國葬 台灣《中央社》報道，新加坡周日為李光耀舉行國葬，台灣有4名重量級政治人物出席。 報道說，台灣方面有前副總統連戰、前副總統蕭萬長、前行政院長郝柏村，以及前行政院長蘇貞昌等4人受到新加坡總理李顯龍邀請，出席李光耀國葬。 台灣總統馬英九則是在周二（3月24日）低調前往新加坡悼唁李光耀。 《中央社》報道說，馬英九受李顯龍邀請吊唁李光耀，並參加家族追思。 報道說馬英九隨後與李顯龍簡短會談，回憶李光耀過往。 日韓領導人出席 日本官房長官菅義偉在27日的記者會上宣佈，首相安倍晉三將出席29日舉行的新加坡開國總理李光耀的國葬。 菅義偉表示：「李光耀是亞洲孕育出的當代最偉大的領導人之一。安倍首相將代表日本政府和國民出席國葬，直接表示哀悼。」 韓國青瓦台宣佈，總統朴槿惠將參加在新加坡國立大學舉行的已故新加坡前總理李光耀的國葬。 這將是朴槿惠就任韓國總統以來首次親自參加他國首腦級人物的葬禮。 朴槿惠在李光耀逝世當天發表聲明表示哀悼，並回憶了他與韓國的特殊緣分。 李光耀生前曾6次訪韓，與朴槿惠的父親、韓國前總統朴正熙，以及朴槿惠本人都結下了緣分。 美英澳印 美國方面，將由前總統克林頓代表奧巴馬總統，率團前往新加坡出席國葬。與此同時，前國務卿基辛格也會同行。 英國將由前外交大臣黑格代表出席，黑格曾在2013年外交大臣任內訪問新加坡。 2009年李光耀訪問英國時，黑格作為當時的影子外相也曾經與李光耀會面。 澳大利亞總理阿博特也確認，他將出席李光耀葬禮。 阿博特稱李光耀是「我們這一地區的巨人」，「是新加坡國父，指導新加坡完成了從第三世界跨越至第一世界的非凡轉變」。 印度政府也宣佈，總理莫迪將參加李光耀葬禮，莫迪在給新加坡發去唁電時，稱讚李光耀是「領導人中的雄獅」。 東南亞國家 新加坡作為東盟創始國之一，與該組織其它成員國關係密切。東盟國家紛紛派出國家元首出席李光耀葬禮。 馬來西亞將派出最高元首吉打州蘇丹阿卜杜勒·哈利姆（新馬譯：阿都哈林）並不令人感到意外。 東南亞人口大國的印尼曾經與新加坡有過摩擦，但兩國在2005年簽署諒解備忘錄，並在經貿等方面誓言加強合作。 印尼總統佐科·維多多將出席李光耀葬禮。 即將出席葬禮的其他東南亞國家領導人包括泰國首相巴育、緬甸總統吳登盛 、柬埔寨首相洪森、老撾總理通邢、菲律賓參議院議長德里隆。 （撰稿：高志強/友義 責編：友義）
https://www.bbc.com/zhongwen/trad/china/2015/09/150924_police_arrest_triad_members,警方在香港澳門一帶逮捕近兩萬黑幫成員,香港警察說非法賭博是有組織犯罪嫌疑人染指的犯罪活動之一。 據信，這次大搜捕行動是警方在開展3個月的刑偵行動之後進行的。 警方說，活躍於香港和澳門的三合會成員正逐步地向中國大陸擴延。 這些有組織的犯罪活動包括毒品走私、賭博以及組織賣淫等。 三合會是跨國界的犯罪團伙，總部通常在香港、澳門和台灣，但是卻在全球運營。 參與打擊行動的香港警方負責人之一對記者表示，通過此次打擊行動他們想向公眾傳遞的信息是，當局對有組織犯罪以及其他任何的非法行為採取零容忍的態度。 報告說，香港警方在當地逮捕了4343人，其中1177人來自大陸，警方共搜索了7500多處的住宅。 同時，香港警方還繳獲了超過一億的港幣現金（1300萬美元），此外還有毒品、盜版DVD碟、武器以及價值6700港幣的走私香煙。 在廣東省，共有11000黑幫嫌疑犯被逮捕，而在澳門則有近4000人被捕。 據報，這次代號「霹靂行動」的掃蕩行動是最長一次的聯合行動，它也將成為今後跨邊境合作的樣本。 編譯：凱露/責編：董樂
https://www.bbc.com/zhongwen/trad/china/2016/08/160812_ramos_fuying,拉莫斯：菲律賓望與中國展開正式談判,菲律賓總統發言人表示，拉莫斯的中國之行將「為未來的外交會談鋪路」。 拉莫斯在其香港之行臨近結束之際與中國前副外長傅瑩舉行會晤，隨後做出上述表示。 拉莫斯和傅瑩簽署的一份聲明表示，兩人的「非正式會談重點是展開進一步談判、以建立信任和信心，從而緩和緊張局勢，為全面合作鋪平道路」。 這份聲明說，中國歡迎拉莫斯在一定時間作為菲律賓總統杜特爾特的特使訪問北京。 杜特爾特今年6月當選上台，他比其前任顯示更多與中國方面接觸的意願。 曾將自己的香港之行形容為「垂釣之旅」的拉莫斯對媒體表示：「這不是突破，香港沒有冰需要破，但是我們吃的魚做得非常美味」。 相關聲明還說，北京和馬尼拉會在漁業合作、海洋保護以及旅遊業方面尋求合作。 儘管如此，這份聲明沒有透露潛在談判的具體時間安排，也沒有特別提到南海爭端或裁決。 陪同拉莫斯訪港的菲律賓前內政部長阿農南11日在其臉書上發表拉莫斯與傅瑩共進晚餐的照片。阿農南說，這次晚宴「氣氛輕鬆」。 拉莫斯周四（8月11日）與目前擔任中國全國人大外事委員會主任一職的傅瑩共進晚餐並舉行會談。 根據陪同拉莫斯訪港的菲律賓前內政部長阿農南11日凌晨在臉書上發表的照片來看，拉莫斯與傅瑩晚餐期間，還贈送給傅瑩其著作。阿農南在臉書上說，這次晚宴「氣氛輕鬆」。 海牙一家仲裁庭7月12日裁決，中國在南海無歷史權利。中國則表示這一裁決無效無約束力。 中國宣稱擁有幾乎全部南海區域的主權，菲律賓、越南、馬來西亞、文萊、台灣也對該區域有主權要求。 拉莫斯說，中菲雙方都堅持自己對南海爭議海域的立場，「除了平等捕魚權之外，沒有討論那個特別方面」。 聲明透露，相關討論屬於私人性質。拉莫斯隨後表示，與中國在其它渠道的談判已在進行中。 拉莫斯曾在1992之1998年期間就任菲律賓總統一職。他是菲律賓國內長期主張與中國保持密切關係的所謂「親華派」代表之一。
https://www.bbc.com/zhongwen/trad/world-49680263,《香港人權與民主法案》：香港示威者的寄托，華盛頓又會如何盤算,"帶著美國國旗遊行的香港蒙面示威者 此法案會賦予美國相關部門制裁打壓香港基本自由和人權等行為的法律基礎。身在華盛頓的中國觀察家就《香港人權與民主法案》對解決香港問題的幫助持謹慎態度。 「從現實角度看，《香港人權與民主法案》扮演關鍵性角色的可能性是有限的，」 美國智庫戰略暨國際研究中心（CSIS）中國研究主任裘德·布蘭切特（Jude Blanchette）對BBC說。 布蘭切特認為， 北京在如何處理香港問題上會考慮多種因素，「而美國的立場可能是最不重要的因素之一。」來自國際社會的壓力定會提高北京直接干預香港事務的代價，但無法對北京的決策起到決定性作用。 布蘭切特說，從目前的情況分析，《香港人權與民主法案》在國會通過的可能性較大。背後除了美國對香港示威的關注，也存在國內政治因素。美國政府對香港示威的表態多有反覆，但國會支持示威者的呼聲持續高漲。 「每個國會議員都對香港示威感興趣，沒有議員希望之後被指責沒有對此作出反應，」採訪結束後就馬不停蹄趕往國會參加會議的布蘭切特表示。而且，對華強硬的方針已在國會成為跨黨派共識，議員都不希望被看作對中國示弱。 該法案是華盛頓為數不多的政治成本較低的政策選項。「我們需要做些什麼，這（法案）就是那個『什麼』，所以我們就選它來執行吧，」布蘭切特說，《香港人權與民主法案》表達國會對香港的關注，主要起象徵性作用。 智庫布魯金斯學會中國問題專家的何瑞恩（Ryan Hass）亦對該法案持保留態度。「法案的風險和成本很明顯，但利好並不清晰，」他對BBC說。「在最壞的情況下，通過該法案會縮小和解與妥協的空間。」 2013至2017年，何瑞恩擔任白宮國家安全委員會中國、台灣與蒙古政策主任，處於美國對華、對港政策制定的核心圈。 「解決香港問題的方案不在華盛頓」 兩位專家皆認為，華盛頓無法解決香港的問題。 戴著類似特朗普標誌性棒球帽的香港示威者，將帽子上的口號改為了""讓香港再次偉大"" 何瑞恩表示，美國應該持續發出燈塔式的亮光，敦促各方克制並謀求解決方案。「但並不是世界上每個問題，都有美國方案，」何瑞恩坦言，對於這次香港示威， 「找到解決辦法的會是香港人，而不是身在華盛頓的人。」 他認為，美國的介入無助解決示威背後深層次的社會問題，一旦取消香港特殊待遇，亦無利於協助各方找到共識，對香港造成巨大打擊之餘，對北京的戰略制約有限。 布蘭切特也同意，《香港人權及民主法案》本身無法解決問題，香港的出路需要由北京、香港示威者與社會精英共同找出。 保障其在香港的利益是美國對港政策的根本出發點。目前有超過85000名美國公民在香港生活，近1400間美國公司在港運營。 曾擔任商業戰略諮詢公司中國主管的布蘭切特認為，這些美國公司會謹言慎行，不會輕易發聲支持香港示威。 他分析，美國商界面臨兩難局面，短期內希望有穩定的社會環境，也需要規避在中國內地被封殺、抵制的政治風險；但長期來說，外商擔憂北京將破壞香港的司法獨立，損害香港的根本優勢。 香港示威者敦促美國國會通過《香港人權及民主法案》 「雨傘運動」期間的美國政策 香港「雨傘運動」時，何瑞恩供職於白宮國安會，香港是他負責的區域之一。 2014年10月，「雨傘運動」正如火如荼，正值時任美國總統奧巴馬與中國國家主席習近平在APEC北京峰會會面前夕，中國外交部長王毅赴白宮商談峰會計劃。 何瑞恩透露，奧巴馬在會議上短暫露面五分鐘，特地來傳達美方對雨傘革命的立場：如果北京與示威者間的緊張氣氛持續升溫，「習奧會」將轉而聚焦香港。 何瑞恩表示，雖然兩場運動並不盡相同，但美國此前的經驗可供參考。「華盛頓和北京當時有很多私下的閉門交流，」他說，而且美國政府在公開與私下場合表達的立場始終一致。 近日，何瑞恩與前助理國務卿董雲裳（Susan Thornton）合寫文章，認為美國應譴責在香港出現的暴力，包括來自示威者的暴力。同時，美國要支持香港人和平示威的權利，強調自由法治與高程度的民主政治參與，有利於香港維持穩定繁榮。 與「雨傘運動」時相似，北京一直指責美國「對香港事務說三道四」、「粗暴干涉中國內政」。 中國外交部發言人耿爽多次要求美方政客停止推動涉港議案。中國官媒環球網的社論稱，華盛頓是「站著說話不腰疼」，只會從己方利益決定對港政策，把香港當做向北京施壓的一張牌。 香港示威者舉著""請特朗普總統解放香港""的標語 香港＝中美貿易談判的籌碼？ 一直在香港國際游說前線的黃之鋒早前接受香港《端傳媒》採訪時表示，通過法案不代表香港就有民主，制裁機制亦未必會啟用，但法案可以增加示威者的籌碼，推進民主運動。如果港府動用《緊急法》或解放軍出動的情況下，他所在的政黨香港眾志，將支持取消香港獨立關稅區。黃之鋒認為，將人權條款納入美國與中國的貿易協議中十分重要。 布蘭切特表示，美方態度對北京決策能起到的影響有限，除非總統特朗普持續表達強烈而一致的立場。 然而，特朗普對香港示威的態度曖昧，發言前後矛盾。示威初期，他曾讚嘆這是他見過規模最龐大的示威。之後，他卻稱呼香港示威為「暴亂」，指中方會自行處理，不需要美方的建議。 香港示威者請求美國施以援手的呼聲越來越高，但近一個月來特朗普對此報以沉默。 自2013年至今，特朗普共發出過九則提及香港的推文，其中六則與近期的示威有關。他最後一次就此發言是在8月15日，提議中國國家主席習近平示威者會面。 在八月下旬，特朗普首次回應中方暴力鎮壓香港的假設，稱如果出現類似天安門「六四」事件的場面，「將會很難處理」。副總統彭斯隨後表示，如果中國暴力鎮壓香港示威，會威脅到中美貿易協議，首次將香港問題與貿易談判聯繫起來。 香港人到底如何理解「光復香港，時代革命」這句口號？ 比起香港，特朗普顯然對美中貿易更為關注。11日，他為中國建國70週年國慶送上「生日賀禮」，在推特上宣佈對中國產品的加稅從10月1日延遲到15日執行。 對於香港問題是否能為華盛頓在貿易談判中增加籌碼，存在雙向解讀。香港是華盛頓向中國施壓的「一張好牌」，抑或會惹怒北京、弄巧成拙？ 根據《華爾街日報》報導，北京反對將香港、華為等地緣政治問題納入貿易談判的態度明確。布蘭切特表示，將香港納入到貿易談判議題當中，無疑會將談判複雜化。何瑞恩認為，這無助於解開香港目前的徵結。 華盛頓會否對香港示威發出更強勢的聲音，甚至將香港議題納入貿易談判？兩位專家都說，這個問題或許只有特朗普能夠回答。 香港示威各方的自白 香港示威結局的五大猜想 示威已持續近百日，從最初的反對《逃犯條例》修訂，發展為要求普選等「五大訴求」的民主運動。香港行政長官林鄭月娥近日讓步，宣佈「撤回」條例修訂，但外界認為這無助平息香港的風波。 另一方面，和平與武裝示威者堅持不割席，「攬炒」（意為玉石俱焚）的情緒蔓延，政府與示威者之間的妥協空間似乎極為有限。 當《義勇軍進行曲》遇上《願榮光歸香港》 從華盛頓的視角，專家如何分析香港示威的終局？美國東亞問題權威專家、當年參與起草了《美國香港政策法》的卜睿哲（Richard Bush）近日撰文，列出五種可能結局。 最樂觀的一種是，在北京的授權之下，港府與社會各界展開對話，立即處理警民關係等關鍵議題，亦要著手解決社會、經濟不平等的深層次問題。 第二種可能性是，示威者因倦怠、開學等原因逐漸消散。在第三、四種可能結局中，北京進一步加強對香港公民與政治權利的限制，甚至派出武裝警察與其他武裝力量維持香港秩序。 而可能性最低的結局是，香港與北京達成不同於「一國兩制」的安排，甚至獲得獨立。但卜睿哲說，這是幾乎不可能的選項，若有示威者將此作為勝利的標凖，那將是「魯莽與狂妄的」。 此前接受BBC專訪時，卜睿哲表示，香港政治之結，只有選舉改革可解，然而短時間內恐難實現。 他認為，中國建國70週年國慶在即，香港示威者目前緊迫需要一個「冷靜期」，否則將冒極大風險。 「中國不會消失。它是香港的主權國。在目前的情況下，要與主權國共存並修復高度自治，香港需要謹慎選擇它要打的仗。」 Winter on Fire: 香港示威中的國際元素"
https://www.bbc.com/news/entertainment-arts-36662931,Coronation Street to screen sixth weekly episode,"The broadcaster's director of television Kevin Lygo said the idea of an extra episode had been one of the first things he had ""wanted to explore"" when he took up the role in February. He said the move would be ""the next exciting chapter in Corrie's story"". It will see the soap's set expanded and more studios created on its 7.7 acre (3.1 hectare) Trafford site. The show currently uses four studios and its exterior set. Space for a ""further filming zone"" had been identified, an ITV spokeswoman said. She added that the plan would create employment opportunities and add ""a new and exciting dimension"" to filming the soap. ITV did not reveal the day or time of the sixth weekly broadcast. Created in 1960, Coronation Street has gone on to be one of the UK's most successful ever programmes. The production moved to its present location in 2013, after Granada Studios in Manchester, where it had been filmed, was sold for redevelopment. Follow us on Twitter @BBCNewsEnts, on Instagram at bbcnewsents, or email entertainment.news@bbc.co.uk."
https://www.bbc.com/news/world-us-canada-34918231,Chicago police release dashcam video of fatal shooting,"Officer Jason Van Dyke has been charged with first-degree murder for killing Laquan McDonald, 17. Police say he refused to drop a knife. Mr Van Dyke said through his lawyer and police union he had feared for his life. Chicago Mayor Rahm Emanuel has appealed for calm in the city. After the video was released, several hundred people held a march in Chicago, blocking traffic. During a tense but largely peaceful demonstration the crowd chanted ""16 shots"". Police use of excessive force against African Americans has been the subject of nationwide protests for months. ""It is fine to be passionate but it essential to remain peaceful,"" Mayor Emanuel told a news conference. Chicago has been preparing for possible protests ahead of the release the police dashcam video. In Minneapolis on Monday night, one of those protests was marred by violence when three white men opened fire at a rally, injuring five people. Analysis: Rajini Vaidyanathan, BBC North America correspondent A year to the day since violent protests took place in Ferguson, Missouri, America is once again discussing the circumstances surrounding the fatal shooting of a black teenager by police. It has taken campaigners in Chicago a year for police dashcam footage of the death of Laquan McDonald to be released. In Ferguson there were no videos to show what happened - prompting nationwide calls for body cameras - and the debate still rages on today about whether or not the grand jury made the right decision not to press charges against police officer Darren Wilson. In this case, the officer involved, Jason Van Dyke, has now been charged with first-degree murder. Although many complain this has all been a long time coming, officials hope these actions will defuse any tensions in Chicago, one of America's largest and most diverse cities. Step-by-step guide to what happened In the Chicago case, a post-mortem examination showed Mr McDonald had been shot at least twice in the back. State lawyer Anita Alvarez said Mr Van Dyke had not been justified in shooting the teenager. She said Mr McDonald had been carrying a knife when he was stopped by police in 2014 but had not been threatening them or moving towards them. Mr Van Dyke opened fire seconds after he arrived and continued shooting at the teenager as he lay on the ground, the lawyer added. ""While we expect officers to do their jobs... there are a few bad apples who go too far and break the law,"" she said. Illinois Governor Bruce Rauner has said the video is ""very troubling"" and he expects a strong public reaction, though he hopes it will be ""thoughtful and peaceful"". The police union in Chicago had opposed the release of the video and said it would taint a trial jury. Chicago police say Mr McDonald threatened officers with a knife and slashed the tyres and windows of a patrol car."
https://www.bbc.com/news/world-middle-east-38458884,Israel and the Palestinians: Can the settlement issue be solved?,"Here is a brief guide to what it is all about. What are settlements? Settlements are communities established by Israel on land occupied in the 1967 Middle East war. This includes the West Bank, East Jerusalem and the Golan Heights. The West Bank and East Jerusalem had previously been occupied by Jordan since the 1948-49 Arab-Israeli War. According to the Israeli settlement watchdog Peace Now, there are 132 settlements and 113 outposts - settlements built without official authorisation - in the West Bank. The group says more than 413,000 settlers live there, with numbers increasing year on year. It says there are 13 settlements in East Jerusalem, inhabited by about 215,000 settlers. Israel also established settlements in the Gaza Strip, seized from Egypt in the 1967 war, but it dismantled them when it withdrew from the territory in 2005. It also built settlements in the Sinai Peninsula, seized too from Egypt in 1967, but removed them in 1982 as part of a peace agreement with Cairo. There are also dozens of settlements on the occupied Golan Heights, captured from Syria in the 1967 war. Built-up settlement areas occupy about 2% of the West Bank but critics point out that the land controlled by settlement activity, such as agriculture and roads, amounts to much more than that and requires a heavy military presence. Settlers themselves choose to live in these communities for a range of reasons - from economic, encouraged by government subsidies, to religious, based on the belief that God gave the land to the Jewish people. Why are settlements so contentious? What happens with settlements has proven to be one of the most intractable issues between Israel and the Palestinians, and rows about them have caused the collapse of numerous rounds of peace talks. Palestinians say the presence of settlements in the West Bank and East Jerusalem - land they seek for a future state - make such a state with contiguous territory impossible. They have demanded Israel freeze all settlement activity as a precondition for resuming peace talks. Palestinians' freedom of movement is also restricted by hundreds of checkpoints, roadblocks and other obstacles used to protect both settlements and Israel from militants. Israel says the Palestinians are using the issue of settlements as a pretext to avoid direct talks. Under the 1993 Israel-Palestinian Oslo peace accords, the issue of settlements was to be deferred until final status talks - a reason why Israel objects to pre-conditions and UN resolutions on the matter. What has changed under Donald Trump? In two words - a lot. From the beginning of his presidency in January 2017, Donald Trump has displayed a much more tolerant attitude towards settlement activity than his predecessor, Barack Obama. Up until Mr Trump took office, the US had described the settlements as ""illegitimate"", refraining from calling them ""illegal"" since the Carter administration in 1980. A UN Security Council resolution in December 2016 said settlements had ""no legal validity and constitute[d] a flagrant violation under international law"". However, like previous resolutions on Israel, those adopted under Chapter VI of the UN Charter are not legally binding. On 18 November 2019, US Secretary of State Mike Pompeo said the Trump administration was reversing the stance of the previous administration. ""The establishment of Israeli civilian settlements is not, per se, inconsistent with international law,"" Mr Pompeo said. The Trump administration has also overturned decades of US policy by recognising Israeli sovereignty over East Jerusalem and the Golan Heights - to the outrage of Palestinians - making the future of Jewish settlements there much more secure. Israeli Prime Minister Benjamin Netanyahu has also gone further than ever before by declaring his intention to effectively annex all Jewish settlements in the West Bank, as well as the Jordan Valley and northern Dead Sea in the eastern West Bank, without fear of rebuke by the US. According to media reports, the plan is consistent with Mr Trump's vision for an Israeli-Palestinian peace agreement, expected to be released in the near future. The Palestinians have warned that if Israel extends sovereignty to the settlements, it will kill the peace process. What makes Jerusalem a special case? Even if agreement could be reached on settlements in the West Bank, the issue of settlements in East Jerusalem is even more thorny. Israel regards East Jerusalem as its eternal, indivisible capital and does not consider the sector in any way occupied - and by extension, it does not regard Jewish neighbourhoods there as settlements. Israel officially extended sovereignty over East Jerusalem in 1980, in a move not accepted internationally until Washington broke rank and recognised the whole of Jerusalem as Israel's capital in 2017. Only Guatemala and Honduras have followed suit (Paraguay did, but reversed its decision). So is a deal on settlements impossible? It looks increasingly likely. For years, Israel said it was prepared to make ""painful concessions"" for peace - code for withdrawal from occupied territory and an accompanying removal of some smaller settlements. It previously demolished settlements in Sinai and Gaza, and four small sites in the West Bank in 2005, during pull-outs. While Israel and the Palestinians agreed to decide upon the fate of existing settlements, and Jerusalem, in the final stage of peace talks, the chances of reaching that point seem further away than ever. Mr Netanyahu has crystallised his position, vowing never to dismantle settlements - and if he follows through with his plan to annex them, it will effectively take the issue off the table as far as Israel is concerned. Are settlements illegal under international law? Most of the international community, including the UN and the International Court of Justice, say the settlements are illegal. The basis for this is the 1949 Fourth Geneva Convention which forbids the transfer by an occupying power of its people to occupied territory. However, Israel says the Fourth Geneva Convention does not apply de jure to the West Bank because, it says, the territory is not technically occupied. Israel says it is legally there as a result of a defensive war, and did not take control of the West Bank from a legitimate sovereign power. It says the legal right of Jewish settlement there as recognised by the 1922 League of Nations Mandate for Palestine was preserved under the UN's charter."
https://www.bbc.com/zhongwen/trad/china/2015/10/151002_china_renzhiqiang_weibo_reax,任志強「十一」撰文：這是國家還是政權的生日,"這條微博的原文目前在新浪微博平台上已被刪除，僅能查閱到網友轉發任志強微博時的評論。BBC中文網記者在自由微博上找到了原文。 這條微博引來眾多網友熱議，但原文目前在新浪微博平台上已被刪除，僅能查閱到網友轉發任志強微博時的評論。BBC中文網記者亦在「自由微博」上找到了原文。 許多網友在微信平台上也在傳播這篇文章，但是記者查閱時發現文章也已經被刪除。 在這篇名為《新國家還是新政權》的文章中，任志強提出疑問：這一天（1949年10月1日）向全世界宣告的是一個新的國家出現了，還是一個代表著原來國家的新政權成立了？ 他在文章中稱，「從中國傳統文化的角度和從國際法的角度看，中國還是原來那個中國……只是一個以國民黨為核心的代表中國國家權力的中華民國政府所擁有的實際控制的地區越來越少，一個以共產黨為核心的代表中國廣大人民利益的中華人民共和國政府控制了中國大陸的主要地區，向世界宣告將替代中華民國政府管理中國，並行使國家主權」。 文章進而提醒，直到今天生活在中國大陸中的許多人仍在錯誤的以為今天是一個新的國家的誕生。以為祖國在過66歲的生日。中國這個古老的國家已經有數千年的歷史。每個朝代所發生的變化都是這個國家中的統治者，或稱代表國家主權地位的政府的變更。而不是國家的改變。因此，「這個節日不是新的國家產生的節日，而是一個新的政府產生的節日」。 「毛澤東十月一日在天安門城樓上宣佈的也是『中央人民政府成立了』。」任志強強調。 網友評論 針對這篇文章提出的觀點，網友「蘇勒貝勒爺」評論說，新中國是中華人民共和國，這區別於舊中國的中華民國。這是新舊更替的稱謂。 國慶節期間的上海南京路。 網友「edwards_l2」表示，國家是鐵打的營盤，執政黨是流水的兵，這是常識。 網友「智慧加力量叫話語權」表示認同：說得特別好，一針見血指出，愛國和愛黨是兩回事。 網友「自由的小魚兒2010」則說，都是明白人，但哪個肯這樣承認！ 在此之前，任志強今年端午節發表的名為《何為國？何為愛國？》一文也引起熱議。在這篇文章裏任志強表示，「我們愛這個國家。但不等於一定要愛這個國家現行的制度和法律！」文章引起了社交網絡上關於國家、政府、政權、政黨能否劃等號的討論。 （撰稿：成路 責編：蕭爾） 您對這個話題有何看法，請用下表： 網友反饋 中共一慣使用「新中國」愚弄中國人民，一會說中國有幾千年歷史，一會又說「建國」幾十年來。。。自相矛盾。其實，中共竊權執政不過是中國可悲的「槍桿子裏出政權」的又一次重覆。 未署名 任志強的觀念與我不謀而合，因為國家構成的四大要素~~人民、土地、政府、主權。 政府只是四大要素之一。執政黨只不過是經由人民合法授權以組成政府，而政府只不過是經由人民合法授權以行使主權的機構。 執政黨如果行政不受人民歡迎，人民可依法定期改選新的執政團隊，甚至可不必忍受到定期改選，先行依法罷免。 我一向主張國家不是政黨的禁臠，愛國不該與忠黨畫上等號，政府絕對不等於國家。 在台灣，即便政黨輪替已然發生過，我的論調仍屬異類； 在大陸，這樣的主張必然不見容於一黨專政的政府。 陳雲山, republic of China，Taiwan，Kaohsiung 混淆黨和國的概念，是要達到奴役百姓的目的，在民主，自由，憲政日益成為世界主流價值的今日，這些手段其實遮蔽不了人民的眼晴，他的只能掩耳盜鈴！ 未署名 該評論舊飯新炒，嘩眾取寵。國慶節或者「National Day」是一個國家認定的，受大眾支持的，有特殊意義的日子。中華人民共和國，簡稱中國，與地域和文化上的中國有重疊但並非一致。這也是普通知識。因此國慶是慶祝前者而非後者不是什麼新聞，也沒有人試圖混淆。任志強自己搞不清楚是可能的，何必試圖教育別人？ 未署名"
https://www.bbc.com/zhongwen/trad/china/2014/04/140409_china_boao_linyifu,現場：林毅夫論反服貿 台灣經濟輸了全盤皆輸,"林毅夫敬佩台灣學生反服貿運動的熱情（BBC中文網圖片）。 他說，真正關心台灣前途的人一定要考慮，什麼東西對台灣經濟發展有利，就應該去推動；什麼東西對台灣經濟發展不利，就應該避免。 本身是世界銀行前任首席經濟學家、現任北京大學國家發展研究院教授的林毅夫在台灣宜蘭縣出生，原名林正義，離開台灣後分別改名林正誼及現名。 勿被邊緣化 針對台灣學生因為反對兩岸簽署服貿協議引發連串行動，林毅夫說：「自己是台灣人，我對台灣現在大學生這種熱情，為台灣前途打拚的精神是敬佩的，想起40年前我跟他們一樣那麼年輕，也是那麼充滿激情。」 林毅夫又說：「但是我現在跟40年前比，現在62歲，40年當中也學了很多、看了很多、想了很多。」 他認為，一切考慮一定要保證台灣的經濟發展，必須以對台灣經濟發展有利的方式來考慮。如果沒有抓住台灣的經濟發展，過去討論的一切都會成為泡影，所以不要再讓台灣被邊緣化，因為自由貿易是一個國際的趨勢。 林毅夫指出，目前亞洲經濟正在一體化過程中，如果台灣不想被邊緣化，建議台灣與大陸可以先簽某種自貿協議。 另外，以兩岸共同市場基金會榮譽董事長身分率團來海南的蕭萬長，將於今天傍晚抵達，明天將與國務院總理李克強會晤。 蕭萬長一行11日也將出席「兩岸企業家圓桌會議」，與兩岸企業家們共同探討經濟合作新動力。 網友如有評論，請用下表： 讀者反饋 台灣就是個失敗的地方，和菲律賓、泰國和烏克蘭一樣，就讓它爛下去好了，提醒台灣人不要再自慰了，你們所謂的「民主」走到頭了，你們的「民主」將徹底滅亡。再加一句：你們沒人知道什麼叫民主 Alex, London 共產黨人將此人再如何美化或是再冠以更高官銜。在中華民國國民的眼中始終是敵前降匪的叛徒。共產黨人的統戰技倆實在是很笨拙。不知是裝笨還是真笨。難道是黔驢計窮？可悲也可嘆。 alex, taiwan 林逸夫先生，您要不要先帶著籃球遊回台灣接受軍法審判，再來談您憂國憂民的心思？ 路過鄉民, 林義夫先生大概是在海峽左岸住太多年了，已經忘記了 社會問題從來就不光只是從經濟面來解釋 太陽花運動是一種反撲 對台灣官方長年來偏重特定商人族群政策的反撲 同樣利用政策說好聽叫扶植 說難聽叫圖利少數特定人的事情在兩岸三地都平常到讓社會視而不見 服貿協議是一個導火線，這種互通或許會帶來某些人的利益。但是承受因之而來衝擊最大的是這群年齡在三十以下的族群 如果他們不站出來反對那才是個錯誤 就算今天這樣的抗議行為會讓整個貿易協定觸礁 讓台灣邊緣化 那也是台灣多數人的共識。一個政策的好或不好，並不是由執政者說了算。而是要讓整個社會所有會受影響的人都要凝聚共識。讓少數人決定其他人的未來叫做專制 parus, 其實不簽真的也無所謂，中國13億人何必稀罕臺灣這小小的市場，臺灣自認為自己是亞洲伊甸園？（好像只有香港人這麼認為） Wataru, 雖然經濟跟民主自由不一定是相互牴觸，但以現任中國全國工商聯副主席林毅夫先生的背景來看，他只講經濟不談民主自由多少是可以瞭解的。有時我會想他當年將其父母所予之名「正義」改為「正誼」後又改為「毅夫」的動機為何？難道「正義」之名不適合他？ 好奇, 沒有經濟，哪裡來的國防，你生活可以粗茶淡飯，國防不能，尊嚴是建立在實力上，空談理想沒有任何意義，美國憑什麼建國?當年8年抗戰如何成功，國父當年如何推翻滿清? 武力，沒有經濟就沒有保衛國家的能力，今天的戰爭不是流血就有效果，也不是幾把槍就能保衛國家的，請一些社會運動的朋友必須清楚的認知這""常識"" 才去嘲笑別人(你算哪根蔥) bhnjmkfwe, 國家是因為人民而存在，人民幸福是首要，金錢只是謀取幸福的部分手段。在中國共產政府指導之下的資本主義，是國家得利進而少數人得利，一般沒權沒勢的百姓生活辛苦，汲汲於追求金錢及權力，再把別人踩下去，是中國的資本主義害了他們，林毅夫要負起責任。林毅夫說他愛台灣，那先愛他生活的中國大陸人民，徹底改變中國的國家資本主義，讓他們如同台灣人民民主幸福的生活。民主雖不完美但我們並不會以內戰來解決紛爭，國家資本主義會引起社會的動亂。 JOHN LEE, TAIWAN, KEELUNG 林是1979年從金門渡海投敵的國軍軍官，後來一路被中共提拔坐上今天的位子。他都開口了，還有人敢說服貿只是經濟問題、只是某些愚民在鬧鎖國嗎？別鬧了！ 鄉民, 台北 台灣除了經濟還有什麼？ 民主？ 別扯淡了！ 未署名 還是聽聽吧，別總想政治問題 未署名 二位與林先生一樣，都犯了只偏一立場就下結論的謬誤。你們只看政治，就和林先生只看經濟一樣，是偏頗的。服貿這事本來就經濟政治糾纏不清，也因為中國情結的關係，讓事情更複雜。兩個部分都應該考量，不可只因支持經濟或反對中國，就跳入二元對立的窠臼。 Piyo, 本身是世界銀行前任首席經濟學家、現任北京大學國家發展研究院教授的林毅夫在台灣宜蘭縣出生，原名林正義，-- 「離開」 --- 台灣後分別改名林正誼及現名。 林毅夫 離開台灣是在國共交戰之際, 當時的身份是派駐在交戰前線台灣上尉軍官, 所以「離開」這個名詞 BBC 記者用詞是否過於粗糙？？或是在某種壓力之下?? 亦或是專業尚未儘考量？？ BBC 中文網越來越有中國媒體的味道？ Lin David , Taiwan 宜蘭 林毅夫是經濟學家，當然從經濟學角度考慮問題了，他又不是政治家。毛澤東是政治家，他寧可餓死中國人幾千萬，也要組織中國人搞政治運動幾十年。 台灣人民反對服貿協定，可以組織全民選票，多數選民不同意就不簽呀。 馬政府違法搞黑箱操作可以彈劾或通過國會罷免馬總統呀。一個民主健全的國家應該有正當途徑反映人們意願吧。 fjizhang@gmail.com 還有台灣人對李光耀先生是家人關係對待，所以無論他說什麼，台灣人都聽而不應。但不代表其他人有同等資格說嘴台灣內政。要說也可以，作的比太陽花更好再講。 台灣不會簽服貿，因為踩了台灣人的紅線，如果台灣的主權國安不保，保的住經濟？這才是天大笑話。 120年的歷史傷痕一直在，65年前的傷害也一直存在，台灣人不提，但中國人得謹記在心。服貿只是把傷痕挑開來的開始非結束。 台灣人都是林毅夫，一顆籃球就能活，我們不是那些只會對台灣人叫囂辱罵的某些外省族群及馬政府官員。 必要時，我們會捍衛台灣，不會讓新馬關條約再現，而台灣人不要破鏡重圓，而是各自婚嫁，互不干涉。 戴珍珠, 台灣國 確實國人看了會笑，因為大多數國人都認為國家在領土問題上過於溫和，希望更強硬一些，這個希格爾真是不了解中國，也許根本就沒考慮中國人的感受。 未署名 對了！忘了告知中國一件事，要記得告誡紅媒不要用中國過時觀念去物化女性；也不要對台灣人唱[我們是一家人],更別寫[捍衛新聞自由]及[真愛台灣]這種中共八股文宣，非常諷剌。最令人難受的是用國語唱[愛拼才會嬴]。另外那個徐乃麟早過氣了，他那種表演不是給台灣人看的，是給你中國文宣部看的，在台灣統獨是公開主張的，只有外省族群才有中國人認同問題，台灣人沒有，所以中國在這段期間應發覺對太陽花指三道四的都是外省族群佔多數，台灣人除了台商外少見，為什麼就要中國好好想一下了。中國如果一直偏聽這些外省人的統一論及中國人認同論，就會出現今日的翻盤效應。所以文宣部改革一下，別落後太陽花文宣太遠。 戴珍珠, 台灣國 自由，尊嚴，是窮的時候所有的東西，想吃清茶淡飯的人自行先身體力行吧！社會各層屆有自己的一套，想過怎樣的生自己選吧。 Nix lam, Taipei 我覺得面對這樣的問題應該權衡利弊，不能偏激哪一方。服貿的簽訂肯定有它好的方面與它不好的方面，所以台灣人民應該冷靜下來細看內容然後再做出對自己有力的訴求，我在台灣讀過書，說真的台灣的經濟給我的感覺就是停留在80年代的樣子……這一點讓我剛到台灣時與想像中的台灣落差很大略感到失望。台灣人真的是非常熱情非常好，而且也很單純，我覺得是這一點是大陸人還達不到的地方。 未署名 林先生一定了解在台灣的這批外省權貴精英有多懦弱貪腐及無能？當年你以台大生從軍，滿腔熱血之所以被澆息而叛逃中國，你一定是看清了國民黨軍的問題吧？ 現在這群人的二代三代也差不多，時至今日，太陽花都出現了，力抗行政權獨大，維護三權分立的憲政體制時，馬金江三人卻擺出白色恐怖時代警總嘴臉不斷出言恐嚇台灣人，這是不是你當年在金門看到的第一代外省權貴的嘴臉？對外懦弱膽怯低頭投降滿口是是是，但回頭面對台灣人時囂狂自大滿口謊言恐嚇，二代人有變嗎？ 林先生選擇一顆籃球遊走，我們選擇要這群二代懦夫提前下台，台灣人不再委屈求全退讓，我們受夠了這群無能無用外省特權的囂叫狼嚎，我們同意國民黨政權到2016，但不包括馬金江。 戴珍珠, 台灣國 有些話台灣人永遠不會說出口，因為知道家家有本難唸的經。 談服貿，請問中國有什麼先進服貿管理技術觀念可給台灣？所以這是完全有利於中國的協議，但中國在協議中加了什麼木馬屠城的條款，需要在BBC這種洋媒上討論嗎？ 中國17年將東方明珠香港變成什麼樣了？你們認為中國那種20世紀中期的威權體制能管理統治現在的台灣嗎？ 林先生是個見過國際大世面的人，一定對中國經濟轉型的問題有所了解，同樣的，身為台灣人也一定了解台灣人有多勇敢無畏？當時敢用一個籃球就遊走的人不就是你這個台灣人林先生嗎？有很長一段時間，籃球是不能在金門出現的，誰造成如此巨大影響？就是你這個來自台灣宜蘭的叛逆小子！台灣人就是敢！ 戴珍珠, 台灣國 中共的目標就是用經濟在掐住台灣的命脈，這一點被林某表達得再清楚不過了。 一旦台灣經濟過度依附大陸，所有的雞蛋放在一個籃子裏，將來中共絕對能撐握台灣的前途。這就是中共對台政策的核心策略。 馬英九上任時似乎還對中共的本質有所認識，還曾說過兩岸領導人見面的前提是平反六四。現在他已忘記了承諾，緊跟中共的指令走了。 未署名 林先生！請問如果你不是台灣人，今天台灣不是政經改革如此亮眼平和穩步向前，你今天在紅色中國有地位及發言權嗎？ 想必林先生面對中國的經濟轉型，一定有力不從心之感，為何？就是政治改革沒有併行之故。 台灣人為了這場政治改革，耗了30年心力，從野百合到太陽花二代人才算竟功，中國要多久？ 經濟是商業行為，特別是以外貿為主的台灣，我們需要政治獨立自主，完全法治化的社會及堅強的民主制度來支撐我們的對外商業行為，所以政治改革必需完成，台灣的經濟才能再度跳躍往前飛奔。 感謝我們這些太陽花世代的勇敢無畏，一次衝開死結，讓台灣的政治改革走到最後一哩路了。 但林先生！中國卻連開始都無門，經濟要轉型很難。 戴珍珠, 台灣國 林毅夫究竟說什麼東西？像江湖算命先生，有說等於沒說，不如不說。 陳, 加拿大 只要活得【自由】，活得有【尊嚴】，清茶淡飯，何嘗不是快樂人生？台灣走過比現在還艱難苦困不知多少倍的日子，還不是活得好好的？面對彼岸花花碌碌人民幣的誘惑，面對錦衣玉食的吸引，若是要拿自由與尊嚴與之交換，值得嗎？中國全國工商聯副主席【林毅夫】論台灣反服貿，『台灣經濟輸了全盤皆輸』，這番言論，不正像是拿著糖果在孩子麵前晃動，企圖【誘騙行拐】的所為？中國的環境氣候要是那麼好，為什麼這麼多的紅底家族、紅底商人紛紛挾巨款外逃，求庇於歐美列國？錢，無疑是誘人的，但當一個國家一個入【窮得只剩下錢】的時候，試問除了【中共】與【林毅夫】之流外，【有誰稀罕】？ 孟光, Hong Kong 這些「大老闆」、「大企業家」真的很奇妙。 學運的訴求是政治問題，但這些人老是喜歡用經濟的考量作為回答，喜歡先自行進行腦內和諧。 看來「一九八四」不遠了。 觀測者, 臺北"
https://www.bbc.com/news/uk-scotland-scotland-business-24773145,ScotRail franchise shortlist named,"Transport minister Keith Brown said Abellio, Arriva, FirstGroup, MTR and National Express had passed the pre-qualification stage of the process. ScotRail provides passenger train services throughout Scotland. FirstGroup currently holds the franchise, which is due to expire on 31 March 2015. ScotRail operates more than 2,000 train services a day, delivering more than 76 million passenger journeys and 1.6 billion passenger miles a year. The franchise employs a total of 4,300 staff. Mr Brown said the five shortlisted companies had demonstrated, in their responses to the pre-qualification questionnaire, ""an understanding of, and a commitment to realise, our ambitions for a transformed rail service"". He added: ""I am convinced that this strong competition will deliver a great public rail service for the people of Scotland."" A draft invitation to tender will be published on 19 November."
https://www.bbc.com/news/uk-england-derbyshire-51195257,Protest held outside Breaston anti-abortion charity shop,"About 50 people joined a demonstration outside the Life shop, in Main Street, Breaston, on Saturday. Organiser Michelle Torr, whose petition opposing the opening has attracted more than 3,000 signatures, said it was ""not right"" for the village in Derbyshire. But a charity spokesman said the shop would raise funds for ""practical support programmes for women"". Life was set up in 1970 with the the intention of making abortion ""a thing of the past"". According to its website it provides a number of services including three hospices, a pregnancy advice service and supported accommodation. The new shop, which opened on Friday, is part of a national network of retail branches. ""They want to make abortion a thing of the past and take away a woman's right to choose. It is not right for the village, "" said Ms Torr. ""The shop doesn't make it clear what the charity does and we are peacefully telling people exactly where their money will go."" 'Quite shocked' She said the peaceful protest had helped them inform people about the charity's work. ""A lot of people said they didn't know what the shop stood for so they were quite shocked by it,"" she added. A Life spokesman said: ""We raise funds for services which help vulnerable women. ""Our mission is made clear in the shops and we are proud of the work we do."" Robin Osterley, from the Charity Retail Association, said: ""Charity shops must state clearly which organisation they are raising money for. ""But there is no obligation for them to state what that organisation does - but most have that information readily on display."" Follow BBC East Midlands on Facebook, Twitter, or Instagram. Send your story ideas to eastmidsnews@bbc.co.uk."
https://www.bbc.com/zhongwen/trad/china/2014/02/140222_tw_lien_annouce_bid,連戰之子連勝文將參選台北市長,連勝文下周一將正式宣佈參選台北市長。 上周與中國領導人習近平會面的連戰已對其子參選表示支持，連勝文陣營說連戰仍在中國大陸訪問，因此不會出席連勝文正式參選記者會。 連勝文計劃在台北市的圓環宣佈參選，圓環從台灣受日本統治時期就是台北著名的特色小吃夜市，但在馬英九擔任台北市長期間將其改建為封閉式玻璃建物後，一路沒落至今。 連勝文選定在圓環宣佈參選，引起了連家借此諷刺馬英九的議論，即將卸任的市長郝龍斌對此說，連勝文在圓環宣佈參選是飲水思源，同時也關心市政，是好事。 連勝文陣營則說基於連家是在圓環所在的台北市大同區發跡等原因，選擇在此宣佈參選對連勝文有特別意義。 黨內支持率領先 國民黨一樣是兩代從政的連家及郝家與當權的馬英九關係，一段時間以來在台灣受到不少議論。 馬英九目前仍未對是否支持連勝文表態，國民黨除了連勝文外，已表態有意參選者眾多，包括了數名台北市議員及立法委員。 民調顯示連勝文在國民黨有意角逐台北市長一職的多位人選當中支持率領先，但卻落後於已表態參選的獨立候選人柯文哲。 柯文哲要求最大在野黨民進黨全力支持他參選，但其並不願加入民進黨。 相對於柯文哲及連勝文這兩名民調的領先者，民進黨也有多人有意參選台北市長，其中包括前副總統呂秀蓮。 （責編：友義）
https://www.bbc.com/news/newsbeat-12299306,Explained: Why there are angry demonstrations in Egypt,"By Dave HowardNewsbeat reporter More than a week later, protesters say a million people should gather in Cairo's Tahrir - or 'Liberation' - Square. They say they won't stop unless Hosni Mubarak, who has been president for 30 years, quits his job. So far, he's promised more jobs and political reform but there's still no sign he's willing to stand down. Now the Egyptian army says it won't use force to stop the protesters. Some tanks even have ""Mubarak must go"" scrawled on their sides. It adds up to be the biggest challenge yet to the President's 30 year rule. British tourists have been warned to get out of major Egyptian cities. In America, President Obama and his Secretary of State Hillary Clinton have both talked about the need for an ""orderly transition"" in Egypt. Activist Jihan, 23, told Newsbeat she was scared she'd be killed by police. ""They started shooting tear-gas and those sound-bombs,"" she said. Widespread poverty ""I saw flames coming out of a gun with smoke. So I started running. Everybody was trying to hide."" Activists say they've been inspired by nearby Tunisia - where protests recently forced out an unpopular leader. They've been spreading their message on sites like Facebook. But there is evidence that the authorities have tried to clamp down on social networks to stop the activists getting organised. Demonstrators are angry about a wide range of things - from widespread poverty and rising prices, to claims of torture and government corruption. Egypt's president, Hosni Mubarak, has ruled since 1981. There are widespread claims of rigged elections to keep him in power and many say his son will take charge when he stands down. Much needed Uncertainty in Egypt is always likely to be a worry for the UK and America. It's a major shipping route through the Suez canal and the government there is a much needed ally in talks to find peace between Israel and the Palestinians. If Hosni Mubarak is forced out - it could make the wider Middle East more volatile. Trouble in the Middle East has a direct impact on your pocket. We've seen the cost of crude oil top a hundred dollars a barrel lately. That affects prices at the pump - and you can put it down to this kind of uncertainty."
https://www.bbc.co.uk/news/world-us-canada-40754257,Where Trump went wrong on healthcare,"Anthony ZurcherNorth America reporter@awzurcheron Twitter At roughly 1:30 on Friday morning, John McCain approached the dais on the floor of the Senate. Votes on the latest Republican healthcare reform plan had mostly been recorded, and it was clear that the Arizona senator would be the difference between success and failure. Mr McCain held his right arm out, palm down. It was his good arm, the one not crippled by the plane crash in Vietnam that left him a prisoner of war for more than five years. After a pause he turned his hand, like a Roman emperor passing judgement at a gladiator match, and pointed his thumb toward the ground. ""No,"" he said, amid gasps and a smattering of applause by stunned - and jubilant - Democrats. For the first time in a long while, politics in Washington weren't at Veep-level absurdity or House of Cards intrigue. It was high drama, with a decorated hero playing the leading role. Off to one side, New York Senator Chuck Schumer - leader of the Senate Democrats - waved for his side to stay calm. The enormity of Mr McCain's move was obvious, but he didn't want his party to be accused of gloating. The look in Senate Majority Leader Mitch McConnell's eyes, and the catch in his throat as he spoke after the gavel sounded the bill's death knell, said it all, however. This wasn't just a glancing blow - a temporary setback for reform efforts akin to the countless others that had occurred during the Obamacare repeal's winding legislative course. When Mr McCain lowered his thumb in the early hours of Friday, he was signalling the downward spiral of the president's legislative agenda. He was effectively passing judgement on the process and practice of this nascent administration. In a speech a few days earlier, he had criticised Washington in general and those who flout congressional traditions, but the message was clearly directed at the man sitting in the Oval Office. As he left the Senate after defeat of a bill he had voted for, Richard Burr, a Republican from North Carolina, was asked by a reporter what the next step is. ""There is no next step,"" he snapped. In the hours after the bill died, social media buzzed with criticisms of how the Trump administration handled - or, rather, mishandled - the legislative push. Maybe Interior Secretary Ryan Zinke shouldn't have threatened Alaska Senator Lisa Murkowski - an early no vote - with political retribution and cuts to federal funding to her home state. The senator had won re-election in 2010 as an independent write-in candidate after losing to a grass-roots conservative in the Republican primary. She was probably immune to angry Trump tweets or warnings of populist uprisings among her base. Maybe Susan Collins of Maine, the lone Republican to vote against Obamacare repeal back in 2015 when it was a symbolic effort, should have been brought into Senate legislative negotiations from the beginning, rather than shrugged off as an unneeded vote. Perhaps Mr Trump's tweet that Mr McCain was an American hero when he flew to Washington after brain surgery to vote on the healthcare bill wasn't enough to outweigh the time, two years ago, when candidate Trump questioned the Arizona senator's military heroism. In the end the White House's ""closing arguments"" for the Senate bill - a smattering of presidential tweets, a staged ""victims of Obamacare"" event and some last-minute lobbying by vice-president Mike Pence - weren't enough. Not nearly enough. Instead of beating the drum for healthcare reform, the administration had been all over the map. A hastily announced ban on transgender individuals in the armed forces, issued by presidential tweet. A press conference to herald efforts to combat gang violence. A campaign-style rally in Ohio with a focus on the threats of illegal immigration. A speech to a Boy Scouts gathering that was heavy on media bashing. In case that wasn't enough, over the past week the administration has been beset by internecine warfare. Mr Trump publicly questioned the effectiveness of his former campaign confidant, Attorney General Jeff Sessions, subjecting him to an increasingly angry barrage of tweets. Mr Trump's newly installed communications director, Anthony Scaramucci, spent most of his time communicating his differences with White House chief-of-staff Reince Priebus and other presidential aides in particularly colourful language. The president, we are told, thrives on chaos. As Mr Scaramucci likes to say, Mr Trump is a disruptor, sent to Washington to shake up the establishment. The disruption, however, is coming with a price. Although healthcare reform could always crawl its way out of the grave, that seems unlikely anytime soon. The Senate has to move on to more pressing business - passing appropriations to keep the government running, raising the debt ceiling, and confirming the backlog of Trump's administrative and judicial appointments. Then there are the other Republican legislative priorities, tax reform in particular. The longer the party tilts at the healthcare windmill, the more unlikely any serious effort can be mounted before legislators have to turn their focus to re-election in the 2018 congressional mid-terms in November. Any talk of new legislative goals or efforts is of questionable utility, however, if the Trump White House doesn't learn some hard lessons from this recent failure. Stay focused and on message. Build relationships with sometimes prickly members of Congress. Don't assume that a president with approval ratings in the high 30s can bully recalcitrant opponents. On Friday morning Mr Trump tweeted about doing away with the legislative filibuster in the Senate, which requires 60 votes for the passage of major bills. On Friday morning, however, his party couldn't get to 50 with its bare-minimum ""skinny"" bill. Losers gripe about the rules of the game. Winners find a way to prevail. So far, winning for the Trump administration has been in short supply."
https://www.bbc.com/zhongwen/trad/chinese-news-44654158,《海闊天空》25年：超越時代的黃家駒絶唱,"黃家駒離世25年：是否仍是一樣的《海闊天空》？ 1993年5月，香港當紅樂隊Beyond的《海闊天空》剛剛發表時，在電台排行榜成績普通，從來不是冠軍歌。收錄它的專輯《樂與怒》在雜誌只得到三星半的評分。那個時期的媒體訪問對這首歌幾乎隻字不提。 「聽眾一開始沒有什麼特別反應，只覺得《海闊天空》是一首普通的Beyond的歌，」那時在香港商業電台做主持的陳海琪回憶說。 那是互聯網衝擊唱片業之前的時代，電台主持對於唱片公司的宣傳策略有一定的影響力。而雖然陳海琪被《海闊天空》當中的勵志情懷所觸動，但一首5分24秒的歌曲對那時的電台來說太長了。即使這首歌在送到電台時被唱片公司剪成了4分鐘的版本，仍然無法瞬間抓住聽眾的耳朵。 香港電台的DJ梁兆輝回憶說：「因為那首歌慢熱，所以播了一陣就停了。」 同一時期，排行榜上熱播的是草蜢的《世界會變得很美》，黎明的《夏日燒著了》，張學友的《只想一生跟你走》和劉德華的《該走的時候》。《樂與怒》在推出僅三周後就被擠出銷量榜前十。 「寒夜裏看雪」 1992至1993年間，Beyond遠離家鄉在日本發展。《海闊天空》第一句歌詞提到的寒夜裏的雪，說的就是日本。 據多年擔任Beyond經紀人的陳健添回憶，踏入90年代時，已經是香港最受歡迎樂隊的Beyond出現了成績觸頂的苗頭。當時的香港唱片工業雖然蓬勃，但市場多由偶像歌星的翻唱歌曲佔領，原創搖滾音樂的空間非常有限。1991年，Beyond憑借關懷非洲兒童的《Amani》和幾首電影、電視劇主題曲持續走紅，參與電影和主持電視節目，並且在香港紅磡體育館召開五場大型演唱會，但唱片銷量與譚詠麟、張學友等一線流行歌手仍差距不小。 作為樂隊靈魂的黃家駒對香港狹小的音樂市場也頗有微詞。「家駒都說過香港只有娛樂圈，沒有樂壇，」黃家駒的弟弟、Beyond樂隊的貝司手黃家強在接受BBC中文採訪時說，「那時我們覺得在香港很氣餒，才會去日本。到了日本之後，原來我們遇到的壓力不比在香港小。」 在Beyond之前，在日本取得過成功的華人歌手只有鄧麗君和歐陽菲菲等。黃家駒的好友劉宏博記得，家駒有一次在電話中告訴他，在日本很辛苦。 「在香港你的主導性很強，」劉宏博說，「但是在日本，你要適應日本人辦事的嚴謹。他們不是挑剔你，他們的標凖就是這樣。」 但是當1993年5月初，回港宣傳的黃家駒邀請劉宏博到家裏來聽未發表的《海闊天空》時，劉宏博被震撼了。 「因為這首歌跟他們以往的風格有很大的出入，」二十多年後的一個下午，劉宏博向BBC中文回憶說，Beyond的音樂向來以吉他為主，但《海闊天空》由鋼琴帶入，最後在弦樂的伴奏中結束。 這首歌原名《Piano Song》，黃家強說，最早由黃家駒用吉他自彈自唱的demo已經丟失。 負責新曲錄音的是有古典音樂背景的韓裔日籍音樂製作人梁邦彥。當時，他請來了30多位管弦樂手組成的桑野聖樂團到錄音室。 原本梁邦彥只負責創作鋼琴部分，後來他進一步完成了開場和間奏的鋼琴演奏，並和樂隊一致商定用弦樂增加節奏感和力量感。「能夠激發出他們最大的魅力，這是我身為音樂製作人的工作，」梁邦彥以電郵回復BBC中文說。 那是Beyond第一次用真正的弦樂團為歌曲配樂，而不是香港慣用的電子樂器模擬效果。日後證明，歌曲由此而來的感染力超過了人們的想像。 「哪會怕有一天」 樂隊的鼓手葉世榮記得，當時聽到《海闊天空》，感覺和現在不一樣：「沒那麼悲傷，而是有點勵志。」 「我們要表達的就是為了理想，離開一個地方，追求夢想的態度，中間帶著動力，」葉世榮對BBC中文表示。 吉他手黃貫中則表示，當時歌曲傳達的是他們到了日本之後的感受：「有一點灰心，但同時也有希望在裏面。」 「他寫這個歌是有很強的個人的內心感覺，因為他很無奈地離開香港，」劉宏博說。當《海闊天空》第一次傳到他耳朵裏的時候，他感到日本的歷練提升了黃家駒和Beyond的音樂。 儘管如此，《海闊天空》並非專輯《樂與怒》的第一主打歌。1993年5月初唱片發行前，唱片公司率先推出專輯中由黃貫中填詞、黃家駒作曲的《爸爸媽媽》——那是一首受到中英談判啟發的搖滾歌曲，以「爸爸」和「媽媽」隱喻英國和中國，講述香港夾在中間的無力感。 在當時，這似乎是一個更合理的選擇——這是一張搖滾樂隊的搖滾專輯，《爸爸媽媽》也是《樂與怒》中少有的有意凸顯社會意義的作品。當中首次嘗試加插粵語說唱（rap），更能體現樂隊名字「Beyond（超越）」的精神。在推出之初，這首歌是專輯的焦點。 直到6月的一天改變了一切。 《樂與怒》跌出銷量榜十大之際，Beyond全體再度前往日本，宣傳即將推出的日文版迷你專輯《This is Love 1》，並為此不得不參加他們在香港不屑的遊戲節目。日文專輯中收錄了《海闊天空》的日文版《遙遠的夢~Far Away~》。日本填詞人森浩美依據《海闊天空》的大意填上了情感相似的歌詞：「就算街上一片荒涼/做夢的力量/明日將會在我胸中/敲響希望的鐘……」 黃家強仍然記得日文單曲髮行的前一天凌晨，在東京富士電視台遊戲節目錄製時發生的一切。 黃家駒不幸從兩米多高的台子上跌了下來，頭部著地，不省人事。 「很亂的，當時……」2018年，黃家強再次回憶當時的情景，「我記得我們另外幾個人被主持人帶到舞台一邊，然後出事了，我們才衝過去——當時他已經跌下去了。」 黃家強至今記得，當時沒有任何急救常識的自己慌忙之中並沒有和哥哥多說話。 當時樂隊的臨時助理李家傑奉命從東京返回香港為黃家駒買藥，但是他一到香港，就接到了電話，獲悉那不幸的消息。 6月30日下午，在東京的醫院昏迷六天的黃家駒去世，當時他僅31歲。 「我掛了電話打開收音機——那時各個電台已經都在播Beyond的歌了——剛好在播《海闊天空》，」李家傑回憶說，「我就坐在那裏哭。」 一瞬間，《海闊天空》當中那句「原諒我這一生不羈放縱愛自由/也會怕有一天會跌倒」竟彷彿預言了黃家駒的不幸。香港各家電台在黃家駒出事之後，不約而同選擇播放《海闊天空》。 「好像每句歌詞都有寓意，甚至好像預告了要發生那些事，」香港電台的梁兆輝說，「當樂壇發生這件慘劇的時候，那首歌很適合大家的情緒和心聲。」 1993年在香港華納唱片任職高層的黃柏高說：「我想家駒創作的時候預計不到這首歌的影響和意義可以那麼廣闊，直至不幸意外出現，大家才推崇這首歌到另外一個世界，（這首歌）才得到更大的迴響。」華納唱片在1992年至1993年間負責Beyond在香港的唱片發行。 「因為家駒的去世太過意外，大家那時完全無法接受，」黃柏高說，「所以大家追溯Beyond和家駒，才更深地認識家駒獨一無二的才華，非常遺憾。」 據黃柏高和陳健添回憶，《樂與怒》首批出貨兩萬餘張之後幾乎沒有唱片店要求追加，但在黃家駒去世三到四個月內，專輯銷量一下衝到了30萬張。 「講得傷感一些，就是家駒出事之後，突然間好像全世界都用這首歌懷念他，」黃家強說，「共鳴、回憶，都在這首歌裏。」 黃家駒在世時，四人陣容的Beyond只在現場表演過兩次《海闊天空》。 「很無奈，這首歌大部分時間都是三個人玩，」黃貫中對BBC中文說，「這首歌原本是有他在的。」 1996年3月，Beyond在香港紅館舉辦黃家駒去世後的第一次大型演唱會。演唱《海闊天空》時，黃家強在唱到""哪會怕有一天會跌倒""這一句時，只唱出了「哪怕」二字，就泣不成聲。 黃家強說，「很懷念他在演唱會上那種風采……而你知道他出事真的是『跌倒』，我唱到那句真的唱不下去。」 「愛自由」 這些年來，黃家強一直很少再演唱《海闊天空》──除了特別的日子。 2018年6月10日，在香港舉辦「別了家駒十五載演唱會」過去十年之後，黃家強牽頭在北京工人體育館舉辦「祝你愉快紀念黃家駒25週年演唱會」，這一天正好也是黃家駒的生忌。紀念演唱會在十年間從香港到了北京。 《海闊天空》已隨著一位天才音樂人的離世而被傳唱為經典，不再限於粵語地區。在它被發表之後的25年裏，這首歌就好像有了自己的生命，被不同的人群賦予了不一樣的意義，並以某種難以言喻的方式聚攏了人群。 在香港搖滾樂隊的排練室裏，那些渴望實現音樂夢的搖滾青年曾以《海闊天空》吶喊銘志；接著在全中國各地的卡拉OK裏，東北人、上海人用模仿來的廣東話抒發情懷。 2008年汶川地震，它成了中國版的《We Are the World》——劉德華為這首歌填寫了國語版歌詞，取名為《承諾》，召集兩岸三地明星為災民打氣，MV中穿插著時任中國國家領導人胡錦濤和溫家寶慰問災民的畫面。 然後在北京奧運會，劉翔因傷退賽時，場內突然播起《海闊天空》；2013和2015年，廣州恆大足球隊兩次奪得亞冠聯賽錦標時，天河體育場內都唱起了它。 「我們當時也沒有想到（這首歌）以後的影響力會有那麼大，」葉世榮說，「家駒離開之後，只要有很多人的地方，這個歌都會造成一股凝聚力，變成讓所有人凝聚的歌曲。」 持不同立場的人們則各自借用了歌中的寓意。當廣東人想要捍衛自己的方言和文化時，他們在「撐粵語行動」的街頭唱這首歌；當香港人走上街頭，擔憂舊有價值觀即將破滅時，他們用《海闊天空》給自己打氣。 「久而久之那首歌的情緒慢慢在變化，」梁兆輝說，「到後期已經不止是我們紀念家駒的一首歌。」 「1997年過後，發生這麼多事，有這麼多轉變，突然間我覺得《海闊天空》好像變成了另外一首《獅子山下》，讓我們懷念曾經有過的事物和價值，」梁兆輝說。 他表示，《海闊天空》甚至成為公民運動的主題歌，因為它也是講堅持，講面對世界變遷、面對挑戰如何繼續堅持自己原有的理想。歌詞裏的「多少次/迎著冷眼與嘲笑/從沒有放棄過心中的理想」和「背棄了理想/誰人都可以/哪會怕有一天只你共我」說的是追尋音樂理想的艱辛，卻又讓很多人在追尋理想的過程中感同身受。 《海闊天空》當然並不是Beyond被傳唱的唯一歌曲。獻給南非總統曼德拉、高唱「風雨中抱緊自由」的《光輝歲月》也享有相似的待遇；而若論社會指向性，香港填詞人黃偉文為黃家駒在日本遺留的一首demo填詞的《抗戰二十年》似乎更明確（歌中一句「世界怎變，我答應你那一點，不會變」彷彿在呼應《海闊天空》的「可會變」，而接下來的一句「當天空手空臂我們就上街，沒什麼聲勢浩大，但被不安養大、不足養大，哪裏怕表態」，更是切中了之後數年香港公民運動的心態）；而在流行程度上，《喜歡你》、《真的愛你》的受歡迎程度也從未消退過。 但是，《海闊天空》不一樣。 黃家強說，《喜歡你》被翻唱的次數或許更多，但是《海闊天空》卻是更適合「大合唱」的歌曲。「共鳴、共振特別厲害，」黃家強解釋說，「你可以發洩——一唱這首歌的時候你可以將怨氣發出來。」 黃貫中則表示，這首歌的帶動力，讓那些即使不太明白這首歌原本意義的人，也可以去唱：「就好像《獅子山下》一樣，就是突然人群裏有人唱起這首歌，大家就一起唱。」 梁兆輝回憶，在「雨傘運動」期間，人們甚至不必提起「海闊天空」這四個字。「人們講完話後就唱起來了，直接就是『今天我』，」他說，「所以那時人們已經笑說，又是『今天我』。我覺得那時有點取笑人們在『雨傘運動』期間只知道唱歌，沒什麼其他事情可以做。這都代表了對在香港搞公民運動前景的困惑：除了在立法會前用話筒鼓勵一下人之外，都沒什麼其他辦法。」 劉宏博則認為，黃家駒當時在歌中注入的情懷，給了人們詮釋的空間，「你會聽到各種聲音都在唱這首歌，音樂本身沒有立場，所有的色彩都是別人賦予的。」 「雖然音樂很華麗，但是家駒的演繹，有種搖滾的歇斯底里，的確是發自內心的力量，」劉宏博說。「很多在追求理想的過程中遭遇挫折的人，都會借此歌曲抒發內心的情懷，這一點讓很多人很容易找到共鳴。」 如今不論在哪裏演出，黃貫中都還會時常唱起《海闊天空》。「它在每一個人的心底，佔有不小的分量，」他說。「只要你一唱這首歌，就可以把心拉得很近。」 Yasufumi Saito、張暮輝和陳頌紅對本文亦有貢獻。 黃貫中、葉世榮、梁邦彥、劉宏博、黃柏高和梁兆輝的採訪完成於2016年7月。 陳健添和陳海琪的採訪完成於2016年7月和2018年6月。 黃家強和李家傑的採訪完成於2018年5月和6月。"
https://www.bbc.com/zhongwen/trad/world-52923010,英國前外相給西方敲響警鐘：「中國敵視台灣威脅全球秩序」,亨特（左）曾在2018-2019年擔任英國外交大臣。 亨特先後在英國廣播公司BBC的時政節目採訪和英國《泰晤士報》刊登的文章中對中國處理台灣問題的可能動向發表看法。 台灣問題 6月3日，亨特在BBC第四廣播電台的《今日》節目中說：中國對統一台灣有長遠的計劃，要在2049年之前完成；而中國總理李克強在5月舉行的全國人大會議工作報告中，沒有提及和平解決台灣問題。 6月4日，亨特刊登在英國《泰晤士報》上的署名文章進一步表示：中國如果放棄和平方式改用武力統一台灣， 「對西方民主國家來說意味著極大的危險，有可能破壞自二次大戰以來確保世界和平與繁榮的全球秩序。」 台灣總統蔡英文5月20日在連任宣誓就職儀式上重申， 不接受「一國兩制」。 亨特在文章中分析中國有可能孤注一擲武力犯台的原因包括：中國領導人看到香港的民主運動勢頭比預期的要快；中國領導人擔心香港 「一國兩制」現狀已經失去了對台灣的政治示範效應；中國第一次感覺到如果發生武裝衝突，不如先下手為強。而最後一點最為讓人擔心。 亨特警告說，台灣海峽如果出現武力對抗，不僅亞洲和平而且世界和平都將受到衝擊。 「民主社會被鄰近的專制強國納入，會引發全世界支持民主價值所有國家的無比憤怒。」 他說，果真到此地步，要麼與一個核大國進行對抗，要麼默許對民主社會的侵略。後者 「將標誌西方的無能」。 亨特在文章中寫道，西方國家需要拿出強有力的措施來應對中國，但卻不大可能像冷戰一樣，讓對手垮台來爭取勝利。他建議，要讓中國感覺到在西方對手們創造的國際秩序中有自己的位置。 和平統一 在今年5月召開的中國全國人大會議結束時，總理李克強的政府工作報告涉及台灣問題的部分，未提及 「和平統一」和 「九二共識」，曾經引起外界廣泛的注意。 在5月22日李克強的報告中，的確沒有包括 「和平」與 「九二共識」，不過在5月29日中國官方正式公布的報告文本中，卻添加了外界極為關注的這兩個用詞。 經修訂後的政府工作報告文本中包括：我們要堅持對台工作大政方針，堅持一個中國原則，在 「九二共識」基礎上推動兩岸關係和平發展。 中國官方媒體報道稱，這是 「吸納修改意見之後的《政府工作報告》」。 儘管中國官方文件中再提 「和平」以及 「九二共識」，然而武裝統一也一直都是沒有放棄的選項。 2019年1月2日，習近平在紀念《告台灣同胞書》發表40週年的講話中也重申了這一點。他說： 「中國人不打中國人。」 中國 「願意以最大誠意、盡最大努力爭取和平統一的前景」，但是 「我們不承諾放棄使用武力，保留採取一切必要措施的選項，針對的是外部勢力干涉和極少數台獨分裂分子及其分裂活動……」 一國兩制 2016年，蔡英文領導的民進黨在台灣總統大選中獲勝，結束了中國大陸與台灣國民黨營造的熱絡氣氛。 2015年11月，中共最高領導人習近平與執政台灣國民黨主席馬英九在新加坡的歷史性會面，曾受到美國以及歐盟各方的讚賞。 時過境遷，如今的兩岸關係再也不復當年的景象。特別是香港過去一年來所發生的反對《逃犯條例》示威，以及最近中國人大決定在香港實施《國安法》，都使香港的一國兩制現狀與理想產生了巨大差距。 按照中國方面的說法， 「一國兩制」本來就是為了台灣提出的：和平統一後，台灣的社會制度、生活方式將得到充分尊重。 中國當局一直強調，不放棄用武力統一台灣的選項。 英國前外相亨特認為， 「在香港發生的一切都顯示中國共產黨的謀劃正在發生改變」，而西方的決策者們應該對此高度警惕。 就在亨特此番有關台灣的警告發出之前，英國首相鮑里斯·約翰遜6月3日也在《泰晤士報》上刊發文章，對中國人大推出香港《國安法》表明立場：如果中國執意推行， 「英國將別無選擇，只能維護與香港人民深厚的歷史淵源與友誼」，英國政府將改變移民規定，讓持有英國國民（海外）護照的香港人到英國來工作和定居。 不過，約翰遜在文章中強調不希望走到這一步， 「我仍然希望中國記住，與國力和領導力緊密相關的是責任。」 約翰遜表示，「英國並不尋求阻礙中國的崛起，相反我們在所有利益重疊的問題上攜手合作，從貿易到氣候變化。我們希望發展一個現代和成熟的雙邊關係，建立在相互尊重並且承認中國在世界地位的基礎之上。」 衝突熱點 不難看出，英國首相約翰遜與前外相亨特在如何看待中國的世界地位問題上基本一致。而外界輿論對中國所面臨的潛在問題也持基本相同的看法。 總部設在華盛頓的《外交家》雜誌（The Diplomat）6月3日刊登的評論文章談到了中國與美國冷戰可能的三大衝突熱點：香港、南海、台灣。 文章作者丹尼爾·羅素（Daniel Russel） 曾是奧巴馬總統執政期間負責東亞事務的助理國務卿。 他警告說， 「現在有理由相信華盛頓和北京之間的老問題會突然惡化，然而更加有理由讓人擔心的是，美中之間防止局勢升級失控的政治和外交保障措施基本上已經失效。」
https://www.bbc.com/zhongwen/trad/china/2016/02/160216_taiwan_lee_teng-hui_book,李登輝釣魚台言論被批「喪權辱國」,為此，台灣總統府發言人馬瑋國回應說，自公元1683年以來，釣魚台列嶼（中國大陸稱：釣魚島）即是台灣屬島，屬於中華民國固有領土一部分，「任何否認我國擁有釣魚台列嶼主權的說法，都是喪權辱國的言行」，中華民國政府與國民都不能接受。 新書翻譯自日文書 李登輝是在新書「餘生：我的生命之旅與台灣民主之路」中作出上述表示的。 這本書原本是李登輝於2014年6月在日本出版的日文書「李登輝送給日本的話」，最近由台灣出版商翻譯成中文並於最近在台灣出版發行。 李登輝在新書中以「釣魚台列嶼與日、台、中」專章提出了他對釣魚台的看法，並強調，「釣魚台列嶼不歸屬台灣，這是毋庸置疑的事實」。 李登輝的言論受到各種狠批包括＂漢奸＂、＂賣國賊＂、＂日本藝妓＂ 他還說，2000年民進黨取得政權後，屬於陳水扁總統的扁系第三任行政院長游錫堃，把釣魚台列嶼列入他出生地宜蘭縣中的頭城鎮裏，「再也沒有比這更愚蠢的事了，不只是中國，連台灣的政府要員都在欺騙人民」。 不過，游錫堃隨後也在其個人臉書帳戶上回應說，他最早知道「釣魚台是中華民國領土」是聽李登輝說的。當時他擔任台灣省議員，李登輝任台灣省政府主席。 游錫堃還補充說，釣魚台列入宜蘭縣行政轄區是1973年的事，不是在他行政院長任內。 接受BBC專訪 其實李登輝近年來多次公開表示，釣魚台列嶼是日本領土。 2014年7月，李登輝在台北接受BBC中文網主編李文獨家專訪時也曾經堅稱，「釣魚台是日本領土」。他當時說，台灣與日本在釣魚島問題上只有「捕魚權」的問題，而沒有「領土問題」。因為，日本政府很早之前就委托台灣州政府管理硫球道的日本漁民。 他在專訪中還指出，雖然中國大陸稱，三百多年前就擁有釣魚台主權，但卻缺乏國際法和歷史的根據。而日本早在明治六年就已佔領釣魚台，而且也得到國際法的承認。 （撰文：李文/責編：路西） 網友反饋 李登輝不過把毛澤東周恩來們的長達20多年的立場複述一遍而已。 是因為該島周圍海底發現有石油資源，才引起中國當局臨時改變立場，提出了領土主張。這種忽然冒出的主張只能證明中國政府不講信用。並不能成為合理的領土依據。 國民黨失敗的原因，若追溯根源，還是黨章的基本理論缺陷造成的。那就是三民主義的民族，民權，民生的排序有問題，就是民族主義排名第一，這就導致大一統傾向。孫中山未能明確將民主作為三民主義核心內容，導致黨內思想混亂最終一敗再敗，只有李登輝才真正看到了這個問題。
https://www.bbc.com/news/world-europe-44354567,Top Macron aide Alexis Kohler faces French corruption inquiry,"The financial prosecutor's office said it was checking whether Mr Kohler had breached civil service rules when he was handling issues relating to the Mediterranean Shipping Company (MSC). He has denied wrongdoing. His family has links with Italian-Swiss MSC. He and Mr Macron both studied at the elite institutions Sciences Po and ENA. Mr Kohler, 45, is one of the president's closest aides. The Elysée Palace dismissed the allegations against Mr Kohler as ""completely unfounded"". A French anti-corruption watchdog, Anticor, filed a criminal complaint against him. MSC secured several state contracts while Mr Kohler was a senior official in the economy ministry. In 2016 Mr Kohler left to join MSC as finance director, but continued to work on Mr Macron's bid for the presidency. He was rewarded with the top staff position at the Elysée Palace in May 2017. Anticor said its complaint was based on research done by the French news website Mediapart. Mr Kohler has been described as the only close colleague Mr Macron really listens to, and it was Mr Kohler who announced the choice of Edouard Philippe as prime minister."
https://www.bbc.com/zhongwen/trad/china/2015/06/150614_china_taiwan,台胞證將實施免簽注 將增加便利性,據統計台灣近年來每年有逾三百萬人前往中國大陸旅遊，由於北京不承認台灣護照，他們進入中國邊防時是以簡稱台胞證的＂台灣居民來往大陸通行證＂取代護照。 雖然過去幾年來包括北京上海等許多城市陸續開放台胞證落地簽，但在俞正聲作出此一宣佈之際，眼下台灣民眾以台胞證通過邊防需要有如同護照簽證的簽注。 有台灣旅遊業者被媒體引述說，雖未來具體如何實施仍有待了解，但基本來說免簽將增加便利性，且省下籤注費用。 據《新華社》引述俞正聲說，此一改變是為了＂繼續推動兩岸同胞擴大交往，讓更多台灣同胞參與到兩岸交流的大潮中來＂。 俞正聲在宣佈免簽注的同時也持續北京對台灣獨立的批判，他說台獨分裂勢力及台獨活動破壞兩岸關係發展，是阻擾兩岸民眾交流、實現心靈契合的最大障礙。 台灣方面在廈門出席此一第7屆海峽論壇者，包括了執政國民黨的副主席郝龍斌等。 據台灣觀光局統計顯示去年台灣人赴中國旅遊人數達326萬人，此一數字在過去幾年有不小增長，以2009年來說，當年的統計人數約是151萬人。 從台灣觀光局的統計數字來看，中國大陸是台灣民眾出國旅遊的首選，排名第二的是日本，去年人數達297萬人，排名第三的則是香港，去年人數達201萬人。 （責編：林杉）
https://www.bbc.com/news/business-33698812,Amazon suggests a separate airspace for delivery drones,"The zone would have the unmanned vehicles flying below normal planes at a height of 200 to 400ft (61 to 122m). Air traffic control for the suggested drone space would be handled by an automated computer system. Chinese internet giant Alibaba, Google and other parcel services have also carried out private trials of drones. Amazon, Google and other mail services see drones as future delivery vehicles, but still face regulatory hurdles. ""Drones have been around for a long time when it comes to non-commercial sectors,"" Andrew Milroy, technology analyst with consultancy Frost & Sullivan, told the BBC. ""But there are in fact all kinds of commercial uses for drones with parcel deliveries being just one of them. Just think of building maintenance, architects, real estate agents, etc."" Commercial potential Laying out its suggestions at a NASA convention in California, Amazon says that clarifying the use of airspace was essential for harnessing the potential of small unmanned aircraft systems in civil airspace. ""So the commercial pressure in the US to enable that technology is becoming stronger and stronger,"" Mr Milroy explained. According to the Amazon draft, a segregated civil airspace would be carved out below 500ft to enable drones to fly unhindered and without endangering civilian or military planes. The proposal suggests airspace below 200ft for low-speed localised drone traffic such as surveying, filming and private hobby drones. The next level between 200ft and 400ft would become a ""high-speed transit space"", for drones like the ones Amazon is aiming for with its future drone delivery plans. A no-fly zone between 400ft and 500ft would be a buffer to all civilian, cargo and military aeroplanes using the space above that 500ft mark. Citing the air traffic controller workload as the ""single-greatest functional limitation on airspace capacity,"" the online retailer suggests that traffic in the drone zone would be handled by a computerised system. Drone mail service Details about how Amazon's proposed delivery drones may work have been published by the US Patent Office earlier this year. According to the patent, the drones would be able to track the location of the person it is delivering to by pulling data from their smartphone. ""So the technology is there, the issue they are facing is the regulators - and regulators always take some time to catch up with new technology,"" said Mr Milroy. Amazon is not the only company examining the use of drones as delivery vehicles. Fellow internet giant Google has tested a drone delivery project in Australia's remote outback regions. China's biggest internet retailer Alibaba has also tested drone-based deliveries to hundreds of customers Germany's DHL has used delivery drones on a test basis to supply medicine to a small island in the North Sea."
https://www.bbc.com/news/uk-england-suffolk-56168615,Covid-19: 'I am just really looking forward to reopening',"By Laurence CawleyBBC News, East 'I'm missing people' It is Tuesday, and tailor Sylwia Chrostowska is busy in her small, glass-fronted shop, Sylwia Style. She awoke armed with an expected reopening date of 12 April for her tailoring business. ""I said to my husband this morning, 'I'm going to the shop', partly to escape the home-learning duties but also just to get out of the house and be here,"" she says. ""And the sun is out, spring is around the corner and I am just really looking forward to reopening. It is all fine."" Since the whole of England was put into lockdown at the tail end of 2020, Mrs Chrostowska has continued working, but in a very different way. Unable to take measurements in person for garments, she has busied herself making curtains for customers, replacing zips or other tasks which can be accomplished without direct human contact. Items, measurements and contact numbers have been left for her to work on and then collections arranged when the jobs have been completed. ""I'm missing people,"" she says. ""I'm missing the contact with my customers, the face-to-face contact. ""I now want to be ready for my customers to come back and I am now organising everything for that to happen. ""It is exciting."" 'More records in lockdown' A short walk down the road from the tailor is the Vinyl Hunter music shop, run by Will Hunter, which also has a sister shop in Elmstead Market near Colchester. Mr Hunter is back inside his shop, packing up online orders and preparing himself for an April reopening. Business, says Mr Hunter, has been fairly steady throughout the pandemic. When he has been open, customers have bought in-store. During lockdown, they have ordered online. ""But I'm definitely looking forward to reopening, not least because while I'm in here packaging orders, it really would be nice to see a bit of life back in St John's Street,"" he says. One peculiar aspect of the pandemic, says Mr Hunter, is that it appears people have been buying more records than ever. ""Most vinyl shops, I'm hearing, are doing better than normal,"" he says. And the biggest sellers at his store during the pandemic? Welcome To Bobby's Motel by Pottery has sold ""really, really well"", he says. Other big sellers include records from Dublin's Fontaines DC and reissues from the Blue Note label. You might also be interested in: He says 2021 could also be a really interesting year for music production. While musicians might not be making tracks directly about Covid-19, he says, much of their work is the outcome of intense periods of isolation and people focusing deeply on very personal music. ""It has been a difficult time for a lot of artists and I think it will be an explosive moment musically, because people have had the free time to do the work they really want to do,"" he says. 'Ahead of the curve' The town centre's Arc shopping area is due to lose its flagship Debenhams as 118 of the chain's shops close nationwide. By the end of 2021, Bury St Edmunds could look very different, says Mark Cordell, chief executive of the Our Bury St Edmunds Business Improvement District. Despite the pandemic, he says prospective tenants have been queuing up to take over empty shop units. ""But they are not retailers; they are more on the experiential or hospitality-based businesses,"" he says. Among those known to have expressed interest in opening up in the town, he says, are a dedicated cheese seller, a fish and chip shop, a beauty salon, a cocktail bar, a number of cafes, a photography gallery and a new hotel. ""I think Bury is really ready and raring to go,"" he says. ""I think the town is ahead of the curve."" 'Helping where we can' With its status as an essential service, Micks Cycles has remained open throughout the pandemic. But lockdown has not left it unaffected. Jo Hailstone, who runs the shop with her husband Derek, says January and February have been busier than normal and, because of a general bike shortage in the UK, they have been fielding enquiries from those wanting to buy cycles from as far away as Scotland. The couple have also felt a swelling sense of responsibility for the community around them. ""Being one of the few businesses here able to remain open, we've been trying to help others where we can, such as taking in parcels for our colleagues in the street who are closed or supplying bike boxes to those who need them to fulfil their orders,"" she says. ""We've been very fortunate and we've wanted to give something back."" As a result, the company has given £1,000 in total to three charities - Mind, Bury Women's Refuge and the East Anglia's Children's Hospices. ""It has been a bit sad to see the street here so quiet and I think this lockdown has been harder for people than the first,"" says Ms Hailstone. ""The news about other shops reopening has brought fresh energy here and we're really looking forward to a bit more life here in St John's Street."" Photographs: Laurence Cawley and Richard Daniel Find BBC News: East of England on Facebook, Instagram and Twitter. If you have a story suggestion email eastofenglandnews@bbc.co.uk Related Internet Links Coronavirus (COVID-19)- government guidance Our Bury St Edmunds"
https://www.bbc.com/zhongwen/trad/46778579,觀點：從改革開放後的電影看中國大眾文化的興起與落敗,"1986年，由意大利、英國、中國聯合拍攝的電影《末代皇帝》在北京拍攝，合拍電影成為中外文化交流的重要內容。 （注：本文不代表BBC立場和觀點） 1979到1989，中國那很有限制的開放改革只運行在這十年。這十年中，與世界文化互動密切的電影不自覺中成為新美學的原爆點和新觀念的發動機。但是，這種騰挪跳躍不過是紅線畫圈中的舞蹈，電影藝術家們一邊掙脫黨文化的枷鎖桎梏，一邊自覺不自覺地向紅色敘事和官方說法顯示臣服。 1989年以後，雖然還有鄧小平發動的經濟大潮，但在政治、思想、文化上走的是一條逐步收緊、個體自由逐步下降的曲線。銀幕上迴蕩著嘹亮的著國家主義歌聲和頌揚善良老好人的清新小調，這些電影是政府竭力弘揚的主旋律，近年來的新詞叫做""正能量""。 2018年，我們看到《戰狼2》被送往奧斯卡，它在國內市場也取得高票房。強力規訓下的大眾心理與黨文化弘揚的主旋律完美應和，電影的形式趣味和類型元素成為國家主義的完美包裝。 我用十個主題詞勾勒四十年來中國電影的軌跡。 復蘇·《苦惱人的笑》（1979） 它的標誌性意義在於，藝術語言的探索從主題講述中蘇醒。 1979年上，台灣的胡金銓拍攝《山中傳奇》，科波拉拍攝了《現代啟示錄》，許多人白天讀《光榮與夢想》，晚上去露天電影院看《未來世界》《尼羅河上的慘案》。 楊延晉導演的《苦惱人的笑》出現了敘事語言的覺醒，它用心理活動構成全片線索，幻境、夢境、現實交叉組接在一起 。 與同一年的電影作品《小花》相比，它具有題材和藝術語言上的雙重革命性。《小花》講述了一個收養紅軍留下的孤女的主旋律故事，它也引起了電影工作者的陣陣讚嘆，因為它首次在中國電影中用了意識流手法。而《苦惱人的笑》則試圖呈現文革中的荒誕境遇。 《小花》乃至後來的《黃土地》都具有近似的特徵，它們的故事都是紅色敘事的革命題材，但都在視聽語言或者敘事結構方面做了探索。這成為新時期電影探索的某種模式：用創新的電影語言，完成黨文化的紅色敘事，竭力在其中尋求形式革新，實現藝術上的反叛。我們究竟應該為作者語言的突破而慶功，還是要為其價值觀和歷史敘述的臣服而哀嘆？如果注意到費穆在《香雪海》（1934）《小城之春》（1948）裏對敘事結構的潛心探索，這些作品就不那麼革命而是一種延續。 1981年，楊延晉創作的《小街》出現了更自覺的 敘事方法覺醒。它使用了開放的戲劇結構，給了觀眾三個不同走向的結局。後來我們看到基耶斯洛夫斯基的《盲打誤撞》和英國的《滑動的門》《羅拉快跑》那種幾個故事發展方向並列的作品，多少會想起這部作品的並列結局。 西方電影被解禁後，也對中國電影文化有所影響。 1979年上，還有一部作品的革命意義一直被主流的電影歷史敘述所忽視或者遮蔽。《保密局的槍聲》標誌著娛樂觀念從宣傳功能中復活，它與同時期的一系列作品復活了，或者說回歸了作為娛樂性商品的電影本性。這一類作品有京劇藝術片《鐵弓緣》，它由陳凱歌的父親陳懷皚導演；輕喜劇電影《瞧這一家子》，音樂歌舞片《劉三姐》等等。而1978年的《東港諜影》和1977年的《黑三角》也與《保密局的槍聲》一樣，其中的官方歷史敘述都作為故事的背景，電影吸引觀眾的主要興趣點卻在於類型化的驚險、懸疑模式的使用技巧。 這些作品看起來是新覺醒，其實不過是復蘇。這些在意大眾趣味的類型電影其實是踐行中國歷史上早已有過的形態和觀念，讓人想起張石川""處處惟興趣是尚""的信念。《鐵弓緣》接續了《定軍山》的形式趣味，《瞧這一家子》繼承《擲果緣》的喜劇風格。 改革和開放的年代和它的豐功偉績已經成為一種官方敘事，其實在在政治、經濟、文化領域不過是復蘇和再次覺醒。憲政民主、股份公司、大眾文化，這些被認為是改革開放年代開天闢地的事物和政治、文化領域的驚世駭俗說法莫不如此。 反思·《天雲山傳奇》（1980） 它是反思的年代所孕育出的文化產品，它用傳統的情節劇模式拷問歷史境遇中的人性，描寫在政治運動中飽受摧殘之後人的覺醒，抒發苦難中的悲情。 這個作品與《生活的顫音》（1979）《巴山夜雨》（1980）《被愛情遺忘的角落》（1981）都是重新書寫文革，書寫文革前的十七年。它們與當時的傷痕文學互相應和、互相激勵，電影的直觀形像使得傷痕文學的憤懣和悲情有了更激動人心的呈現，引起了更大範圍內的觀眾反饋。它們不僅反思文革，也將觀照的目光投向文革前17年的中國歷史。《天雲山傳奇》從反右運動寫到文革，將革命老幹部寫成了乘人之危以權勢奪人之妻的醜陋宵小。 1986年，謝晉拍攝了根據古榕小說改編的《芙蓉鎮》，這也許是1980年代反思潮流中最有代表性的作品。它在結尾處讓癲狂漢子發出瘋狂囈語""運動啦""，這後來成為各種極左運動再次強力推行時大眾的諷刺感嘆語。 與文學中一樣，反思電影往往會帶著某種感傷成分，有著幾分悲愴，幾分經歷苦難不改忠誠的抒情。 1979年上海街頭的電影海報。 尋根·《邊城》（1984） 尋根文學的創作潮流和理論言說看似回望，其實是頗有激情的前瞻和超越。 1980年代中期，文學尋根的討論激蕩、迴響在理論和創作領域。1985年，韓少功在《文學的""根""》中說：""文學有根，文學之根應深植於民族傳統的文化土壤中""。 重新發現沈從文是當時文學界和電影界的重要熱點。在台灣和美國的中國文學研究領域，沈從文早已受到極大的關注和推崇。 以沈從文為話題交匯點，電影人與文學界相談甚歡，領得風氣之先。兩三年內，沈從文的三部小說被搬上銀幕。凌子楓導演的《邊城》被認為是意蘊深厚的佳作。1986年謝飛根據小說《蕭蕭》拍攝了《湘女蕭蕭》，這部作品與當時的尋根文學、文化反思潮流呈現出自覺、直接的對話關係。黃蜀芹導演的《村妓》根據沈從文的小說《丈夫》改編，以一種超然或者是淡泊的態度來書寫鄉村中性交易現象。 沈從文營造的湘西世界看似古樸、蠻荒，但他的眼光和筆觸卻充盈著現代的超然意味。 或是時間巧合，或是文學碰撞，沈從文和馬爾克斯共同成為啟迪尋根文學的兩位重要作家。 頗有吊詭意味，許多尋根文學的作者像楊煉 、韓少功深受國外現代派影響 。1982年加西亞·馬爾克斯獲得諾貝爾文學獎後，他的《百年孤獨》《一樁事先張揚的殺人案》等作品經由《譯林》《外國文藝》等刊物被盜版翻譯到中國。後來他到中國來訪問時為此大為不悅。 這些作品對中國作家形成了極為重要的衝擊與啟示。考察莫言等中國作家這前後的創作，可以看到受其影響的變化。中國作家對外國文學借鑒的創作風潮也從意識流轉向魔幻現實主義。 莫言的《透明度紅蘿蔔》與馬爾克斯的作品具有明顯的模仿或者對話關係。《百年孤獨》開篇的那個經典句式被不止一個中國作家稍做變形加以使用。1990年，李少紅根據《一樁事先張揚的謀殺案》拍攝了《血色清晨》。 尋根其實是追尋某種現代意識，是用現代意識來闡釋民族文化遺產，內在隱含的是一種文學家尋求主體性的焦慮，而這種新的文化議題設立、文學主體性的張揚多少隱含著對主旋律文化的背離甚至棄絶。 所謂尋根，凝視民族歷史，更是意在對話世界。對過去的回望，意在對當代的追尋。《湘女蕭蕭》獲得西班牙聖塞巴斯提安電影節""堂吉訶德""獎。2018年10月，第五代導演田壯壯宣佈自己開始籌拍《樹王》，那是尋根文學的重要作者阿城的作品。 瑞典文學院院士、諾貝爾文學獎終身評委馬悅然不止一次說過:""如果沈從文1988年沒有去世,他肯定獲諾獎""。民間流傳的一個故事版本是：1988年，馬悅然聽說沈從文逝世了，他打電話到中國駐瑞典大使館試圖確認消息，接電話的官員反問：""沈從文是誰？"" 1990年，北京街頭出售的港台影視歌星畫片受到女青年的青睞。 影像·《黃土地》（1984） 《黃土地》的內在矛盾是：影像本體的追尋探索與社會主義宣傳美學中雜耍蒙太奇鏡頭語言的繼承互相雜糅，電影語言的反叛與題材和敘事內涵的歸順相牴觸。 《黃土地》與田壯壯的《盜馬賊》吳子牛的《一個和八個》胡玫的《女兒樓》等作品相繼問世，作為風格流派意義的第五代導演確立了在中國和世界電影史上的地位。 這種新的電影形態是一種以影像為本體的美學形態，它對電影的基本認識是：影像是電影之本。他們強調電影藝術主體的覺醒，強調""電影就是電影""。視覺至上，強化視覺經驗、注重視覺營造成為張藝謀的執迷風格，一直延續到今天的《影》。一件事可以看出他們對影像的執著追求，張藝謀需要鏡頭所拍攝的山坡上有一條路，全劇組人在山上魚貫往返行走，用半天時間踩出一條路。 這種強烈的形式感營造和電影語言反叛中具有強烈的表達自我和搶奪話語陣地的有意識追求。他們用形式擴張來進行突破，用輕敘事，強化影像的方法來遮蔽題材的陳舊性和思想內涵方面對紅色敘事的些許不恭敬，以此竭力彰顯自己的個性力量和藝術才華。 但是，幾乎被所有研究者忽視，《黃土地》也灌注著紅色電影敘事中傳承下來的電影思維和電影語言。那著名的求雨場面中，趴在地上的農民都戴著柳條帽子，其實那不是農人們求雨時的習俗，是陳凱歌、張藝謀等人編造出來的時裝秀。歡歡逆著人群跑向革命戰士顧青的鏡頭語言具有明顯的啟蒙象徵。這種改變現實以強化主題意念的鏡頭語言是愛森斯坦創造的雜耍蒙太奇，這種電影方法強調主題意念而輕視常情常理的認同性敘事。《黃土地》的作者們改造民俗所營造的黃土地上打腰鼓場面後來成為敲響大鼓的影像奇觀，亞運會電視表演中，用壯漢打大鼓來弘揚民族精神，到了奧運會上，演化成千人擊缶而歌的大型團體操。 自創作初始，有的第五代導演就具有某些內在的主旋律觀念：對民族勃發的呼喊，尋求對集體精神的歸屬感，對中國人強力崛起的自信和精神上的勝利宣告。在《一個和八個》裏，這是那聲讓演員血脈賁張地喊出來的""老子，中國人！""；在《喋血黑谷》裏，那充滿懸念的故事、那些第一次出現在中國銀幕上的暗調子、低照度影像是為了講述中國共產黨領導人民齊心抗日的英雄故事；在士兵方陣整齊行進的《大閲兵》中，陳凱歌唱響集體主義的凱歌。 黃河上空，翠巧唱出的主旋律歌詞一直到21世紀的中國電影中還在持續迴響，""救萬民靠的是共產黨""。 個體·《紅高粱》（1987） 《紅高粱》的魅力在於個體的張揚，性的覺醒，個性的極度噴發。 電影《紅高粱》的影響大大超過其原著小說，它的文化意義也大大高於小說。某種意義上，它成為整個1980年代的中國人普遍精神氣質的形像顯現、集中顯現、完美顯現。 電影《紅高粱》。 在其中，我們看到個性極度的張揚，個體精神力量和性壓抑的極度噴張。它的內在精神氣質很容易讓人想起劉曉波1986年發表在大型文學雜誌《中國》10月號上的《感性·個人·我的選擇》。劉曉波以個人、感性為本位，強調和突出個人的主體性，提倡""美在衝突""說。這是從個體出發的言說，是對集體主義的摒棄和挑戰。 在《紅高粱》中，個體力量、個性衝動的最重要突破口是性的覺醒、性的衝動。這一直是中國的官方文化中是最大的、最重要的禁忌之一。在這之前，中國電影裏的性幻想對象只有國民黨女特務和女文工團員。男性的魅力、對男性的性感觀賞更是巨大的美學盲區。《紅高粱》變現了當時社會暗中流動的色情錄像帶、各國毛片所啟發的觀賞興趣，把性的魅力、性的吸引力高調張揚。它用高粱地中的狂野交合和將女子攔腰抱起的強烈意像點燃了中國觀眾的性感觀賞慾望。。 《紅高粱》也有可怕之處。它所呈現或者說激情張揚的，是個體覺醒後的無規則競爭，崇尚暴力的競爭。女人是高粱地裏搶奪來的，好酒是酒缸裏撒尿神奇點化成功的。這種頗有殘缺、頗有空白和畸形的思想狀況也頗為符合1980年代的氣質，那是個國門重開，思潮湧動，狂飆突進的奔放時刻，也是個羈絆中奔跑、鋼繩索和紙鐐銬隨時揮舞的場地。 《紅高粱》的前半部是個體勃發，奪得女子和以超人精神氣質意外獲得釀酒成功的故事，後半部是主旋律敘事的典型抗日題材。紅高粱酒的最後爆裂燃燒是灑向日本侵略者的軍車。這紅色潑灑的影像敘事往前與黃土地上的民族精神勃發相承接，往後與長城、秦王等官方話語的權威敘事相應和。 從《紅高粱》，我們看到第五代創作的巨大變化，它由影像表意轉向通過敘事顯現內涵，由話語反叛、個性化的語言探索轉向尋求大眾化的敘事模式，它遵從了娛樂電影的心理認同機制。 玩笑·《頑主》（1988） 王朔文化是1980年代最大、最重要文化現象之一。 《頑主》是一部被嚴重低估的電影，直到2018年，它還在被熱心讀者細細品味。雖然它還不是黑色幽默，更不是黑色電影，但它裏頭那種啥都不在乎的態度，那種喜歡拿權威形像和權威話語開玩涮的笑容的確具有些反文化意味。《頑主》是王朔小說的改編之作中最得其精氣神的作品。它裏頭那大酒壇子做的文學獎杯，對文學教授趙堯舜老師以美女約會為誘餌的誆騙，很難讓觀眾不跟著一起壞笑一下。看這部電影和閲讀王朔的小說，筆者經常會把塞林格的《麥田守望者》再翻出來讀一遍。 王朔文化在話語模式和內在價值觀方面對主旋律文化形成極大的對抗或者牴觸。就流傳範圍、傳播模式和大眾反應而言，王朔的小說是典型的大眾文化。王朔的幽默，沒正經，調侃一切，使其閲讀具有極大的語言快感，也具有極大的意識形態衝擊力。它的革命性在於解構了主導意識形態，消解了官方文化。巴赫金在討論拉伯雷的小說時說過""權力、鎮壓和權威永遠無法以笑的語言發話""。 王朔的話語既是文化先鋒，又是大眾最愛，風頭一時無兩。他的小說被成批改編為電影搬上銀幕：《一半是火焰，一半是海水》《輪迴》《大喘氣》《青春無悔》《無人喝彩》。 後來讓馮小剛成功的一系列作品都是王朔文化的產品《永失我愛》《甲方乙方》《不見不散》《沒完沒了》《非誠勿擾》《大腕的葬禮》。而《編輯部的故事》《我愛我家》等電視劇完全是王朔文化的大眾普及版。 王朔那種所謂""貧""的北京侃爺式語言其實具有某種嬉笑中的堅韌，油滑中的叛逆。那種笑談一切的態度，那種啥都不在乎嘴臉，其內在氣質有著官方的宣傳話語所難以忍受的叛逆。2019年的政治文化氛圍中，《我愛我家》《編輯部的故事》這類典型的王朔文化作品再也看不到。《戰狼》和《國家機密》《國家公訴》這類電影電視作品成為最保險的主旋律方向。 開放的思潮湧動和電影的市場氛圍衝擊之下，娛樂大眾的觀念一度成為個別官方領導也言說的道理。廣電部副部長陳昊蘇曾經提出過娛樂片是電影的主體。但這種娛樂的倫理遭到了來自知識分子話語和宣傳官員的兩面夾擊。知識精英希望電影擔當啟蒙任務，宣傳部門要求電影弘揚官方的主導文化。在1989年的六四民主運動之後，""娛樂片主體論""成為陳昊蘇的錯誤言論遭到清理。 《紅高粱》《頑主》和盜版性愛錄像帶攜手，共同實現喚醒個性解放和性覺醒的偉大變革。王朔小說在玩笑中解構紅色話語和權威意識形態， 武打動作片導演們在大眾文化的遊戲中向主旋律電影、權威話語發起持續衝擊波。 在1989年以後至今的三十年，又是一番景象。回首當年莫憑欄，流水落花春去也。 歷史·《霸王別姬》（1993） 《霸王別姬》參加戛納影展。 這部作品在歷史畫卷中書寫慘烈的同性愛情。 在台灣製片人徐楓的強大影響下，憑借著蘆葦和李碧華創作的優秀劇本，陳凱歌在《霸王別姬》的創作中完全遵循了商業電影的敘事模式。這部作品當時曾經被電影學院的某些老師認為是陳凱歌的倒退，說它""不過是情節劇""。在我2018年參加的BBC 全球有史以來100部非英語影片評選中，此片排名在第13。 這部影片的另一個重要意義是它在重寫現代歷史，它是中國歷史的民間敘述，它呈現了一個與官方敘事大相徑庭的中國現代歷史。它後來被禁止放映的也應該是因為其中具有革命性的改寫與重述。 同樣在這兩年，張藝謀導演了《活著》（1994）、田壯壯導演了《藍風箏》（1993），這三部作品都是再寫歷史，結構上都是跨越中國現代幾個時期的歷史長卷，都使用了現實主義的創作方法。 這三部作品雖然完成於1990年代初期，但都是1980年代的精神遺產，是1989年思想解放、藝術開放的風潮在六四鎮壓以後的文化餘波。 這種重寫中國現當代歷史的衝動是1980年代的典型文化症候。藝術家的歷史敘述凝聚了知識分子重新拷問歷史的思想成果，在意識形態和歷史闡釋上大大冒犯了官方敘述。《霸王別姬》結尾處程蝶衣拔劍自刎，寶劍落地的當啷落聲響成為配合宣傳機關封殺三部影片的音響效果。 三部作品標誌著文化和風格流派意義上的第五代最後的輝煌與終結。此次禁演後，第五代電影徹底轉向，其中的主要作者轉向國家主義和權威崇拜。陳凱歌把《荊軻刺秦》拍成了荊軻護秦王，張藝謀拍攝《英雄》弘揚帝王崇拜，吳子牛拍電視劇《天下糧倉》，胡玫拍攝了《雍正王朝》竭力表現滿清皇帝的""雷霆之力""和""菩薩心腸""。這些古裝主旋律作品唱和了他們的電影學院老學長，陳家林拍攝《康熙王朝》，片頭曲為帝王高歌""向天再借五百年""。 獨立·《小武》（1997） 吳文光的紀錄片《北京雜種》和賈樟柯的《小武》宣告了中國獨立電影的問世，這是孱弱的，但驚天動地的誕生。西方獨立電影的獨立電影主要意味著資金、製作流程的獨立和電影敘事語言的創新探索、獨立追求。中國的獨立主要意義和最重要的革命性在於它獨立於審查體制。有的作者是主動跳出審查，不參加審查遊戲，例如賈樟柯、應亮，有的是被屢次被禁，例如婁燁。 賈樟柯等獨立電影作者繼承並翻新了中國和世界電影的現實主義傳統，直面變革中的中國。 賈樟柯的電影曾在多個電影節中獲獎。 獨立電影形成了巨大的世界影響，也成為一些導演走向商業電影的起跳板。賈樟柯的《站台》《任逍遙》，應亮的《背鴨子的男孩》，寧浩起家時拍攝的《香火》，婁燁的《蘇州河》《頤和園》王超的《安陽嬰兒》贏得影迷熱議和國際關注。 獨立紀錄片也在地下運行，在國內國際形成巨大文化影響。吳文光的《北京雜種》王兵的《鐵西區》、王兵記錄夾邊溝的倖存者《死靈魂》、趙大勇的《南京路》、叢峰的《馬大夫的診所》、胡傑的《尋找林昭的靈魂》、趙亮的《上訪》《悲兮魔獸》、艾未未的當代藝術風格作品《4851》等一大批作品記錄了被主旋律文化所遮蔽或者強力剪裁掉的中國現實。 類型 · 《英雄》（2002） 《英雄》取得了至今為止大陸電影在國外最好的商業成績，這是一部典型的武打動作片。 它遵循商業電影的內在規律，完全按照類型片的模式來製作。《英雄》是香港動作片所滋養的。香港電影曾經打遍東南亞，進軍好萊塢，靠的是武打片、喜劇、強盜片、警匪片這些類型作品。1980年代至今，街頭錄像廳的模糊影像和質量持續提高的盜版碟一直在對中國觀眾和電影作者進行著類型電影的義務教學。 《英雄》電影的記者會。 但是，《英雄》在空間處理、敘事內涵方面與香港美國的類型片大有不同。香港動作片中，一定有亂糟糟的集市和販夫走卒的雜亂人群。在《英雄》和張藝謀後來的《十面埋伏》中，觀眾看不到這種雜亂無章的街景和蓬頭垢面的市民，武打英雄搏擊的環境都是乾淨、整齊，都是經過了雕琢、豪華的設計，人們看到的是一個潔淨、華貴的殿堂式空間。 在內涵觀念上，《英雄》具有明顯的權威崇拜意味，秦王是掌控生殺大權的帝王，是愛好和平的君主 。張藝謀又一次無意識地把握到大眾的無意識，這就是在威嚴強橫的權力之下的臣服心理，那是當時彌漫社會的精神氛圍，這種大眾心理延續至今。 國家·《戰狼2》（2017 ） 《戰狼2》用暴力美學完美包裝國家主義。 《戰狼》系列和《紅海行動》等作品完成了主旋律電影向2.0版的升級。這些作品完美地徵用了商業電影的類型模式和視覺奇觀的營造手法，具有感染力地營造了大國形像。它的敘事雖然設計了一個脫離隊伍的戰士，但在高潮時解決最終的困境是靠揮舞在肩頭的中國國旗。戰狼威武，導彈橫飛，影片高調渲染了大國崛起後勇於亮劍的國家主義豪情。 2017年，《戰狼2》成為年度中國電影市場票房冠軍。 二十多億的高票房說明它契合大眾的藝術口味和價值觀密碼。它也非常符合中國政府部門領導的宣傳目標，所以被選送去奧斯卡參賽。 大眾文化、商業電影被完美規訓，40年後回到了1979年《小花》同樣的紅色敘事，電影的主流從人的覺醒、個體的衝動回到了對集體的歸順、對國家的忠誠。電影中的雜音被消聲，藝術家們放聲齊唱服務於政府宣傳功能的主旋律。 改革開放四十年，中國的電影文化走了一個圈，又回到主旋律電影、宣傳功能的路徑。"
https://www.bbc.com/news/uk-england-bristol-40886339,In pictures: Photographer 'in awe' of older athletes,"""I'm half in tears and half in awe watching these amazing athletes and what they achieve in their 60s, 70s, 80s and 90s and just marvelling at their athleticism,"" said the Bristol-based photographer. She has just returned from the European Masters Athletics Championships in Aarhus, Denmark - a trip described as ""incredibly intense, incredibly wonderful and jaw-dropping"". She took up photography several years ago and has spent much of her time since then looking through the lens at older sportsmen and women. ""Retirement is a word I skirt around and try not to use,"" she said. ""I started when I was 60, which is when I realised there weren't any images of older sporty people and being an older sporty person I knew they were out there. I did an internet search and once you put the word 'old' in you just get those pictures of older people slumped in chairs. So I thought 'wow, there's a gap worth filling'."" Education has formed much of her career. In Greece she worked with with pre-school deaf children, through to studying a PhD for herself and now she says she is spreading the word, in picture, that the ageing human body is capable of greatness. ""I was watching these people aged in their 60s, 70s, 80s and 90s just achieve the most incredible athletic feats that I never imagined were possible. ""I found it very moving and it made me recalibrate my own sense of what the ageing body can do. ""It's not only their athleticism that comes through, it's their joy. These people are so full of life that it's inspiration on every single level."" She spent much of her youth playing tennis but the track and field has now captivated her, travelling throughout the UK with her camera and to championships in France, Finland, Turkey, Germany, Italy, Hungary and most recently Denmark. ""There's something really naked about track and field athletics. In tennis you have a racket and you can hide your fitness, or lack of it, if you can do a really good drop shot as you get older. ""But in athletics you've just got your body. You take your body to the starting line, the gun goes bang and you're off. "" ""Some have carried on, meaning they have been athletes all their life, and some have come to it very late in life. ""Some were good in school but gave up when they had jobs and family and they take 50 years out and then come back. It's quite remarkable."" ""Everyone has a story and everyone's story is different,"" said Alex, who hopes to inspire others with the pictures she displays and talks she gives around the world. And although she's nearing 70 herself she's committed to maintaining her love for starting things - ""I love being a beginner,"" she says with delight. You might also like: The secret lab inside one of London's top landmarks Inside Europe's sexcam capital Is there a lost Scottish clan in northern Italy? Rogue Dickens apostrophe costs council Coverage of the World Athletics Championships continues live across BBC One and Two, BBC Radio 5 live, BBC Radio 5 live sports extra, the BBC Sport website and app until Sunday."
https://www.bbc.com/news/uk-41916658,Five ways to fix our ailing High Streets,"By Laura LeaBBC News Research from the Local Data Company showed that 14 shops closed every day in the first half of this year, in what was actually the lowest level of closures in seven years. Last week, a survey - carried out for BBC Radio 4's You and Yours - found that in 12 government-funded ""Portas Pilot"" towns, nearly 1,000 shops had disappeared in five years. We asked Mary Portas and other commentators how to make our High Streets fit for purpose in the years to come. 1. Make it a destination It may be better known for its football than its fashion but Blackburn was crowned the ""winner of winners"" in last year's Great British High Street Awards. Harriet Roberts is a manager for Business Improvement District (BID) Blackburn and she said a lot of her work was about changing perceptions. Much of this has been done through events held in the town centre. Blackburn hasn't settled for the usual Christmas lights switch-on ceremony, but instead planned an art installation complete with aerial performances, as well as a lantern parade and festive 'street feast'. ""You market them in a commercial way and target battleground areas,"" Harriet explained. ""We're really ambitious. It gets people into the centre and then they'll come back."" The BID invested the award prize money it won into market stalls which can be used for pop-up street fairs throughout the year. 2. Not just shops ""People need to stop using the term High Streets,"" Harriet Roberts said. ""Town centres are a place where people come to learn, for public services, to live and share time. They have to have the whole mix and keep moving."" In Blackburn, empty shops have been turned into office spaces or a cocktail bar and the latest research shows that coffee shops, beauty salons and ice cream parlours are increasing in number across the UK. Mary Portas argues this is exactly what should be happening to adapt to how people are living now. ""We're spending our money on fitness, eating out and wellbeing,"" she said. ""We should be building the right places and spaces for how people want to live."" 3. Offline, meet online The decline of the High Street has been charted alongside the continued rise of the online market. But the two need not work against each other. ""Online and offline must merge together,"" said Lyndsay King. Ms King launched Save The High Street in 2016 with Alex Schlagman. The campaign is championing what she calls a ""connected digital High Street"" and now has a board of more than 300 independent retailers from across the UK. She says all retailers, no matter how small, should be able to offer a basic e-commerce platform so customers can shop in whatever way is convenient for them. ""Customers can see what is in store before taking the trip to the High Street or they can choose to order direct from the shop,"" Ms King said. A host of new apps offer to ""digitise shops"" by supplying tech platforms for retailers who are not able to build their own. Meanwhile, Amazon, one of the biggest retailers in the world, has started to experiment with bricks and mortar. The online giant has opened physical book shops in the US and earlier this year, it bought organic grocery business, Whole Foods. It has also revealed plans for a food store without check-outs. 4. In-store experience From ambitious window displays and live DJ slots to selfie booths and a virtual reality water slide, high street retailers are getting more creative in how they lure customers through the door. ""We've got to think about more than the transaction and build the experience,"" said Alex Schlagman of Save the High Street. Apple have gone a step further to declare that their future stores will be 'Town Squares' - billed as a cross between a shop and a community space. ""People need that real life experience more than ever and they are actually seeking it out,"" said Ms King. ""A trend we've seen is that businesses are starting to offer multiple things under one roof. A clothing store with a coffee shop, for example."" This multi-use approach gives retailers an opportunity to get involved with a local community too. ""Host events, workshops and pop-ups. Or host another business's product in your shop,"" said Ms King. ""A vape store may also have a clothing range or host a movie night every week. Use space more efficiently and get a break on your rates. ""This is also a great way to get to know your customers."" As marketing strives to be more personalised, older retail traditions like knowing your customers by name can have huge value, Mr Schlagman added. 5. Lower rates, more support ""Local council and central government need to decide what type of country we want to live in and intervene to protect social infrastructure,"" Mary Portas told the BBC. Industry experts have long warned that rising business rates are part of the reason behind the UK's empty shop units. Last month, the British Retail Consortium said further increases expected next year could be ""the last straw"" for many shops. Business rates are a property tax based on rental values, which increase in line with inflation. The Treasury sometimes changes the rateable value of business properties, in a process known as revaluation. So in effect, the government sets the rates and the councils collect them. It's the councils, Ms Portas argued, that could make a difference to High Streets. ""Simple initiatives like offering business rate discounts for independents and entrepreneurs, refusing Out of Town planning approval, and scrapping parking charges, will go a long way in helping our high streets,"" Ms Portas added. In March, the government announced £435m in support to firms facing the steepest increases in bills following the latest revaluation."
https://www.bbc.com/news/world-europe-54716780,Poland abortion ruling sparks 'women's strike',"Crowds have protested in several cities for the seventh-day running against the decision that outlawed terminations on the grounds of severe health defects. An opinion poll conducted for Gazeta Wyborcza suggested that 59% of those surveyed disagreed with the change. The powerful ruling party leader said the decision could not be reversed. Jaroslaw Kaczynski, who is also the deputy prime minister and widely considered to be the country's real powerbroker, said the protests were an attempt to ""destroy"" Poland. He urged people to ""defend"" the nation as well as the Catholic Church. Last Thursday's ruling by the Constitutional Court closed one of the few remaining legal grounds for abortion in Poland, and followed a legal challenge by MPs from the ruling nationalist Law and Justice party (Pis) last year. The decision means terminations are only valid in cases of rape or incest, or to protect the mother's life. Opponents say it puts women at risk by forcing them to carry a baby that is unlikely to survive birth. But supporters insist it will prevent the abortion of foetuses diagnosed with Down's syndrome. The ruling cannot be appealed against but only comes into force after it is published in the official gazette though it is not clear when that will happen. What's the latest on the protests? The organisers said many firms had agreed to let women employees take the day off in a protest inspired by a women's strike in Iceland in 1975 and resembling another Polish demonstration held in 2016. But with no reliable figures available it was impossible to say how widespread the strike was, the BBC's Adam Easton in Warsaw reports. Street demonstrations are being held in several cities across the country, with tens of thousands of people in attendance, local media report. In the capital, Warsaw, people chanted ""this is war"". Speaking to the BBC, Deputy Foreign Minister Pawel Jablonski said the ruling protected the unborn from discrimination on the grounds of health defects. ""It's a cruel thing to do, to kill unborn children on the basis of the fact that they may carry a Down's syndrome... Should we discriminate against people with Down's syndrome? These people have the exact same right as every other human being,"" he said. On Tuesday, scuffles erupted in parliament, with centrist and left-wing MPs holding up placards saying ""shame"" and shouting pro-choice slogans at Prime Minister Mateusz Morawiecki. The conservative speaker of parliament compared the red lightning bolt that is symbol of the protest movement to Nazi imagery. Agnieszka Dziemianowicz-Bak, a left-leaning MP, told the BBC: ""We tried to show solidarity with the protesters that filled up the streets and demanded what they're demanding... a real debate about the full reproductive rights for women."" But in a video message on Facebook, Mr Kaczynski said no other ruling by the court could have been consistent with the constitution, which has an article saying the country ""shall ensure the legal protection of the life of every human being"". Opposition Civic Coalition leader Borys Budka reacted by saying that words calling for ""hatred, inciting civil war and using party forces to attack citizens are a crime,"" according to AP news agency. Earlier, Mr Morawiecki called for an end to the demonstrations, saying protesters were disregarding ""massive risks"" from the coronavirus pandemic. He added: ""The freedom of choice truly is a fundamental thing but we should all agree that in order to have this freedom of choice, one needs to be alive. The one who is dead cannot implement one's right of freedom of choice."" What's the background? Abortion is a deeply divisive issue in Poland, which already had one of the strictest laws in Europe. A 2014 opinion poll by the CBOS research centre found that 65% of Poles surveyed were against abortion, 27% saw it as acceptable and 8% were undecided. However, for years opinion polls have found a clear majority against the latest tightening of the law. There are just over 1,000 legal abortions every year in Poland, but women's groups say the number of abortions carried out illegally or abroad could be between 80,000 and 120,000. Almost all legal abortions - 98% last year - have so far been carried out on grounds of severe foetal defect, which has now been ruled out as a valid reason. Observers say the government and the PiS seem to have been taken by surprise by the size of the protests, which have also contributed to unusually strong criticism towards the Catholic Church. The influence of the Church is waning among younger generations, and the protests have been attended by large numbers of young women. On Sunday, groups targeted churches and some services were disrupted. There is also anger at the way the government pushed the change through without parliamentary debate or public consultation. You may also find interesting:"
https://www.bbc.com/news/uk-scotland-53211750,Coronavirus: No new Covid deaths in Scotland for third consecutive day,"It is the eighth day overall this month that no new deaths have been reported within the previous 24 hours. It means the number of Covid-19 deaths under this measure remains at 2,482 in Scotland. First Minister Nicola Sturgeon said she felt an ""enormous"" sense of relief as the number of daily deaths from the virus in Scotland continued to fall. Official government figures released on Sunday showed eight new confirmed cases of coronavirus, bringing the total number of positive tests to 18,236. In a message posted on Twitter, Ms Sturgeon wrote: ""The sense of relief that I - & I'm sure all of us - feel as these numbers fall is enormous. But it's coupled with an anxiety that we do all we can to keep COVID under control. So please follow the rules and #StaySafe."" There were 778 people in hospital - 452 with a confirmed case, and 326 with suspected Covid-19 - on Saturday night, an overall drop of 68 on the previous day. Five of the confirmed cases, plus a further eight with suspected Covid-19, were in intensive care. Of the people who have tested positive, 4,050 inpatients have been discharged from hospital since 5 March. On Friday, the first weekday that no deaths had been reported since before lockdown measures were introduced, Ms Sturgeon said she thought Scotland was ""not far away"" from eliminating Covid-19."
https://www.bbc.com/news/world-europe-jersey-54597342,States of Jersey income to fall by £96m,"The Income Forecasting Group has updated its estimates for the island's finances following new data published by the Fiscal Policy Panel. It means the States is expected to collect £779m, rather than £875m, from income tax, GST, and other sources. The forecast is said to remain ""highly uncertain"" due to the effects of the coronavirus pandemic and Brexit. About half of 2020's reduction (£58m) is due to a fall in income tax, with £18m from lower GST, £6m from stamp duty, £1m from reduced import tax, £7m from ""other income"", and £6m from bad debts. The report predicts States revenue will remain lower than expected throughout the government plan period from 2020-24. In 2023, its income is set to be 8.7% lower than predicted, at £900m. 'Significant impact' A government spokesperson said it had accounted for the new figures in its revised plan for the next four years. The damage to States income has been attributed largely to the pandemic, including the risk of a second lockdown, the failure of key businesses in the island, and a shift towards online shopping for consumers. The report said the crisis had made ""an immediate and significant impact on Jersey's economy and therefore its public finances"". ""While restrictions have been partially eased, the speed of the recovery and the timing and extent of any further easing or re-imposition of restrictions remains uncertain,"" it said. In addition, the report points to longer-term risks such as the UK's trade negotiations as it prepares to leave the EU on 1 January, and the effects of an ageing population."
https://www.bbc.com/news/uk-scotland-north-east-orkney-shetland-19342785,"New Aberdeen FC park 'killed off', says Stewart Milne","The Dons were hoping a new community sports centre at Cove would double as a training facility for the club, which wanted to open a new ground nearby. Aberdeen City Council threw out plans for the centre on Wednesday evening. Councillors voted to to take control of the land to look into other development opportunities in the area. Local authority leader Barney Crockett said he was confident a deal could still be reached with the club. Aberdeen FC was hoping to site a new 21,000-seater stadium close to the proposed Calder Park community sports centre. The club had planned to move from Pittodrie to a new ground at Loirston Loch, on the southern outskirts of the city, for the start of the 2014-15 season. Mr Milne, who said the use of Calder Park to train was vital to the proposals, said in a statement: ""Disappointment and frustration do not come close to how my colleagues and I are feeling right now. ""As was made crystal clear, the Calder Park development has been designed as part of the master planning exercise to be completely integral with the new AFC stadium at Loirston, and this decision has effectively also killed off that development."" Mr Milne said the ""illogical"" decision could have ""major implications"" for the football club. Responding to the comments, Mr Crockett told BBC Radio's Good Morning Scotland programme: ""Megaphone diplomacy is not helpful. ""It's not at all closed the door on anything."" Mr Crockett said the Calder Park decision was backed by Labour, Tory, Liberal Democrat and independent councillors, while the gap between them and SNP members was ""very small"". ""There's no decision that directly pertains to Aberdeen Football Club that was made yesterday, and there's a lot of room for discussion and I'm very optimistic that we can produce an outcome there that can satisfy people,"" said the council leader."
https://www.bbc.com/zhongwen/trad/china/2014/03/140312_taiwan_legislator,台灣立法院審查《服貿協議》爆肢體衝突,台灣媒體形容「立法院陷入空轉」 來自台灣的報道說，周三上午開議的審查會，國民黨為主的泛藍和民進黨為首的泛綠兩派總動員。 國民黨指責泛綠是「假審查、真杯葛（抵制）」，民進黨則是指責國民黨搶走發言登記簿。 期間，兩派立法委員發生扭打、推擠等肢體衝突，而出席的官員則是在一旁「幹瞪眼」。 國民黨立法委員還指責擔任主席的民進黨立法委員陳其邁「容忍」民進黨立委「作弊」。 陳其邁則反指國民黨是「多數暴力」，一早開始就干擾審查程序、阻撓議事程序。 在雙方相互指責之下，陳其邁宣佈休息，但是雙方繼續僵持。 民進黨的立法委員在周二夜間就進入會場夜宿，而國民黨立委則是啟動黨紀，所有黨籍立委務必報到、要求「48小時正面迎戰」。 兩岸《服貿協議》草案由於涉及開放服務、金融等行業，在台灣引起極大的爭議。 台灣總統馬英九先前強調，《服貿協議》將可以彌補台灣很快與其他國家簽署自由貿易協定的缺憾、加強台灣的競爭力。 但是民進黨等在野黨認為，《服貿協議》將使得台灣成為中國的「附庸」、邊緣化、令台灣的經濟過於依賴中國。 （撰稿：威克/責編：董樂）
https://www.bbc.com/news/uk-politics-23217088,Harman: Falkirk selection problems were one-off,"Labour's deputy leader said it was ""not concerned"" about candidates already selected in other seats and had ended rules which were open to abuse. Spending on party elections will be capped in future, she said. Unite general secretary Len McCluskey said the rules were followed and Labour's inquiry was a ""shoddy fraud"". Ms Harman was speaking to BBC One's Andrew Marr Show amid a war of words between Labour's leader Ed Miliband and Mr McCluskey. 'Bad practices' Unite is accused of signing up its members to the Labour Party in Falkirk, some without their knowledge, in an effort to get its preferred candidate selected to succeed MP Eric Joyce in 2015. Mr McCluskey denies that people were recruited without knowing about it, and says Unite worked within the rules in Falkirk. But Labour has referred the allegations to the police, after its own internal investigation found there were ""bad practices"". It has also suspended the ""union join"" scheme, which allowed unions to pay the subs of new Labour members on a temporary basis. Unite is backing candidates in 41 other constituencies. Conservative Justice Secretary Chris Grayling told the BBC's Sunday Politics: ""We now know that, not just selections that are due to come, but selections that have already taken place have imposed left-wing candidates onto Parliament, which will have a material impact on this country."" But Ms Harman played down suggestions that the problems went wider than Falkirk. She told the BBC: ""If you look at the figures which we have done, that Falkirk is definitely the first time that there had been an attempt at mass recruitment of membership and irregularities. ""Most of the 'union join' membership joins were just one per constituency ... this is the one where there's been a problem. The scheme was open to abuse, it was abused in Falkirk."" She added: ""The ones that have already had selections, we are not concerned that the scheme was abused because you only have to look at the numbers to be clear that's the case."" House remortgaged However she said there were a number of other constituencies that were being looked into ""for different reasons"", which pre-dated the Falkirk row. She said there would be a ""significant change"" in Labour's relationship with the unions as new rules would be brought in to cap spending by prospective parliamentary candidates - and also for MPs running for party positions. Ms Harman told the programme she had not received union backing for her bid to become Labour's deputy leader, and had had to remortgage her house to fund it. ""Most people are not in a position where they can do that, and that's unfair,"" she said. But she said the relationship with the unions was important, to ensure working people had a voice in public policy making. Ed Miliband has pledged to ""mend, not end"" Labour's relationship with the unions in the wake of the Falkirk row, which saw the candidate selection process and two party members suspended. Labour's election co-ordinator Tom Watson also quit after becoming embroiled in the row. In an article for the Mirror, Unite's general secretary Len McCluskey urged Mr Miliband to ""step back from the brink of a ruinous division"". He denied there had been any ""criminal wrongdoing"": ""Unite was working completely within the rules to secure the selection of a working-class woman as Labour candidate, someone with 30 years membership of the party. ""That has upset those who are more used to parachuting favoured candidates into safe Labour seats on a you-scratch-my-back-I'll-scratch yours basis."" He complained that the union had been ""smeared by the usual suspects - the Tories and the right-wing media"" adding: ""Shamefully, some in Labour's own ranks have joined in."" But former Labour home secretary John Reid told the BBC the row was not just one about selection rules, and there was ""a problem with one or two trade union bosses"". ""It is at heart an ideological battle, a political battle between those who want to take Labour back to the 70s and 80s, as Len McCluskey does, where we represented the sectional voice, the weak echo of every industrial demand of the trade unions and those like Ed Miliband who want to see us move increasingly towards an open party which reaches across class, across geography, across gender in which ordinary trade unionists can play their part, along with many others."""
https://www.bbc.com/zhongwen/trad/chinese-news-47513513,近千人參加台灣「解放西藏」遊行，《兩岸和平協議》成焦點,"遊行千人參加 值得注意的是，此次遊行，台灣行政院發言人谷辣斯·尤達卡（Kolas Yotaka）參加；同時，民進黨秘書長羅文嘉獲得授權參與聲援，六四民運學生領袖吾爾開希站台。這也是蔡英文就任總統三年以來該黨首次「公開」站台支持藏人權益。 在當天的遊行中，西藏居民代表與和與會團體特別提到，此次遊行要以西藏經驗，提醒台灣拒絶近日台灣政治人物提出與中國政府簽訂的《兩岸和平協議》。 西藏「抗暴」60週年: 兩岸和平協議成焦點 西藏「抗暴」60週年紀念活動10日在世界各地舉行。在台灣本次遊行則由「在台西藏人福利協會」、「西藏台灣人權連線」、「台灣圖博之友會」、「台灣人權促進會」等團體聯合舉辦。 此次遊行行前說明稿聲明 「西藏的流亡即將屆滿60年；經歷了充滿浩劫的一甲子，西藏的未來會如何，不管是獨立或者中間道路（名符其實的自治），我們認為應該由西藏人決定」。 遊行海報 台媒報導，發起者在行前記者會上稱，西藏60多年前與毛澤東簽訂《和平協議》之後是軍事入侵西藏。因此，他們對於近日國民黨提及與中國簽署《兩岸和平協議》提出警告。 生於印度藏人流亡社區，西藏台灣人權連線理事長札西·慈仁（Tashi Tsering）在記者會上稱「拜託台灣政府你要跟中國政府做任何談判的時候，不要忘記西藏，香港也在旁邊，跟中國談判要小心，我也是台灣國民，我不想當第二次難民」。 札西·慈仁對BBC中文說，60年前，西藏在半脅迫下與毛澤東簽訂17條和平協議之後三年，中共便軍事「入侵」西藏。許多藏人期盼早日回到家園。 然而，法新社報導，正在北京舉行的中國「兩會」中，中共西藏黨委書記吳英傑宣稱，西藏人民「對中共給他們帶來幸福生活充滿了感激」。1959年，毛澤東說「達賴59年不回來，第60年他有可能回來。這裏是他的父母之邦，生於斯，長於斯，現在到外國，仰人鼻息」。 2008年中國學生於泰國抗議藏人團體杯葛北京奧運會 兩岸和平協議 此次遊行，各方代表都將西藏的處境與目前台灣政壇熱議的《兩岸和平協議》對比。反對者稱，西藏當時與中共簽訂和平協議，隨即便是中共軍事佔領。 國民黨的政治人物，包含宣佈參選的朱立倫，王金平還有高雄市長韓國瑜則對和平協議持正面態度。國民黨於社交媒體強調，兩岸協議會在保障國家主權下籤訂，在為兩岸和平尋求出路。 國民黨主席吳敦義發言，若國民黨重返執政，將簽訂《兩岸和平協議》，以兩岸和平統一為目標努力。吳敦義接受台媒專訪時，改編毛澤東詩句《沁園春·雪》倡議兩岸和平：「兩岸如此多嬌，引無數英雄競折腰，惟反攻大陸已成歷史，解放台灣又嫌霸道，一國兩制、或統或獨，都為台海掀波濤。俱往矣，數當前明路，和平最好。」 民進黨站台支持 民進黨秘書長羅文嘉（(左二)獲得授權參與聲援 此次遊行發言人，西藏人權協會林欣怡接受BBC中文訪問時強調，2009年，蔡英文擔任民進黨主席時，便有參與過抗暴50週年遊行，此次是跨黨派的聲援，媒體似過度聚焦民進黨此次聲援。 札西·慈仁（Tashi Tsering）告訴BBC中文，在台居住20年的他，深感台灣或西藏前輩為追求民主做的犧牲。所以他希望年輕人可以了解過去的歷史。他又提到這次遊行許多黨派，以及台灣民眾參與比以往更多不同團體參加。 然而，羅文嘉這次聲援，確是蔡英文執政三年多以來，首次民進黨高層站台表態支持藏人。羅文嘉解釋，達賴喇嘛能自由的去任何地方，包含台灣。「以西藏為明例，在極權與自由之間台灣人有權選擇；台灣比起澳門以及香港，至少還有民主自由空氣呼吸」，羅文嘉說。 民進黨立法委員尤美女此刻也在印度達蘭薩拉參與抗暴紀念會，與藏人社區「分享台灣民主化經驗」。此外，台灣綠黨，時代力量以及社會民主黨等也參與遊行。吾爾開希以新疆當下的處境表示與中國簽訂和平協議絶不可行。 西藏流亡政府認為，西藏僧俗反抗的根本原因是中國撕毀了""十七條協議""和壓迫西藏人。圖為西藏武裝被解放軍繳械的資料照片。 獨立學者李江琳早前發表歷史研究，提及毛澤動對西藏的兩項重點工作是「佔領」以及「改造」。 在台藏人處境 根據台灣官方統計，當下在台灣居留的藏人大概有一千位。但藏傳佛教在台灣，約有五十萬信徒，若加上泛佛道教的千萬人口，在台灣宗教以及社會影響力不小。 早期蔣介石政府遷台後成立「蒙藏委員會」，於台北另立西藏「官方政府單位」，與在印度的西藏流亡政府產生矛盾。直至1980年代，藏傳佛教開始傳入台灣，台灣政府逐漸認同印度達賴喇嘛政府的地位，台灣與西藏關係逐漸親近。 達賴喇嘛：因此包括宗教制度在內的某些制度是在過去封建制度下形成的，現在已經過時，我們必須根據新的現實作補充 學者曾建元指出，許多藏人視台灣為轉出到歐美的中介地，在台灣等候其他國家的政治庇護。在台藏民多半來自印度藏民社區，少數在台西藏居民，是從西藏逃至尼泊爾或印度，以「假護照」來台，待簽證期滿，便逾期居留。 在台藏人團體表示，2016年以前，逾期居留的原因是因為台灣政府不承認由印度或尼泊爾發出的「西藏難民」證件，流亡藏人更不可能持中國護照入境，「導致多數人當初購買尼泊爾或印度護照入境，入台後才發現這些護照無法更新，也無法再出境」；「他們在台灣也因為無合法身份，無法享有工作、健康等基本人權，而過著顛沛流離的生活」。這些藏民在所持證件不被允許下，形同國際難民。 支持者合影 台灣交通大學潘美玲教授研究發現，2016年以前，即便是與台灣人結婚「依親來台」的藏民，由於台灣政府不承認印度發出的身份證件，藏人配偶只有部分居留權益，每次在台灣最多可住滿180天，同時一年在台不少於183天，所以他們必須每年往返印度兩次，造成嚴重的經濟負擔。 汪小姐告訴BBC中文，強調自2012年她們不斷抗爭， 爭取權益，在2016年之後，政府通過立法，藏籍配偶權益等同外國配偶，大大減輕家庭負擔。不過仍須先要在印度結婚，先生​​申請依親到台灣登入戶籍。汪小姐笑說，藏人配偶當時才有22對，比相關業務的官員人數還少，政府或也覺得不需要再刁難, 終於修法。配偶外的家人來依親還沒開放。 遊行千人參加 達賴喇嘛在台影響力 此次遊行現場，團體強調達賴喇嘛為其精神領導「達賴喇嘛要回家」，「Long Live達賴喇嘛」口號反覆出現，顯示出達賴喇嘛在台灣藏民以及藏傳佛教徒中的地位仍然崇高。 民進黨秘書長羅文嘉於記者會上，公開表態歡迎達賴喇嘛再度來台訪問。上次達賴喇嘛拜訪台灣分別是1997年以及2001年以及2009年，之後，馬英九執政時以「時機不宜」拒絶達賴喇嘛再次訪台。 18日剛出刊的美國時代雜誌封面以「倖存者」(survior)形容達賴喇嘛以及他領導的世界各地藏民。該報導指出，達賴喇嘛的影響力不減。達賴喇嘛知道中國正在「挑選」他的下一任繼承者，但他表示，他的接班人由全體藏民決定。 2016年達賴喇嘛在接受BBC採訪時談到了轉世問題。他說，轉世制度是在封建制度下形成的舊思維，已經過時。他本人支持民主制度，要與時俱進。"
https://www.bbc.com/news/technology-54328644,Police told not to download NHS Covid-19 app,"By Rory Cellan-JonesTechnology correspondent The app detects when users have been in proximity to someone with the virus. Some officers have also been told they may not need to obey self-isolate alerts generated by the app when downloaded to their personal phones. Lancashire Constabulary has told staff to call the force's own Covid-19 helpline instead. The BBC contacted the North-West of England force after a source claimed the advice had been given because of ""security reasons"". The source also said officers had been told not to carry their personal phones while on duty if they had activated the app. This applies to staff working in public-facing roles as well as those in back-office positions. ""The health and wellbeing of our officers, staff and the public remains our priority,"" a Lancashire Constabulary spokeswoman subsequently told the BBC. ""Members of staff, like all members of the public, are personally able to download the Track and Trace application should they choose to do so. Guidance provided to staff within the workplace remains in line with the national NPCC position."" The NPCC confirmed the work-phones policy was common to all forces, and said it was carrying out an urgent review of the matter. ""Police forces use a variety of mobile devices with different system restrictions,"" said a spokesman for the council. ""It is important that we have confidence that the NHS app will work for officers and staff consistently across the country, and it is for this reason that we have recommended that officers and staff download the app to their personal, as opposed to work devices, rather than any suggestion of security implications."" The NPCC might drop the policy as soon as Tuesday. NHS Covid-19 launched last Thursday, since when it has been downloaded more than 12 million times. In addition to contact-tracing, it also offers a way for users to scan codes when they enter a building to log they were there, as well as a means to check if they have symptoms of the coronavirus and to order a test. The NPCC had previously raised concerns about officers sharing information with human contact tracers on the grounds it could compromise undercover work and other sensitive operations. But since the app is designed to keep people's identities secret, this should not be a problem in this case."
https://www.bbc.com/news/in-pictures-48746287,"Led Zeppelin: Pictures show first concert, in 1968","The photos form part of a new book that features famous pictures from the concert, along with photos never seen before. The book also features pictures of the band at other concerts photographed by Angel, seen below. The band were called the New Yardbirds at the time and were performing at a Danish school youth club. The New Yardbirds comprised the four famous Led Zeppelin members: Their precursor, the Yardbirds, included Page, playing experimental music such as using a violin bow on his Fender Telecaster guitar, and a number of other influential artists, such as Eric Clapton. Angel was the house photographer at the Gladsaxe Teen Club, a pop music venue in the Egegard School, in a suburb of Copenhagen. ""I'd been looking forward to hearing the Yardbirds again,"" he says, ""but when I arrived, I saw a handwritten poster, stating, 'The New Yardbirds'. Then I knew something was wrong. ""Imagine that you had bought tickets to The Beatles and then 'The New Beatles' turned up instead. ""Only one of the original members was left in the band - three completely unknown musicians. ""But when the New Yardbirds came on the stage and started playing, I was happily surprised by their energy. ""[I was] so captivated that I used a roll and a half of film on them - and that was expensive for a schoolboy."" Led Zeppelin grew to become one of the world's most famous rock bands, with hits such as Stairway to Heaven and Whole Lotta Love. Angel photographed a wide range of music legends on and off stage between 1966 and 1983, including Abba, Queen and David Bowie. Led Zeppelin: Denmark 1968 - 1970 is published by Flying V Books."
https://www.bbc.com/zhongwen/trad/chinese-news-45505642,兩個月苦練贏得選美 香港菲傭的「灰姑娘」之路,香港菲傭美蘭妮：「選美改變了我的生活」 「當家庭傭工在家，你只能穿居家服，沒辦法穿漂亮的禮服……選美改變了我在香港做家庭傭工的生活，增加了我的自信。我很高興，也很享受選美。」長達七小時的選美結束後，美蘭妮‧米裏雅諾（Mhelanie Millano）戴著第五名的頭冠，與BBC中文記者分享她的喜悅。 美蘭妮在14名參賽者中脫穎而出，拿下第五名。這是一場由在香港的菲律賓人（大部分是家庭傭工）自發組織的選美比賽。雖然沒有大型機構贊助，但這場比賽一點都不含糊──從定裝照、評審到獲勝者的獎杯、彩帶、頭冠、手杖一應俱全。除了前五名有頭冠和彩帶外，還有人氣獎、台步獎等等，現場少了嚴肅的競爭感，彌漫著節慶的歡樂氣氛。 另一名不願具名的參賽者說，她參加選美是想證明，超過35歲並育有孩子的女性仍然能夠展現自己的美麗。這名參賽者在菲律賓擁有大學學歷，學的是工科。不過，她的僱主不願意她出鏡接受採訪。 香港的金融中心在周末成為外傭們的聚會場所。 香港有超過35萬的海外傭工，大部分是家庭傭工，家傭中又以菲律賓籍最多，約佔19 萬人，相當於香港總人口的約2.5%。根據香港法令，家庭傭工工作七日內應該有一天休息日，周日是約定俗成的休息日子。因此每周日從清晨開始，香港中環的金融區就搖身一變成為家庭傭工的聚會場所。 外傭們在通往國際金融中心（IFC）的天橋上搭起紙箱席地而坐，她們在教堂做完禮拜後，會分享家鄉菜、玩紙牌遊戲、舉辦慶生會，或是和家鄉親友視訊通話。商廈、名牌店林立的中環遮打道（Chater Road），在周日會封街讓外傭們聚會。美蘭妮參加的呂宋國際聯盟（Luzon Alliance International）選美，就是在遮打道舉辦。 每個周日，香港都會舉行大大小小的菲律賓外傭選美活動，小的在室內社區活動中心舉行，大的在中環遮打道。戶外選美被視為是最隆重、等級最高的選美活動。 美蘭妮的眼影和身上的亮粉在夜色中閃閃發亮，選美在頒獎時達到高潮。美蘭妮賽後忙著和朋友們拍照、嬉笑，但她和其他家庭傭工一樣，最遲必須在午夜12點前返回僱主家，再開啟一周的幫傭工作。 從一塊布到禮服 選美比賽後，美蘭妮開心和BBC中文分享她的喜悅。 美蘭妮身穿紅色露肩禮服，踏著七公分的高跟鞋，隨著音樂在台上從容定格、轉身，向台下數以千計觀眾和整排來自香港、菲律賓和台灣的評審露出自信微笑。 她身上的禮服，在兩個月前還只是一塊布料。主辦方發給參賽者一人一塊布料，只有紅、黃兩色可以選擇，布料大小、質料都相同，她們得各憑本事，製作自己的禮服。 每個周日，美蘭妮搭兩個小時的車前往練習場地。第一次見到美蘭妮，她穿著白色針織長袖上衣，素著臉，長髮披垂，在辦公大樓的天台上依照「選美老師」的指示，練習走台步。 美蘭妮和其他參賽者花了幾個月練習走台步。 身材豐腴、目測約40多歲的瑪喬麗（Marjorie）是佳麗們的指導員，她的筆記本上畫滿了台步路線。雖然先前口頭演練過，但到了配合音樂時，仍有參賽者們撞在一起，或是忘記要往哪裏移動，站在台中央尷尬地東張西望。 瑪喬麗也負責教舞。一連幾個周日，她們在灣仔入境事務處的空地前，赤著腳練習菲律賓民俗舞蹈。她們只有幾分鐘的休息時間，之後瑪喬麗又會高聲催促她們換上高跟鞋練習走台步。練習時她們專注而嚴肅，但休息令一下，她們就迫不及待地聊起天。 「參加選美讓我交到很多朋友，」美蘭妮在參加這場選美前，只認識當中一名參賽者，但在過程中，她和參賽者們變成互相競爭、又互相扶持的朋友。 「有組織」的選美 戶外的菲傭選美規模較大，一般會有與菲傭生活相關的業者當贊助商。 在香港，大型的菲傭選美活動通常由菲律賓團體舉辦，少數以個人名義舉辦。大型活動需要租場地、器材，在比賽前，每名參賽者還會由專業攝影師拍攝宣傳照。選美得有獎金、獎杯等，需要花費的金額不是一筆小數目，互利共生的贊助商因此也加入這場嘉年華。 贊助商來自和菲律賓外傭生活相關的產業，例如菲律賓的銀行、旅行社、電信商、貨運公司和網路商店等等。他們的商標會出現在選美背板上，現場也會設置攤位，有時還會有他們提供的獎品。 參賽者們會拍攝定裝照，攝影師和打光師在平日也是家庭幫傭。 選美的部分花費由參賽者支付，以美蘭妮參加的這場選美為例，她花了1500港幣購買「參賽資格」（約1307人民幣，5847新台幣），相當於她月工資的三分之一。現時香港外籍家庭傭工的法定最低工資為每月4410港幣（約3842人民幣，17189新台幣）。 美蘭妮可以藉由出售觀賞選美的門票，收回部分她所付出的錢。她賣掉了一些票，但她坦承：「一旦說到錢就很難賣。」所以，她的1500港幣並沒有完全收回，她還額外支出了250港幣，請化妝師在選美當天為她造型。這場選美讓美蘭妮獲得第五名的頭冠和自我實現的滿足感，雖然沒有獎金，但美蘭妮認為，她的錢花得值得。 這場選美的主辦人、呂宋國際聯盟主席薇吉（Virgie Borbon Buen）在香港幫傭超過15年，主辦過10多場選美，她與菲律賓當地政府也有聯繫。薇吉表示，這場選美的收益將用來幫助呂宋（Luzon）當地的貧困學童。 選美浪費錢又不受歡迎？ 在香港，每個星期天都會有大大小小的菲律賓外籍幫傭選美。 雖然每場在香港舉行的菲傭選美活動都會吸引大批菲傭觀眾，但不是所有菲傭都樂見選美。 專門研究勞工移民的香港中文大學人類學系高級講師陳如珍對BBC中文分析，反對選美的菲傭所持的兩大理由主要是：「浪費錢」以及「愛慕虛榮、違反天主教的教導」。 美蘭妮表示，在她的朋友圈中，幾乎沒有反對選美的聲音，但她可以想像，一些人譴責選美「太暴露」、「賣弄性感」。美蘭妮強調，她所參加的這場選美不像其它一些選美一樣有泳裝項目。 陳如珍表示，菲傭要如何花自己的錢是她們的自由，不一定要將所有錢寄回家才是對的，但一些人還是擔心，有些選美活動是「騙錢的」。比如，菲傭們繳了錢參加選美，但大部分錢進了主辦者的口袋，除了台上的鎂光燈與掌聲外，她們什麼也沒得到，辛苦攢下來的錢就這麼花掉了。在新加坡有案例是，有參賽者繳了錢，卻沒有如當初主辦方承諾的獲得獲勝獎金。 陳如珍指出，沒有太多香港本地人知道菲傭選美的存在，香港人對菲傭選美的態度談不上歧視，而比較接近忽視。菲傭的周日集會通常受到香港居民抱怨的主因是佔用天橋、人行道等公共空間。 和僱主「像家人一樣」 美蘭妮在做家務的空檔練習選美比賽項目。 美蘭妮到香港工作已經六年，現在的僱主是她的第二位僱主，她已經為這個四口之家工作五年。她每天大約五點起牀，幫僱主一家人凖備早餐，接著打掃衛生、做家務、買菜、餵貓、整理庭院，有時也開車接送僱主的女兒去馬場學騎術。 「他們人很好，對待我不像對待傭人，我就像家庭中的一份子，」美蘭妮說。她的僱主今年搬到了更大的三層獨棟房屋，美蘭妮希望介紹同樣也想來香港幫傭的阿姨一起為這家人工作，分擔她的工作量。 美蘭妮在菲律賓的家裏沒有網路，她的家人需要和鄰居借智能手機，才能和她視訊通話。 僱主支持她參加選美，她會和僱主分享選美的照片。但英國籍女僱主表示不會去看她選美：「因為這是她的休假時間，我們尊重她。」 不過，並非每個家庭傭工都像美蘭妮一樣能和僱主相處融洽。據《許願井的迴響： 香港外籍家務傭工詩文集》一書披露，有的外傭只能吃僱主小孩不要吃的剩飯，有的人是一舉一動都受到監視，或是動輒被責罵。有些僱主怕外傭「在外面學壞」，因此不准他們休假時與朋友聚會，或是故意挑大部份外傭上工的日子做為她的休假日。 飄洋過海為賺錢 美蘭妮與家人的新家正在施工中。 「我用賺來的錢在老家買了一塊地，正在蓋我們家自己的房子，」美蘭妮快樂地展示她家正在施工的照片。「但完工日期還沒確定，因為沒錢請工人，只有我的叔叔幫忙蓋。」 美蘭妮前往海外工作的原因很簡單，「因為沒錢」。她的父親早已過世，她和母親、哥哥嫂嫂、侄兒侄女同住，雖然不只她一個人在工作，但賺的錢仍不足以養家。 她的家裏沒有網絡，想和家人視訊時，只能借用鄰居的網絡和電話。鄰居也會追看她的臉書（Facebook）動態，給她的家人講述美蘭妮的近況。 美蘭妮因為家貧，只好選讀她不喜歡的助產士課程。 美蘭妮的夢想是當老師，但因為沒錢，只能選讀助產士課程，雖然她本人並不喜歡這門課。畢業後，她在家鄉醫務所服務了一年，後來覺得薪水太低，就前往海外幫傭。她一開始去了阿布達比、北京，但最後選擇長留香港。 「香港有很多支援團體和組織，有很多活動，還可以上僱員發展課程……有教堂，還有很多觀光景點和迪士尼公園，我有時也去爬山。」美蘭妮說她喜歡香港，雖然她的工作簽證明年到期，但是僱主希望她繼續留在這個家幫傭。 美蘭妮對五年內的未來沒有太明確的方向，但她說很可能會繼續在海外幫傭。「我希望能去加拿大幫傭，但我不知道未來會怎麼樣，」30歲的美蘭妮希望攢錢回菲律賓休息一陣子，也希望回到菲律賓後當小學老師。她在家鄉的同齡朋友大多已結婚生子，但她剛與人在菲律賓的男友結束八年感情，對於結婚生子只能無奈笑對。 選美∶菲律賓的「全民運動」 「菲律賓小姐」選美現場。 受到西班牙和美國等國的殖民影響，菲律賓也以白皮膚、大眼、輪廓深為審美標凖。在菲律賓，從村莊到城市，經常可見規模或大或小的選美，不僅限於年輕女性，也有為跨性別者、家庭主婦、同志舉辦的選美。菲傭也將選美文化帶到韓國、台灣、新加坡等幫傭國家。 過去五年，在世界四大選美比賽（世界小姐Miss World、環球小姐Miss Universe、國際小姐Miss International、地球小姐Miss Earth），菲律賓佳麗都摘得后冠。為了提升世人環保意識的地球小姐（Miss Earth）自2001年開始舉辦，比賽總部設在菲律賓。世界知名的選美論壇網站Missosology也是由菲律賓人創立。 據《馬來西亞東方日報》2015年的報道，參加選美比賽是菲律賓年輕女性脫離貧窮的途徑之一，在首都馬尼拉有不少「選美訓練營」，專門教導女孩們如何在選美比賽中表現自己。 選美不僅能自我實現、獲得觀眾青睞，對許多菲律賓女孩來說，選美紅毯能延伸到商界、娛樂界甚至政界。菲律賓前第一夫人伊梅爾達‧馬科斯（Imelda Marcos）也曾是選美皇后。 美蘭妮在菲律賓參加過選美。 美蘭妮在菲律賓也參加過選美，第一次登場是中學時的校內選美。16歲時她參加了鎮上的選美，「當時我有點緊張，鎮上幾乎一半的人都出來看了」，她以苦練的英文演講驚艷全場，在比賽中贏得了才藝小姐（Miss Talent）的稱號。 美蘭妮認為香港是個特別的地方，她在這裏賺到了錢、交到了朋友。選美對她來說：「是呈現最好的自己，呈現最好的笑容，走最棒的台步。」 在首次贏得香港大型戶外選美第五名的頭冠之後，美蘭妮還想繼續參加選美，「我想獲得更多經驗、交更多朋友，我想贏得第一名，因為我想變成最好的自己。」
https://www.bbc.com/news/uk-england-suffolk-55061847,Ex-Suffolk Police officer jailed over fake cocaine wraps,"Daniel Jackson, 28, formerly of Suffolk Police, threw away three wraps seized from a stopped vehicle in Newmarket last year. A court heard he filed a false report to say nothing had been recovered. Jackson admitted misconduct in a public office and attempting to pervert the course of justice. Norwich Crown Court heard Jackson, of Lakenheath, Suffolk, was called as back-up to help two more junior officers making an arrest. He threw away the drugs seized and, when challenged months later, falsified evidence, making fake drugs wraps using granulated sugar and logging them as an exhibit. The court heard that before the incident, he had received a text message from his partner breaking up with him. Recorder Caroline Goodwin QC told Jackson: ""I accept that you had received a very distressing text from your partner and that may have coloured your approach but your conduct on this night was nothing short of disgraceful. ""There was an utter disregard for your role."" She said Jackson allowed a suspect to leave the scene and discouraged a colleague from giving chase, saying he knew the suspect's address and would speak to him later. He also allowed a suspect to keep £800 found in the stopped vehicle. The judge said: ""It beggars belief that you simply say now that you threw away those wraps of class A drugs"". She accepted it was not an instance of personal gain, adding: ""This was a sequence of decisions you will now regret for the rest of your life. ""Honesty and integrity (go) to the heart of policing. Anything which undermines that very basic premise is to be discouraged."" Jackson had resigned from the force by the time of a misconduct hearing last month, which barred him from serving as an officer again. Find BBC News: East of England on Facebook, Instagram and Twitter. If you have a story suggestion email eastofenglandnews@bbc.co.uk"
https://www.bbc.com/korean/news-49067362,홍콩: 흰 옷 입은 무장 조직... 홍콩 시민 무차별 공격,"현지 언론은 이번 폭력 사태로 최소 36명이 부상당했다고 전했다 현지 언론은 이번 폭력 사태로 최소 36명이 부상당했다고 전했다. 아직 폭력 사태의 정확한 동기는 밝혀지지 않았다. SNS에는 흰옷을 입은 남성들이 역내 시민을 무차별적으로 공격하는 영상이 퍼지기도 했다. 홍콩 시위 홍콩 정부 대변인은 22일 성명을 내고 ""이번 사건은 법에 따라 지배되는 홍콩으로서 받아들일 수 없는 것""이라며 ""정부는 어떤 형태의 폭력도 강력히 규탄하며 심각히 법 집행을 할 것""이라고 밝혔다 애초 홍콩 시민이 직접선거에 관련해 중국에 민주화를 요구하며 시위가 시작됐다. 최근 강경 진압에 대한 독립 조사를 요구하고 '범죄인 인도법안(송환법안)'에 반대하며 민주화에 대한 전반적 시위로 확대됐다. 이들은 범죄인 인도법안이 정치적 반체제 인사들을 중국 본토로 송환하는 데 이용될 수 있다고 우려하고 있다. 대체로 평화적으로 진행되어 온 시위는 최근 과열 양상을 띠며 충돌이 잦아졌다. 한 예로 이번 위안랑 폭력 사태 직전인 지난 21일 홍콩 빅토리아공원에서 플레이그라운드까지 이어진 집회에서도 일부 시위대가 도로 표지판에 벽돌을 던졌고 경찰이 최루 스프레이로 대응하는 일이 있었다. 홍콩 정부 대변인은 22일 성명을 내고 ""이번 사건은 법치주의적인 홍콩으로서 받아들일 수 없는 것""이라며 ""정부는 어떤 형태의 폭력도 강력히 규탄하며 심각히 법 집행을 할 것""이라고 밝혔다. 위안랑역은 시위가 활발히 열리던 홍콩 중심부에서 떨어진 외곽에 위치해 있다. 폭력 사태 경찰과 정부는 이에 대응하기 위해 최루탄으로 시위대 진압에 나섰다 일부 시위대는 홍콩 연락판공실 앞 중국 중앙정부를 상징하는 붉은 휘장에 '당신들을 평화 시위가 쓸모없다는 것을 저희에게 알려주었습니다' 같은 문구를 새기며 반중 정서를 드러냈다. 또 일부는 CCTV 카메라를 스프레이로 가리거나 폭발 물질을 만드는 등 폭력 시위를 이어갔다. 경찰과 정부는 최루탄으로 시위대 진압에 나섰다. 앞서 전날인 20일 반중 시위에 반대하는 친중 시위 또한 열렸다. 이 맞불 시위에도 주최 추산 31만 명, 경찰 추산 10만 명이 참여했다. 이번 사태는 비교적 평화적이었던 근대 홍콩 역사에서 가장 폭력적인 사건으로 기록될 것으로 보인다. 한편 중국 정부는 반중 시위에 대해 성명을 내고 이런 행동이 한 국가 두 체제의 마지노선을 건드리는 행위라고 경고했다. 영국의 옛 식민지였던 홍콩은 독립 이후 자주적으로 정부를 운영해왔다."
https://www.bbc.com/ukchina/trad/vert-tra-48719843,台灣美食：「不臭不好吃」的台灣臭豆腐,現年70多歲的吳許碧瑛打理這間家族餐廳已近30年。她利用父母傳下來的秘密發酵工藝，創造了10種臭豆腐。臭豆腐是一種深受民眾喜愛的台灣美食，含有活菌，經常被稱為台灣的國民小吃。臭豆腐散發著濃烈的腐臭，隔得老遠就能讓人聞到一股像是餿掉的牛奶或者腐爛垃圾的氣味。喜歡它也好，討厭它也好，這些經過調味和切塊的發酵厚豆腐塊帶有一種獨特的變質味道，成為了台灣街頭美食的象徵。 臭豆腐經常被稱為台灣的國民小吃（Credit: Getty） 店裏只有幾張桌子，我看見四名和尚圍坐在其中一張桌子，正在享用泛著綠色的臭豆腐。牆上一幅鑲了框的書法宣傳臭豆腐有益於健康，貼在牆上的圖片展示的是該店必嘗的各款臭豆腐，或油炸或清蒸或做成麻辣湯，價格從20元到100元新台幣不等。 一個身穿紅色夾克、身型瘦小、說話輕聲細語的女人正在餐廳後面的發酵室與兒子兒媳婦一道工作。她感覺到我的猶豫，即從後邊出來，走到我的桌邊。她笑著說：「我們開業30年，從來沒有客人吃我家的臭豆腐會吐的。」 雖然這番話稍稍讓人寬下心來，但我還是不禁想起美國電視節目主持人齊默恩（Andrew Zimmern），他在自己的節目《古怪食物》（Bizarre Foods）中跑遍世界，品嚐最奇怪、最噁心的食物。他來到戴記獨臭之家，點了一個牛肚臭豆腐漢堡，最後還是把食物吐在了餐巾紙裏，說：「這個我沒辦法……太可怕了。」 我選擇了用蘑菇、胡椒和辣椒做的麻辣臭豆腐湯，慢慢地，把一匙又臭又油的湯汁送到嘴邊。 戴記獨臭之家（Credit: Randy Mulyanto） 根據傳說，臭豆腐是幾百年前在中國偶然發明的，當時一個艱難謀生的豆腐商販，打開了裝著幾天前沒賣完的豆腐的容器，發現豆腐和豆漿的混合物已經開始發酵。這個豆腐商隨後鼓起勇氣，嘗了一口這種臭氣熏天的綠色混合物，味道居然相當不錯。他忙不迭地開始銷售這種發酵食品，這個帶臭味的小吃大受歡迎，甚至連慈禧太后都把臭豆腐列入了貢品清單。 這種食物是在中國的國共內戰之後傳入台灣的。1949年，有大約200萬人跟隨國民黨領導人蔣介石逃到台灣。根據《台灣美食：來自美麗島的食譜》（The Food of Taiwan: Recipes from the Beautiful Island）一書的作者厄韋（Cathy Erway）的說法，現在在亞洲各地，有各種形式的臭豆腐，但最受歡迎的就是台灣。在台灣的夜市，賣臭豆腐的小販在室外推車上對臭豆腐做油炸、醃製處理，並用各種佐料來調味。 厄韋說：「為了吸引客人到自己的攤位，（他們）必須想出一些非常聳人聽聞的東西。得是與眾不同的東西才行。」 在戴記獨臭之家，吳許碧瑛的臭豆腐採用的是有60年歷史的祖傳秘方（Credit: Randy Mulyanto） 今天，在台灣各地，臭豆腐仍然主要是街頭小吃，跟台灣的牛肉麵和各地的街頭夜市齊名。當我前往台北最大、最著名的夜市之一——台北士林夜市時，我看到（也聞到）的臭豆腐有烤的、有燒的、有蒸的、有竹簽串起來的，還有加泡菜的臭豆腐。台北動物園東邊的深坑老街，整條街都在賣臭豆腐，小販們把臭豆腐裝在盒子裏賣，放在麻辣湯底裏煮，甚至還有臭豆腐冰淇淋。雖然有些餐館賣鴨血臭豆腐或者把臭豆腐作為配菜，但戴記獨臭之家是少數幾家專賣臭豆腐的餐館之一，每道菜品都圍繞著臭豆腐做文章。 近年來，戴記獨臭之家已經成為挑剔的臭豆腐食客的聖地。除了在台北夜市常見的煎臭豆腐、串起來的臭豆腐和麻辣臭豆腐，這裏還有獨特的涼拌臭豆腐，覆以香脆的海苔酥、葱花和棕色的調味醬。因為越臭越好吃，吳許碧瑛菜單上的每道菜品都有一個臭味等級，從捏著鼻子的麻辣臭豆腐湯（10級）、配泡菜吃的炸臭豆腐（12級）到她家獨創的涼拌臭豆腐（13級）。 然後，臭到沒有對手的，當屬她家臭到令人作嘔的15級臭膏，這是一種奶油狀的灰色粘稠狀豆腐膏，經過超長時間的發酵，已經呈腐爛狀。因這種東西功效很強，吳許碧瑛不是賣給客戶吃下肚，而是將這種富含蛋白質的糊狀物作為藥膏出售，幫助人們潤滑緊致肌膚。 臭豆腐是台灣知名小吃之一，和牛肉麵、夜市齊名（Credit: Getty） 吳許碧瑛坐在我對面說：「我從小就喜歡吃臭豆腐，而且，不臭我還不愛吃呢。」 吳許碧瑛在台北長大，記得小時候父母在家裏做臭豆腐，然後到街上去賣。她曾加入一個武術表演團，離開台灣到世界各地表演。後來，她回到台北，用家中60年歷史的臭豆腐秘方，在1989年創辦了戴記獨臭之家（餐館以她繼父的姓命名）。 今天，戴記獨臭之家仍然是一個家族企業；吳許碧瑛的兒子和兒媳幫她凖備菜餚、招待客人，而她的弟弟則負責壓豆腐。不過，這家企業無可爭辯的頭腦和跳動的心臟，還是吳許碧瑛，她掌握著這份家族配方，親手製作每一批特色臭豆腐。 跟所有的發酵食品一樣，做臭豆腐也需要時間。吳許碧瑛從弟弟那裏接過壓制好的豆腐塊，放入餐廳狹小的後屋裏的罐子裏，每個罐子都裝滿了不同的純天然蔬菜和鹵水，這些鹵水在常溫下已經慢慢發酵了兩年。跟海綿一樣，這些豆腐慢慢地吸收深綠色的混合物，時間長達兩周。豆腐放置的時間越長，吸收的汁液越多，就會越軟越臭。 「我真的認為，臭豆腐是一種吃慣了才會喜歡的味道。越吃你會越喜歡，就像發酵過程中增強臭豆腐味道的細菌一樣，」《吃台北》（Taipei Eats）美食之旅的聯合創始人李（Mike Lee）說。「獨特的是那些糊糊，它們不過是發酵產生的細菌。」 台灣小販有很多辦法來烹制臭豆腐，包括油炸、麻辣湯臭豆腐，甚至還有臭豆腐冰淇淋（Credit: Getty） 大多數臭豆腐愛好者堅持認為，如果能忍受臭豆腐的氣味，就會發現這種食物聞起來臭但吃起來香，就像某種味道很刺激的發酵奶酪。儘管對於吳許碧瑛和許多台灣人來說，這種食物最重要的是對人體健康益處多多，據吳許碧瑛說，好處包括助消化、治療感冒症狀等。但這還不是全部。根據最近的一些研究，吃臭豆腐還可以幫助預防骨質疏鬆症，降低患前列腺癌和乳腺癌的風險，並降低膽固醇。 吳許碧瑛說：「有世界各地的人來（這裏）吃（臭豆腐），但如果他們知道我豆腐裏的營養成分，（它）或許還能治好他們的病咧。」 說到這裏，吳許碧瑛走進了後面的發酵室，再出來的時候，拿著一罐味道濃烈的臭膏。小小的氣泡升到了泡沫狀綠色混合物的頂部。她把它倒進一個小碟子裏，舀了一勺粘稠的膏狀物，告訴我抹在皮膚上，說可以讓皮膚變得又嫩又滑。她在我的右手食指上沾了一團混合物，示意我擦在左手掌上。有意思的是，我手上的皮膚立刻就感到變得緊實、光滑，但即使洗了8次手，濃烈的臭豆腐氣味還是持續了7個小時。 臭膏可以使得皮膚變得光滑緊致（Credit: Randy Mulyanto） 事實上，雖然我點的麻辣臭豆腐湯有醬油湯底和辛辣的調味料，但口感的順滑多過辛辣，而且吃起來比聞起來好太多。豆腐帶出了蘑菇和辣椒的鮮味，雖然臭豆腐味道濃郁，但湯的味道卻出人意料的清淡。 其實，我非常喜歡臭豆腐，於是我在臭味級別表上連升三級，點了涼拌臭豆腐。這道菜味道很重，在咬到一口濕漉漉的、果凍狀的東西之前，我幾乎透不過氣來。不過，跟臭豆腐湯一樣，如果你能忍受臭豆腐的味道，涼拌豆腐其實相當美味，讓人想到某種成熟的奶油芝士。 吳許碧瑛現在不再每天來到她一手打造的殿堂裏工作，而是把餐廳大部分的日常運營和祖傳秘方都託付給了兒子。正如她的父母把他們的技術傳給她一樣，她也希望兒子能好好守護這個家族的傳統。 我謝過吳女士，走出餐廳，回到台北夜晚清爽、潔淨的空氣中，我把手伸到鼻子邊，又聞到了台灣這種臭哄哄的小吃味道。 請訪問 BBC Travel 閲讀 英文原文。
https://www.bbc.com/news/entertainment-arts-18009921,Terry Pratchett picked for comic fiction award,"Sir Terry's hit novel Snuff is in the running for the 13th Bollinger Everyman Wodehouse Prize for Comic Fiction. It is the author's fourth nomination having missed out the past three times. The victor will be announced at the end of May and will have a Gloucestershire Old Spot pig named after their winning title. Also in the running are John Lanchester for Capital, Julian Gough for Jude in London and John O'Farrell for The Man Who Forgot His Wife. Sue Townsend, best known as the author of the Adrian Mole books, has been shortlisted for her latest work, The Woman Who Went to Bed for a Year. The award is named after the humorist PG Wodehouse and previous winners include Jonathan Coe's The Rotter's Club, DBC Pierre's Vernon God Little and Solar by Ian McEwan."
https://www.bbc.com/zhongwen/trad/world/2012/08/120813_japan_military_senkagu,日媒称自卫队将制定钓鱼岛作战计划,日本以往是以海上保安廳的警察階層對應到釣魚島宣示主權的船隻。 日本的《產經新聞》報道說，日本自衛隊統合幕僚長岩崎茂據稱近日已向自衛隊下達特別指令，要求自衛隊海陸空部隊制訂「應對作戰計劃」。 日本首相野田佳彥此前曾表示，如果發生針對包括釣魚島（日本稱尖閣諸島）在內的日本領土及領海的不法行為，將動用包括自衛隊在內的力量應對。 日本《產經新聞》引述防衛省高層消息稱，當有外國漁船進入釣魚島水域並出現挑釁的情況，而海上保安廳無法應付時，便會出動海上自衛隊的艦艇展開警備行動。 由於日本東京市市長石原慎太郎先前推動購買中方所稱釣魚島的尖閣諸島，將之納為國有，引起中國強烈的反應。 報道稱，日本自衛隊擔心，未來將出現武裝民兵假扮漁民、駕船進入尖閣諸島附近海域，日本的海上保安廳將難以應付。 分析人士認為，如果此一消息屬實的話，日方就是將目前以民間執法單位升高到軍事的層級，可能會令目前的局勢更加複雜，而預料中國也會做出強烈的反應。 與此同時，香港保釣行動委員會一艘抗議船周日從香港出發前往釣魚島宣示中國主權。 據稱這一兩天將在台灣北部海域與台灣和中國的漁船回合，向釣魚島進發。 據日本媒體報道稱，日本海上保安廳已調集大批巡視船，凖備攔截保釣船隊。
https://www.bbc.com/zhongwen/trad/world-56194990,中國經濟10年內將超美國 「大國政治的悲劇」會否重演,無論是2030年、2028年，還是2032年，這個時間節點的到來因為兩個因素變得十分重要——它近在咫尺，同時意義不凡。 大致在第一次世界大戰前後，美國經濟規模超過英國，成為世界第一。 此後一個世紀，全球經歷了二戰、冷戰、蘇聯解體、反恐戰爭，以及不知多少次區域戰爭和經濟危機。但美國第一的經濟規模從未受到實質性挑戰——蘇聯計劃經濟全盛之時，規模只到美國四成左右；上世紀末，日本經濟巔峰，一度接近美國經濟的七成。 不過，兩個國家都未完成對美國的反超，一個解體，一個停滯。 20多年過去，中國站到與當年日本相似的位置——2020年伊始，中國經濟規模也達到美國的七成左右。緊接著，突如其來的新冠疫情，使中國經濟迅速陷入冰凍，一季度陷入幾十年來首次負增長，似乎中國也將面臨日本相似的命運，從巔峰逐步滑落。 出乎很多人意料的是，年初看來，這塊中國經濟道路上的絆腳石，在年底回看時，卻成了墊腳石。 2020年中國很快控制住疫情，從第二個季度開始反彈，甚至在歐美疫情肆虐下，中國產能全開，外貿數據意外激增。美國卻反覆經歷疫情回潮，領失業救濟的隊排得越來越長。 此消彼長下，中美之間的經濟差距在這場世紀疫情中突然縮小，讓人不禁思考，超越之後，世界格局會發生什麼變化？意味著世界格局洗牌？還是不可避免地造成激烈衝突？亦或是這一天根本不會到來？ 中國經濟超美：「是與否」 vs. 「早與晚」 中國經濟何時超越美國？不同的智庫都給出自己的答案，言下之意是，這已經不是一個「是與否」的問題，而是一個「早與晚」的問題。 英國智庫經濟和商業研究中心（CEBR）認為，疫情下中美兩國復蘇情況反差明顯，使中國經濟總量超過美國的時間提前五年，預計為2028年。 日本經濟研究中心也認為，這一天將在2028年到來。 美國布魯金斯學會和北京大學國發院共同出版報告《中國2049》認為，中國將在2030年後超過美國成為世界第一大經濟體。 相比之下，反而中國智庫的估計最為保守。中國國務院發展研究中心報告稱，中國經濟規模將在2027年超過歐盟，在2032年超過美國。 「中國經濟超越美國的確切年份並不重要。 」《中國2049》的共同作者、美國布魯金斯中國經濟資深研究員杜大偉（David Dollar）表示，這是一個更普遍的趨勢，融入全球經濟的發展中國家往往會逐漸趕上領頭羊。美國和其他發達經濟體要習慣與發展中經濟體分享國際舞台。 作為歷史學家，聖路易斯華盛頓大學東亞系副教授馬釗也認為，中國在GDP總量上接近並超越美國，只是時間早晚問題。從歷史發展脈絡上看，中國經歷19和20世紀這兩個世紀的動亂與興衰之後，再次回到了18世紀清中期的全球大國地位。 這個問題在社交網絡往往會引發激烈爭論，但在受訪專家看來，不值得大驚小怪，因為中國發展的態勢和規模，決定著這場超越很合理。 杜大偉（David Dollar）解釋，中國的人口是美國的四倍，因此中國只需要達到美國生產力的四分之一，就能達到同等規模。 香港中文大學商學院助理教授吳靖也持相似觀點。他認為，「中國經濟非常多元化，涵蓋大多數工業門類，並把經濟發展作為首要目標。最重要的是，中國人口全球之最，約為美國人口的四倍，因此可以形成全球最大的消費市場。所以說，如果中國經濟持續增長，會自然而然超越美國。 」 馬釗則補充認為，還歸功於中國在過去的40年中的政治穩定，宏觀政策的連貫性較強。 中國：前路非坦途 細看各個智庫的報告，即便最樂觀的預測，也不認為中國躺著就可以輕鬆贏得經濟規模全球第一的寶座。 在中國國內，老齡化成為在前進道路上最兇悍的「灰犀牛」。 《中國2049》中描述，上世紀七、八十年代，中國實施嚴格的計劃生育，嬰兒出生率被人為壓低，而15-64歲的勞動年齡人口佔比迅速擴大到65%左右。因此中國迎來一波巨大的「勞動力紅利」，形成了「生產性」勞動結構。換言之，「花錢的」人口少，「賺錢的」人口多。更幸運的是，中國這一波人口紅利與改革開放重合，推動經濟高速增長。 然而，40年過去，「紅利」變成了「負累」，當年佔比巨大的勞動人口，逐漸老去，當年被計劃生育政策壓制的生育率，造成新的適齡勞動人口不足。即便現在中國逐步放開生育限制，出生率依然不見提升。 未來10年是中國經濟試圖趕上美國的時間窗口，恰恰是中國人口結構發生根本性轉變的區間。 中國社科院研究顯示表示，人口將從2027年開始收縮。世界銀行認為中國2029年人口開始負增長。與此同時，過去不斷增長的勞動年齡人口也開始掉頭向下，以年均780萬人的速度減少。 目前普遍預測認為，中國大陸總人口仍將繼續保持增長，未來幾年將達到峰值，但60歲以上老人將佔總人口的1/4。 反觀美國，生育率高於中國，而且移民人口也能補充勞動力人口，相比中國「老齡化」的壓力小得多。 「作為一個傳統非移民國家，中國如何調動自身人口生育能力，彌補勞動力紅利的下滑，這是來自國內社會的挑戰。」馬釗表示。 不攔住「老齡化」這頭灰犀牛，中國可能永遠無法完成對美國的全面超越。威斯康星大學麥迪遜分校研究院易富賢曾在博鰲亞洲論壇上表示，中國的計劃生育政策，造成人口結構出現扭曲，這甚至將使中國經濟未來無法超越美國。 長遠來看，除了「老齡化」這只「灰犀牛」，中國還要防範兩隻「黑天鵝」——政治動蕩與軍事衝突。 吳靖表示，對中國經濟發展持樂觀態度，不過前提是避免影響經濟發展的社會動蕩，比如政治不穩定或軍事衝突等。 政治動蕩的可能來自國內。馬釗認為，中國延續40年的「改革開放」政策，正在被當下「大國崛起」的新口號所替代，那麼中國目前高度集權與高度管控的政治管理模式，是否能持續治理日益複雜與多元化的社會？在未來10-15年，中國也將面臨領導人代際更替，如何協調個人權威與體制治理的平衡與延續，這成為來自權力內部的挑戰。 中國在南海島嶼進行了規模浩大的填海擴建工程，在擴建島嶼上修建了飛機跑道（永暑礁） 軍事衝突的可能來自外部不穩定因素。中國面臨南海問題、中印邊界爭端、釣魚島爭議，以及台灣問題等外部不穩定因素，在中美關係快速惡化的背景下，可能演變為中美角力場，爆發區域性熱戰。 台灣的國民黨智庫國家政策研究基金會研究認為，目前中美間行動還有節制，不過已經朝大國戰爭的方向走去，而中國不斷侵蝕美國霸權地位，可能引來美國的全面反擊，而隨著兩岸敵意的增長，這可能使三方的敵意螺旋不斷上升，增加危機爆發的風險。 美國：世界經濟中心地位難撼動 雖然前路有險阻，但看到這樣言之鑿鑿的預測，中國大概會喜出望外。事實上，中國媒體和學界則多是警惕的聲音。 中國官媒旗下的《環球時報》認為，英國智庫經濟和商業研究中心做出的預測，有向美國和西方世界拉響「中國在加快崛起」警報的意味，要刺激、鼓動西方社會「行動起來」。 中國外交學院教授施展在接受媒體採訪時表示，即使中國經濟總量真的超越美國，也沒多大意義，因為討論國家實力，GDP是重要指標，但不能僅拿這一個指標來討論問題。比如，鴉片戰爭時大清的GDP是英國的很多倍。如果不去看經濟內部結構，以及各國在全球經濟當中的結構性位置，GDP第一有多大意義呢？ 這一觀點不無道理。杜大偉（David Dollar）向BBC中文介紹，一個國家在世界上的總體地位不僅僅取決於經濟規模。 其他相關因素還包括創新能力、優秀的大學、文化影響力和民主治理的質量。 美國的全球地位在特朗普時代有所下降，但在拜登總統的領導下似乎已經在恢復。 中國要想在這些軟實力領域與美國競爭，就必須做出很多改變。 1979年中美建交後，中國一直在同資本主義共存的框架內發展經濟，擴大影響力 回顧歷史，歷次世界第一強國的更替，都不是在經濟超越後完成的。吳靖表示， 如果我們回顧歷史，英國取代西班牙，美國取代英國。我們會發現，當一個崛起大國確立了它的經濟地位之後，還需要很長時間來更新其全球地位，有時候也需要一些歷史機遇。 以美國對英國的超越為例，美國在一戰前後工業產值上超越英國，但彼時美國奉行孤立主義，對國際事務參與度低，全球貿易依然以英國為中心，以英鎊結算。直到二戰之後，美國的經濟規模大幅領先英國，1944年布雷頓森林體系確立，建立以美元為中心的全球經濟網絡，美國才在事實上完成對英國的超越。 一個模型或許可以幫助我們理解中美在全球經濟活動中的位置。中國人民大學教授翟東升研究認為，全球各國的經濟活動可以看作圈層結構，美國處在中心圈層，為全世界提供貨幣流動性；第二層以日本、歐洲等發達經濟體為主，以高科技研發和高端製造業為主；第三層為中國、東南亞等國，以製造業為主；最外面的第四層，是中東等提供原材料提供國。這個模型，從中心到外圍，以人均GDP為指標，依次遞減。 中國在不遠的將來，將憑借人口優勢，將在總體規模上超越美國，但並沒有取代美國處於中心的地位。事實上，中國僅僅希望從第三圈層向第二圈層，將傳統製造業升級到高端製造業，就已經招致美國的打壓。 中美競爭實質：大國的政治悲劇 芝加哥大學教授米爾斯海默在其專著《大國政治的悲劇》中為我們描繪了這樣一幅國際圖景：國際體系是一個險惡而殘忍的角鬥場，當一國受到另一國威脅時，沒有供它們求助的更高權威，因為國際體系中沒有守夜人，而且國家永遠無法確信其他國家對它們不懷有敵意。 在這個角鬥場上，要想生存，國家別無選擇，只得為權力而相互競爭，大國必須盡可能多地獲得權力來保護自己，以防任何國家的挑釁，最理想的結果是成為霸權國，擁有如此多的相對權力來保證生存，同時防止其他區域出現霸權國。 米爾斯海默舉例，美國在西半球成為霸權國，因此曾全力阻止德國及蘇聯支配歐洲，阻止日本支配亞洲，而崛起的中國勢必尋求亞洲霸權，因為這是生存的最好保證，同樣美國也將一如既往地竭力阻止中國。 「美國單純試圖遏制或者阻止中國崛起，很難成功，甚至會導致惡性競爭，或引發地緣戰爭。」馬釗認為，歷史上鴉片戰爭以大清王朝全敗，開啟近百年中西熱戰，而朝鮮戰爭導致其後20年的中美冷戰，兩場戰爭的代價巨大，但是歷史依然走到了今天中國重新崛起的這一刻，這說明外部勢力是很難徹底改變中國。美國對華可以採取接觸、影響、警示、甚至有限脫鉤的政策，但是美國不可能憑借一己之力改變中國。 美國警察與闖入國會山的暴徒對峙。 與前幾次美國遏制德國、蘇聯和日本不同，當前的美國「內傷」嚴重。馬釗表示，從奧巴馬到特朗普，美國內部的極化爭鬥嚴重侵蝕了政治共識、道德共識，去年大選是對美國政治體制的一次壓力測試，而對特朗普的二次彈劾和國會山暴亂，說明這場測試慘淡收場。更重要的是拜登很可能只有一個任期，2024年美國又將迎來一次政治考驗。這都將損耗美國的「內力」，也必將影響美國的「外力」施展。 簡而言之，國與國的競爭猶如叢林，為了自身生存大國不得不努力攫取權力，遏制其他霸權國產生，因此中國崛起必然招致美國打擊，不同的是美國身患「內傷」，不得不一邊療傷，一邊出招。 米爾斯海默認為，如果生存是中國的最高目標，那麼中國別無選擇，只能像美國一樣，最大限度地佔有世界權力，其結果是中美間激烈而危險的競爭，而這正是大國政治的悲劇。 值得警惕的是，米爾斯海默寫下上述預言，是在近20年前，彼時中美間實力差距巨大。 20年過去，他的預言似乎實現在即。澳大利亞前總理陸克文在最近一場講座上表示，中美實力前所未有接近，而2020年代對中國和美國而言都是不成則敗（make or break）的關鍵時期，這對全球而言將是「危險的10年」。
https://www.bbc.com/news/uk-14782205,Eric Pickles plays down planning change fears,"Labour MPs accused the government of trying to ""steamroll through"" plans to streamline planning laws in England. Conservation groups say the plans could cause ""irreversible damage"". Minister Greg Clark told MPs the government would ""preserve the character of Middle England"" - but said the next generation also needed homes. Mr Pickles faced MPs' questions after he and Chancellor George Osborne said they were ""determined"" to press ahead with plans in a joint article in the Financial Times saying reform was ""key to our economic recovery"". Default answer The Draft National Planning Policy Framework, published in July, is meant to streamline more than 1,000 pages of policy to just 52. Among its ""core principles"" it says that those making decisions about planning applications ""should assume that the default answer to development proposals is 'yes' except where this would compromise the key sustainable development principles set out"". Mr Osborne and Mr Pickles said sticking with the ""complicated"" current system ""puts at risk young people's future prosperity and quality of life"" and indicated they were not planning a U-turn on proposals: ""No-one should underestimate our determination to win this battle."" In the Commons, Mr Pickles and his ministers were asked about the controversial plans by a series of MPs. Labour MP and historian Tristram Hunt mocked minister Bob Neill who reportedly described opposition to the plans as a ""carefully choreographed smear campaign by left-wingers based within the national headquarters of pressure groups"". Instead Mr Hunt criticised them as a ""charter for sprawl"" and suggested they were proof ""that you can't trust the Conservatives with the British countryside"". 'Steamroll through' Planning minister Greg Clark told him the Conservatives were also ""passionate defenders"" of the countryside, adding: ""We are determined that we shall preserve the character of Middle England, but young England needs a roof over its head too."" Shadow Communities Secretary Caroline Flint said there was concern across the country that the government was trying to ""steamroll through"" its planning changes. She accused the government of trying to ""bypass Parliament"" by publishing the draft framework during the summer recess. Mr Clark said that was ""total nonsense"" and accused her of failing to say whether she supported the plans. Ms Flint asked him to extend the consultation period on the draft framework and hold a Commons debate and vote on it ""so that Parliament and the country have the chance to debate these reforms properly"". Mr Clark said he had already committed to a debate on the issue and the consultation arrangements had been ""extensive"" and the government wanted ""the fullest possible debate on this"". Labour MP Toby Perkins picked up on a comment by Mr Clark that there was a ""crisis of housing and growth in this country that needs to be addressed by reforming the planning system"" and asked what it said about government policies. The minister said he was referring the crisis ""bequeathed to us by the last Labour government"". Asked by a Conservative MP if he would retain all current green belt protection, Mr Pickles told MPs: ""The green belt is protected under this coalition government - unlike the previous government which promised to build on it."" But Shaun Spiers, chief executive of the Campaign to Protect Rural England, said: ""The Treasury's ill-informed intervention in the planning debate reinforces the sense that the government's planning reforms are more about boosting short-term growth figures than about truly sustainable development."" He said it appeared Mr Osborne and Mr Pickles were ""unwilling to listen or to compromise"" on the issue and said the proposals threatened to cause ""irreversible damage to both our towns and countryside"". On Saturday, planning minister Greg Clark said he had agreed to talk to opponents of the proposals to address ""particular aspects"" which were unclear."
https://www.bbc.com/news/uk-northern-ireland-53902793,Storm Francis: 37 people rescued from flooding,"In Newcastle, County Down, elderly residents were evacuated from the Shimna Road and the Bryansford Road after the Shimna river burst its banks. And in Draperstown, County Londonderry, nine people were rescued from inside a house, along with four outside who were trying to help. A yellow weather warning remains in place until 06:00 BST on Wednesday. Northern Ireland Fire & Rescue Service (NIFRS) said that between midnight and 20:00 on Tuesday, it responded to 28 flooding incidents across Northern Ireland, including in the Newcastle, Maghera, Draperstown and Cookstown areas. A spokesperson said: ""This was a very challenging period for our regional control centre personnel. ""They deployed flood rescue teams and our specialist rescue team to work alongside local operational crews. ""The weather forecast has now improved and NIFRS flood response has now been scaled back."" Major disruption Downpours and flooding have caused disruption across Northern Ireland. Roads and transport lines closed as a result. Newry Mourne and Down District Council launched an emergency plan to deal with the flooding. At the scene: By Sara Girvin, BBC News NI A normal day in late August would see Newcastle bustling with visitors, squeezing the last days from the summer season. But Storm Francis had other ideas. The Shimna and Bryansford roads stand in the shadows of the misty Mournes. It's a picturesque place to live, but today some residents had to be evacuated as floodwaters rose and entered their homes. Nearby St Mary's Primary School had to close this morning, when rising waters blocked the main entrances. The children had only just returned after months off due to the pandemic. Despite all this, along the seafront there are still some tourists and day trippers clad in shorts and T-shirts, dodging the downpours, determined to explore the town. Just a few streets away, all attentions turn to high tide which is due between 16:00 and 17:00. People are piling sandbags and clearing rooms, hoping the worst has already passed. The Department for Infrastructure said a multi-agency response was taking place in the town and staff had been on the ground assisting residents and distributing sandbags. It said that water levels were being closely monitored and conference calls between agencies had been taking place since Monday. Anybody wishing to report flooding can contact the flooding incident line on 0300 2000 100. Visiting Newcastle, Infrastructure Minister Nichola Mallon said her department had been working tirelessly to plan and protect communities across Northern Ireland. ""The work of staff in Rivers and Roads has been exceptional, doing all they can, night and day and dealing with everything the storm has thrown at them to keep us safe,"" she said. ""But it is clear their work would not be successful without the co-operation of the local community and our partners. ""I am giving my commitment and assurance that the flood alleviation scheme will be delivered for this area as quickly as possible. ""My officials advise that we hope to have the scheme on the ground by summer 2021, but I am asking for that to be escalated to explore any options to get work brought forward."" 'Disaster zone' SDLP MLA Colin McGrath said up to 300 homes in the town had been affected. He said it was ""like a disaster zone"". ""A number of streets are submerged under about 3ft (0.91m) or 4ft (1.2m) of water, there are cars that have had to be abandoned and there are people that have had to be rescued from their home,"" he said. Mr McGrath said shelter was available at the Newcastle Centre for those who had to abandon their homes. Local Sinn Féin councillor Willie Clarke said they were preparing for high tide in the area, which was due at 16:00 BST. ""A lot of people have already been taken to other people's houses, elderly people, in their 80s or 90s,"" he said. He said the priority was trying to get sandbags to people whose homes had not yet been flooded. Elsewhere, Angela Lagan, said the Moyola River had breached its banks near Lisnamuck Bridge, a townland near Maghera. ""The fields near me are flooded, the fields are like lakes,"" she said. ""A neighbour said he had been out since noon moving animals from his fields. Fields were reseeded this week and there is a massive loss of tillage. ""One side of the Ballyhagan Road is cut off due to the level of water - the water is level with the road."" Analysis By BBC News NI weather forecaster Cecilia Daly Looking at rainfall totals since midnight, it is fair to say that 40mm to 50mm have fallen in and around the Sperrins and the Antrim hills. Orlock Head on the Ards Peninsula recorded a wind gust of 60mph. It is still raining, and is expected through the remainder of the day on Tuesday and into the night. The rain however will turn more showery and less persistent. Winds will ease temporarily in some areas this afternoon as the centre of Storm Francis moves eastwards across the middle of the island of Ireland, but will strengthen towards the north coast and change direction. Northerly winds will develop as the low pressure system passes by and gusts of 50mph are possible on exposed parts of the north coast later on Tuesday and through the evening. Winds will generally decrease overnight and into Wednesday morning. The current Met Office yellow rainfall warning in Northern Ireland is valid until 06:00 BST on Wednesday and a status Orange rainfall warning for Connacht, Cavan, Monaghan and Donegal issued by Met Éireann is valid until 18:00 local time. In Rostrevor, the Fairy Glen river has burst its banks and has caused some flooding. Independent councillor Mark Gibbons said there were safety concerns about people coming to have a look, and he had asked the council for the entrance to the area to be blocked off. ""You will have people who will want to get a nosy at it, people might want to get a picture for social media, so they could put themselves in danger, and potentially fall into it,"" he said. ""A lot of locals are saying it is the highest they have ever seen it."" Storm Francis was named by the UK Met Office on Monday - it is the seventh named storm of the season and the second storm in a week to affect the UK and Ireland. It has been battering areas across the UK."
https://www.bbc.com/korean/news-48036756,북송 위기 탈북자 가족 '9살 제 딸의 강제북송을 제발 막아주세요',"""지금도 눈을 감으면 딸이 엄마가 보고 싶다고 울면서 말하던 그 목소리가 귀에 생생하게 들려와 심장이 마르고 억장이 무너집니다."" 30일 오후 5시 서울 중국대사관 앞에서 열린 탈북자 강제북송 중단을 요구하는 기자회견 현장. 한국의 대북인권단체인 북한정의연대에 따르면 4월 28일 중국 선양 외곽지역에서 탈북자 7명이 체포됐다. 그 중에는 9살 최모 양도 포함됐다. 이들은 4월 초 압록강을 넘어 선양 외각의 은신처에서 이동을 기다리던 중 중국 공안에 발각됐다. 북한정의연대 정 베드로 대표는 ""탈북 소녀 최양과 삼촌을 포함한 7명의 탈북 동포들이 체포됐다""며 ""최양의 어머니가 즉각 중국에 있는 선양 영사관에 이러한 사실을 알리고 보호 요청을 했다""고 전했다. 먼저 한국에 입국한 최양의 어머니 강모씨는 딸의 강제북송을 막아달라고 중국대사관에 눈물로 호소했다. ""저희 어린 딸이 죽음을 각오하고 힘들게 도강한 저희 딸을 제발 중국 대사님께서는 불쌍히 여기시고 중국 정부는 저희에게 자비를 베푸시고 생명을 살린다는 생각을 하시면서 한번만 사랑하는 엄마의 품에 저희 딸을 안겨 주십시오."" 하나뿐인 여동생을 기다리는 언니의 간절함도 울려 퍼졌다. ""언니를 어찌하면 볼 수 있냐고 해서 한달만 기다려 달라고, 오는 길에 힘들어도 이겨내라고 마지막 통화를 했는데 중국에서 이런 일이 터져서 저는 너무 마음이 아픕니다. 그러니 제발 동생 북송 안되게 도와주시면 안되겠습니까? 제발 부탁드립니다."" 기자회견장에 함께한 태영호 전 주영국 북한 공사는 모두가 한 목소리를 낼 때 기적은 일어날 수 있다며 이들이 강제북송되지 않도록 힘써달라고 한국과 중국 정부, 시민사회단체, 언론 등에 호소했다. ""우리 다 함께 부모가 된 심정에서 어머니와 함께 설을 쇠고 싶다던 그 어린 딸이 하루 빨리 어머니 품에 안기도록 우리 함께 노력합시다."" 이와 관련해 한국 외교부는 필요한 조치를 취하고 있다고 밝혔다. 정 베드로 대표는 탈북자들이 중국 공안에 체포되면 평균적으로 보름 내에 강제북송이 이뤄진다며 한국 정부가 즉각 나서지 않는 한 이들은 북송될 수 밖에 없을 것이라고 지적했다. 아울러 통일한국을 지향하는 만큼 한국 정부는 인류 보편적 가치로서 이들을 위해 빠른 조치를 취해야 한다고 정 대표는 덧붙였다."
https://www.bbc.com/zhongwen/trad/china/2016/01/160116_taiwan_election_2016_dpp_intro,台灣民主政治4.0版與新執政黨介紹,"如將1996年台灣首次舉行的公民直選，代表國民黨的李登輝獲選視為台灣民主政治的1.0版；那在2000年政黨首次進行輪替，民進黨陳水扁當選即可視為2.0版；待2008年代表國民黨參選的馬英九獲勝，形成政黨再度輪替，就可稱3.0 版。 故今次政黨輪替再輪替的結果，足可堪稱為「台灣民主政治的4.0版本」。 在對照目前世界上諸多政治實體的經驗看來，「政黨輪替」如已成為一種常態性的政治演變，那目前台灣的政治現態，或已具有深化型的成熟民主體制。 另在同時舉行的立法委員選舉中，原反對黨民進黨也囊括了超過半數的國會席次，即全面執政的局面；此種「完全執政」在政黨政治上的意義，也往往代表了其將對施政結果亦需「完全負責」。 新執政黨--民主進步黨 台灣作為「華人民主政治的試驗場」，所有的政情變化廣受各界關注，但相對於有百年歷史的中國國民黨，更為年輕的民主進步黨，對於散佈全球的億萬華人來說，確是較為陌生。 而這個自1996年台灣首次公民直選總統的20年來，已在共六次的選舉中三次掄元的最新執政黨，其歷史軌跡和政治主張為何？BBC中文網在此為大家作了以下的整理。 歷史背景 1949年，由中國國民黨執政的中華民國政府因國共內戰失敗撤退至台灣，並在島內實施戒嚴，使人民的參政權受到一定的限制。 到了1979年時，諸多反國民黨人士向當權者要求民主自由，並要求終結黨禁和戒嚴；這個史稱「美麗島事件」的政治事件在許多程度上，算是台灣近代政治史上反對聲音結盟的初始；可直到1980年代，所謂黨外（反國民黨人士的泛稱）實力，才算得到更有效的整合。 1985年組成的「黨外中央選舉後援會」，堪稱民進黨的前身。其提名的11人，在當年的台北市議員選舉，全數當選。 1986年7月，有所謂的「建黨十人小組」（(費希平、傅正、尤清、江鵬堅、張俊雄、周清玉、謝長廷、游錫堃、陳菊、黃爾璇），開始進行民進黨組黨事宜。 民主進步黨正式成立 1986年9月28日，由132人與會的「1986年黨外選舉後援會」，在台北市圓山大飯店二樓敦睦廳開會，主要系討論當年底將舉行的國民大會代表及立法委員選舉的輔選事宜，但席間朱高正提案要求立即組黨，並獲得與會人士的熱烈響應，會中決定由謝長廷及尤清主張的「民主進步黨」作為黨名。 但一直到了當年的11月10日，黨章與黨綱才決定；並由黨內的11位中常委選出江鵬堅為首任黨主席。 民進黨創黨黨綱中明定：台灣的前途由台灣全體住民，以自由、自主、普通、公正、平等的方式共同決定，並標舉出台灣住民自決的主張。 民進黨在成立後，曾多次發動街頭遊行，向執政當局爭取解除戒嚴與其他公民的權力。 1987年7月15日，蔣經國總統宣佈解除戒嚴令，黨禁也隨之解除，民進黨則是持續參與台灣政治，並提出總統直選的要求。 民進黨的兩岸關係主張 1988年4月17日，民進黨通過了「四個如果」的決議文，即「如果國共片面和談、如果國民黨出賣台灣人民利益、如果中共統一台灣、如果國民黨不實施真正的民主憲政，則民進黨主張台灣獨立」。 1989年，民進黨部份成員參與了支持中國八九民運的絕食運動。 1995年施明德擔任民進黨主席，於當年9月在美國華盛頓特區的一場國際記者會上表示「台灣已經是一個主權獨立的國家，民進黨執政，也不會宣佈台灣獨立……」 1999年，為因應2000年總統大選，民進黨通過的「台灣前途決議文」宣稱，台灣「事實上」已成為一個主權獨立的民主國家，「其主權領域僅及於台澎金馬與其附屬島嶼，以及符合國際法規定之領海與鄰接水域」。台灣「固然依目前憲法稱為中華民國，但與中華人民共和國互不隸屬，既是歷史事實，也是現實狀態」； 「台灣前途決議文」主張，任何有關獨立現狀的更動，都必須經由台灣全體住民以公民投票方式決定。 1994年，民進黨推出立法委員陳水扁，與首次接受民意考驗的國民黨籍官派市長黃大洲和新黨提名的趙少康，競選台北市長，最後在國民黨和新黨互搶票源的情況下，陳水扁贏得選舉。 2000年陳水扁與美麗島事件參與人、時任桃園縣縣長的呂秀蓮參選正副總統，最後以2.5%的差距超過第二高票的宋楚瑜勝選，為台灣歷史上首次政黨輪替。 2004年陳水扁與呂秀蓮的「水蓮配」以近三萬票（0.228%）的差距超過連戰、宋楚瑜的「連宋配」連任成功。但在距投票時間不到20小時前，發生了戲劇性的319槍擊案，被諸多民眾視為影響選情結果的關鍵因素。 2007年3月4日，陳水扁總統在台灣人公共事務會（FAPA）二十五週年慶晚宴上，提出「台灣要獨立、台灣要正名、台灣要新憲、台灣要發展，沒有所謂的左右路線問題，只有獨統問題」的「四要一沒有」要求。 2008年蔡英文於民進黨主席選舉中，獲得73,865票，成為民進黨第12屆黨主席，其亦為民進黨史上第一位黨員直選選出的女性黨主席。 2016年民進黨推薦的蔡英文，贏得第十四任中華民國總統選舉。 民進黨組織結構 全國代表大會是民進黨的最高權力機構，每年由中央執行委員會召集一次，主要職責包括修改黨綱、黨章、選舉或罷免中央執行委員會委員等。 黨主席當選方式：在野時為黨員直選，任期2年，可以連任1次；執政時由總統兼任，任期則與總統任期相同。 中央評議委員會有委員11人，對黨的各項工作進行監督，由全代會選舉產生。 中央黨部下設國際事務部、組織推廣部、新聞輿情部、社會發展部、婦女發展部、青年發展部、客家事務部、原住民事務部、媒體創意中心等9個部，財務委員會、政策委員會等2個會，以及1個民意調查中心、1所黨校（台灣民主學校）和1個智庫（新境界文教基金會）。 根據2014年黨主席選舉，有投票權的民進黨員約14萬人。 （責編：友義） 如果您對這篇報道有任何意見或感想，歡迎使用下表給我們發來您的意見："
https://www.bbc.com/news/uk-57338465,Foreign aid: More Conservative rebels join bid to reverse cuts,"Thirty Tory rebels, including former prime minister Theresa May, have now promised to back a bid to increase aid spending in 2022. Next week's planned Commons vote will come in the same week the government hosts world leaders at the G7 summit. A minister said despite the ""temporary"" cut, the UK remained ""one of the largest donors of aid in the world"". The rebels want to restore aid spending to 0.7% of national income from next January, after ministers reduced it to 0.5% this year, a cut of almost £4bn. The group is hoping to use a technical procedure, involving an amendment to a new law setting up the UK's new ""high risk"" science agency, to bring about the change. The aid reduction has meant millions of pounds less is being spent on supporting girls' education, reproductive health, clean water, HIV/AIDS, the humanitarian crisis in Yemen and Syria, and hundreds of other projects. Charities warned that millions of women and children would not receive food and support and have predicted that more than 100,000 people could die as a result of the government's decision. The United Nations Secretary General, Antonio Guterres, has described the aid cuts as a ""death sentence"". Ambush The reductions to the overseas development assistance budget were introduced by the government this year without a vote, in part because ministers feared defeat at the hands of MPs. Initially ministers conceded the change would require a change to the 2015 law, passed during the Tory-Lib Dem coalition, which made the 0.7% target legally binding. But in March, Boris Johnson argued a change would not be required because the current law allows the target to be temporarily missed in exceptional circumstances. The government has promised to restore spending to the 0.7% level ""when the fiscal situation allows"" - but has not specified a date. Critics have argued the decision to cut spending without changing current legislation is unlawful, and have been looking for an opportunity to test opinion in the Commons. On Thursday, former Tory premier Theresa May, her former de facto deputy PM Damian Green, former Welsh secretary Stephen Crabb and former defence minister Johnny Mercer joined those supporting the rebellion. It means there are now 30 Tory MPs supporting the amendment, including seven former cabinet ministers. Former International Development Secretary Andrew Mitchell - who is leading the rebellion - said he was confident of finding the 45 or so Conservative rebels needed to defeat the government. He said more Conservative MPs were coming forward to support the amendment to ""stand by"" the party's manifesto promise to spend 0.7% of national income on aid. On Wednesday, Mr Mitchell tabled his amendment to the Advanced Research and Invention Agency Bill. The bill, which would set up a new agency designed to come up with innovative policy, is due to receive detailed scrutiny in the Commons on Monday. Mr Mitchell's technical amendment would oblige the new agency to make up any shortfall in aid spending if the government were to miss the 0.7% target. Whitehall officials are studying whether the amendment is likely to be considered within the scope of the bill. It will be up to Commons Speaker Sir Lindsay Hoyle to decide on Monday whether it should be put to a vote. 'Very difficult decisions' One of the Conservative rebels, Caroline Nokes, said the group had put ""an awful lot of work"" into designing their amendment, and she was ""very hopeful"" it would be selected. But, speaking to BBC News, she added the group was ""entirely in the hands of the Speaker at this point"". Labour's shadow international development secretary Preet Kaur Gill said the aid cut had ""risked lives"" during the pandemic and undermined the UK's credibility as a ""leader on the greatest global challenges"". She urged ministers to ""do the right thing"" ahead of the G7 summit and reinstate the UK's commitment to spending 0.7% on foreign aid. Responding to the move, Home Office Minister Victoria Atkins said the cut was a ""small temporary reduction,"" and the UK still remained ""one of the largest donors of aid in the world"". She told Sky News: ""The prime minister has made clear that this is a temporary measure. ""In 2019, no one could have foreseen the extent of the pandemic and the measures we were going to have to take as a country in order to deal with this; it has had a huge impact on our economy."" ""So we've had to make some very, very difficult decisions,"" she added. ""I do believe we still have a record of which we can very much hold our head up high in terms of international development."""
https://www.bbc.com/news/uk-england-manchester-54674924,"Man fined £10,000 after 50 attend Manchester party","Indoor gatherings are banned as the city tries to curb the spread of coronavirus. Officers said they fined the party organiser after also finding DJ decks, large speakers and a buffet in the flat in Simpson Street, Angel Meadows. Greater Manchester Police said it had issued 52 fines since tier three rules came into force in the area on Friday. Assistant Chief Constable Mabs Hussain said: ""This party was a blatant disregard of the rules and for public health. ""It is totally unacceptable in the current crisis the whole world is facing and is not what we want our officers to be spending their time doing. ""We had no alternative but to issue the maximum penalty for breaching the legislation on large gatherings and I hope this serves as a reminder to those considering to flout the rules - we will take action."" Why not follow BBC North West on Facebook, Twitter and Instagram? You can also send story ideas to northwest.newsonline@bbc.co.uk Related Internet Links Greater Manchester Police"
https://www.bbc.com/news/world-us-canada-51761233,Elizabeth Warren: Where did it go wrong for her?,"Anthony ZurcherNorth America reporter@awzurcheron Twitter Many point to her shifting her support from an immediate push for universal government-run healthcare as president to a phased transition. It caused liberals to stick with Bernie Sanders and centrist to have their doubts about her - all on an issue that, unlike ethics and economic reform, was never her top priority. Others suggest she was harmed by hesitant performances in the debates that mattered - before the Iowa and New Hampshire contests. Her strongest effort came with her vivisection of Michael Bloomberg in Las Vegas, which was buried by Sanders's win in the Nevada caucuses. While her showing may have given her a fund-raising boost, it was too late to help her at the ballot box there . Then there's the issue of sexism. Four years after Democrats chose Hillary Clinton to be their nominee, voters may have been reluctant to opt for another woman atop the ticket. This hesitance was seldom explicit. Instead it displayed itself in concerns about ""likability"" or ""electability"", and what hypothetical swing-state voters might think of her. It also sometimes reared its head in Warren's media coverage, where her healthcare backtracking received considerably more criticism than similar pirouettes and hedging by Pete Buttigieg and other male candidates. The US will elect its first woman president someday, but it will not be in 2020. Instead, the concern of the moment moves to who Warren might endorse for president - Sanders or Joe Biden - or if she will weigh in at all. Given their ideological similarities, Sanders seems like the obvious choice - despite their personal conflicts in the past few months. A less likely move would be to back Biden, but there would be some value in it for her if she could leverage some concessions from his camp, such as the promise of being his treasury secretary with a free hand to run the department as she sees fit. Warren may be fairly confident a Sanders administration would do the right thing, policy-wise. She may not be so sure about Biden, which is why elbowing her way into the a top admin post would be valuable. Then there's the fact that, at least for now, Biden seems to be in a better position to get the nomination than Sanders, so aligning with the winning side always has its benefits. Of course, you can't discount the absolute rage and sense of betrayal a Warren endorsement of Biden would provoke on the progressive left. Her social media accounts would disappear beneath an avalanche of snake emojis. There's also a strategic downside. If she wanted to run as the progressive standard-bearer in 2024, crossing Sanders now would be deadly. While her campaign didn't end close to the way she would have liked, Warren has some interesting choices to make in the days ahead."
https://www.bbc.com/news/education-49597787,When truth trumped propaganda in wartime,"By Sean CoughlanBBC News family and education correspondent The ""enormous pyramidal structure of glittering white concrete"" in Bloomsbury had been the Ministry of Information during World War Two. It was a building Orwell knew well, not least because his wife Eileen O'Shaughnessy worked there in the censorship department. But there was another secret operation taking place in Senate House. The Ministry of Information wanted to know what the public was thinking. How were people responding to the bombing raids? What rumours were circulating? What was really irritating the public? 'We want the truth' So every day and then weekly, a report was gathered by local intelligence officers across the country, feeding back information to Senate House about what people were saying in pubs, shops, workplaces and air-raid shelters. When a city was blitzed, the intelligence operation was there soon afterwards listening to what people were saying on bombed streets and the state of their morale. All these reports, tracking swings in the public mood, are being made available online. Historian Simon Eliot has been researching this archive of ""home intelligence"" - and says it fundamentally altered how the war was fought on the home front. ""People were saying, 'We want the truth, even if it's bad. We want to be treated as adults',"" said Prof Eliot, who is based in Senate House, in the University of London's School of Advanced Study. ""It quickly dawned on the Ministry of Information that this was critical."" ""What comes through very strongly is, 'Don't patronise us, don't treat us as children. We'll feel much better if we know where we stand."" There was an immediate response from the government and posters which seemed to be implausibly smug or propagandistic were pulled down. There was an attempt, without divulging military secrets, to be as open as possible in news and to provide accessible information about how and why the war was being fought. Propaganda leaflets Prof Eliot says the reports on morale show a remarkable confidence in eventual victory - but also a public that expected to be treated as equal partners. In the wake of a bombing raid on Portsmouth, the intelligence reports warned of ""distrust and indignation"", not at the destruction but because the extent of the damage had been underplayed in news reports. While from a military perspective, there was an instinct to give less information - the reports showed public anger if the severity of attacks, which they had witnessed with their own eyes, seemed to have been glossed over. When the Nazis dropped propaganda leaflets, people were annoyed when the authorities tried to stop them reading them. ""Not because they would believe them,"" says Prof Eliot. ""But because they liked to hear another view."" 'Class bitterness' There was intense sensitivity about how civilian populations would cope with air raids - but the intelligence reports showed that rather than undermine morale, they seemed to have the opposite effect, hardening resolve and deepening hostility towards the enemy. But there were tensions. ""Class bitterness"" was reported with bombed-out people in London's East End threatening to march to the ""West End to commandeer hotels and clubs"". There were also concerns about what happened during raids - with reports of ""blatant immorality in shelters"" and warnings about looting. The persistence of anti-Semitism was reported frequently. It was explained as a ""scapegoat as an outlet for emotional disturbances"", but it was enough of a problem to have a separate report commissioned. This found examples of prejudice against Jewish people, including refugees from Nazi-occupied Europe, in almost all of the 12 regional divisions used by the intelligence services. But elsewhere there were signs of tolerance. When the United States entered the war, the ministry found strong public opposition to any discrimination against black servicemen. 'Fire and destruction' These were secret documents, intended for a very limited circulation, and they could be blunt in their assessments. ""Plymouth as a business and commercial centre of a prosperous countryside has ceased to exist,"" said an intelligence report after an air raid. ""Conditions of living now almost impossible and great feeling in dockside areas of living on island surrounded by fire and destruction,"" said a report on the bombing of London's docks. There was great attention to how news was presented. A BBC News announcer was described as: ""Too pompous and heavy, almost as if the Nazis had taken over already."" The intelligence gatherers wanted to know how the public saw the enemy and whether there was an appetite for revenge. When people saw pictures of French women, accused of collaborating with the Nazis, having their heads shaved by mobs, this went against the public mood. A report from September 1944 described the response as ""sadistic methods of punishment are just what we are fighting against"". 'Nuns and parachutists' With official news being controlled, the intelligence reports focused regularly on the rumours circulating. There were invasion scares, claims of secret weapons, double agents and disguises and in Newcastle there were stories of messages being written in German on the pavements. In May 1940, a report wryly notes: ""Stories about nuns and parachutists are little in evidence today."" Prof Eliot says that as well as a determination to win the war, the reports show a strong sense of people expecting to win the peace. He says there are repeated messages about families wanting a better and fairer future. A report quotes a young man promising that after the war ""the old-school tie will be burned at the stake"". Open society The Ministry of Information, says Prof Eliot, realised that if people thought they were fighting for a more democratic future, this had to be reflected in how news about the war was presented. It had to be fundamentally different from the dictatorships of Nazi Germany and Soviet Russia that shaped Orwell's vision of a Ministry of Truth. ""It was a case of, 'We've got truth on our side, we're going to use it as a weapon. And we can't do the same as the Germans or the Russians',"" says Prof Eliot. ""We are defending an open society - and to an extraordinary extent it remained an open society. ""Their practice was as far as possible to get the information out. ""There was a clear feeling that we were fighting the war for freedom, democracy and the truth - and those things were indivisible."""
https://www.bbc.com/zhongwen/trad/china/2016/07/160706_taiwan_typhoon,強烈颱風「尼伯特」進逼台灣發警報,「尼伯特」颱風的威力據稱是近年來最強的一個颱風。 「尼伯特」是今年第一個緊逼台灣的颱風，台灣的中央氣象局說，這個颱風的七級風半徑為200公里、十級風半徑為80公里。 由於擔心農作物受損，台灣的農民也正在搶收農作物，目前蔬菜價格也出現上漲。 台灣氣象局表示，強烈颱風尼伯特颱風中心目前在花蓮東南方海面，向西北西移動，其暴風圈正逐漸朝台灣東半部海面接近，對台灣東部、東南部陸地構成威脅。 從路徑圖來看，「尼伯特」颱風可能在7日晚間，從台灣東部的花蓮登陸。 從台灣中央氣象局發佈的路徑預測圖來看，台灣本島有可能在7日早上進入「尼伯特」颱風的暴風圈。 台灣本島及周邊島嶼大約在8日可以脫離暴風圈，但是隨後「尼伯特」將撲向福建，路徑預測圖顯示，「尼伯特」進入中國東南沿海地區之後將向北轉向。 未來「尼伯特」颱風可能在10日風力減弱之後影響中國的浙江、山東、河北以及朝鮮半島西側一帶的天氣。 台灣政府已經下令各有關部門待命，行政院長林全也到中央災害應變中心視察，而因為颱風的威脅，台灣的航空公司也在凖備調整航班因應，多家航空公司已經宣佈取消7日下午的國內航班，從其他地區飛往台灣的航班也多半取消。 如果路徑不變的話，蘭嶼、綠島等台灣的東岸離島、日本沖繩縣屬下的八重山列島將在7日晚間首先進入「尼伯特」颱風的暴風圈，日本的媒體形容「尼伯特」颱風是半個多世紀以來威力最強的一個「超級颱風」。
https://www.bbc.com/news/uk-wales-55003204,Bridgend ironworks damaged by vandals twice in a month,"Bridgend's Bedford Ironworks was found with its front gate lock cut off and a wall damaged inside. A council leader said the two recent incidents of vandalism at the site were ""sad"", coming after repairs costing £600 were carried out last year. Police are investigating the vandalism as a heritage crime, and officers are patrolling the area. Council leader Huw David said: ""I'm sad to hear that this nationally important site has been damaged by vandals. ""The Bedford Ironworks is very significant in the history of the development of industry in South Wales."" A new lock has now been fitted at the site, which is currently closed for repair work to be carried out to the blast furnace. The works, one of the most complete examples of their kind in Britain, were built by John Bedford who moved into the area in 1770. He built a blast furnace in the 1780s and sank pits to mine ironstone and coal, as well as founding a forge and brickworks. The ironworks began to decline after his death in 1791 but coal mining and brick making continued throughout the 19th Century and ceasing after World War One. The monument is classed as of national importance for its potential to enhance and illustrate knowledge and understanding of the development of the iron industry in Wales."
https://www.bbc.com/news/health-49879667,Are we ready for men to take the pill?,"By Prof Lisa Campo-EngelsteinAlbany Medical College Yet despite encouraging news reports, an over-the-counter version is not just around the corner. Lack of funding and presumed disinterest from men means that one has never been mass produced. Instead, women are still generally expected to take responsibility for not getting pregnant. However, research suggests many men would embrace the pill if it was available. A third of sexually active British men say they would consider using hormonal contraception, such as the pill or the implant. This is the same percentage of British women who currently use such medication. Eight out of 10 people in the survey said contraception should be a shared responsibility. Meanwhile, 77% of sexually active American men aged 18-44 surveyed are ""very or somewhat"" interested in trying out a male contraceptive other than condoms or vasectomy. So, could public acceptance, alongside a relaxation of gender roles, lead to the male pill becoming a reality? Which contraception is the most common worldwide? Just over a third of reproductive-age couples worldwide do not use any contraception at all, according a UN study. But when it is used, female contraceptives are by far the most common choice. About 19% of women who are married or in relationships rely on sterilisation, 14% on the coil, 9% on the pill, and 5% on injections. Contraceptives that directly involve men are much less common; 8% rely on condoms and only 2% on vasectomy. This has not always been the case. Before the pill, men had to participate in contraception, for example by using a condom. When the female pill was mass produced in the early 1960s, for the first time women could control their fertility without their sexual partner's involvement or knowledge. Today, more than 100 million women are currently on the pill, and it is the most common form of contraception in Europe, Australia and New Zealand. It is the second most popular in Africa, Latin America, and North America and the third most popular in Asia. Through the decades the pill has liberated many women, allowing them to postpone or prevent motherhood in favour of other opportunities, such as higher education and employment. This is one reason why it is often viewed as a key milestone for women's rights, and one of the greatest inventions of the 20th Century. But as society moves toward greater gender equality, it is striking that women remain the ones who have to experience the emotional, social, financial, and time-related burdens of contraception, not to mention the side effects. So why don't we have a male pill yet? It only took a decade for the female pill to be made widely available after it was invented. So why is it taking so long to market the male pill, which was first trialled in the 1970s? Some scientists claim that the science of developing male contraceptives is more complicated than developing female contraceptives. The male pill works by halting sperm production, but the level of hormones needed to do this can cause side effects. There are social and economic factors at play as well. The field of reproductive science and medicine has mainly focused on women's bodies, neglecting men's. For instance, pretty much everyone knows what a gynaecologist does, yet relatively few will have heard of an andrologist, a doctor who specialises in the male reproductive system. Research on the male pill not only started decades after the female pill, it has also been held back by lack of funding. This is partly because pharmaceutical companies, regulators, and men themselves appear less accepting of potential side effects. While certain symptoms are considered acceptable in female contraceptives, because they are weighed against the risks of pregnancy, they are often viewed as ""deal breakers"" for male contraceptives, because the comparison group is healthy young men. Additionally, common side effects of the female pill such as weight gain, mood swings, and lowered sex drive are often seen as emasculating. Research on the ""clean sheets"" pill, a male contraceptive that enables a semen-free orgasm, has stalled for similar reasons, because ejaculation is seen as an important component of male sexuality. Whether women will trust men with contraception is frequently mentioned as a deterrent. But research even from several decades ago suggests women in long-term relationships are likely to trust their male partners, but are reluctant to trust men with contraception when it comes to casual sex. 'Women's work'? Since contraception is arguably seen as ""women's work"" there is an assumption that men won't use contraception. Yet gender roles are changing, and men today are more likely to share in household and childcare responsibilities. This rebalancing may extend to contraception, with studies suggesting younger men are more likely to see it as a shared responsibility. Certain groups of men, particularly those who are more educated, affluent, and place less importance on traditional gender roles, are more likely to be supportive of, and even eager for, male contraception. While welcome, the mass availability of a male pill will not ensure its usage, an issue we have also seen with sterilisation rates. While male vasectomy was invented almost 200 years ago, female sterilisation is 10 times more common worldwide despite being less effective, more expensive, and more prone to complications. Greater gender equality is a necessary first step in removing social and economic barriers to developing male contraceptives. We have been waiting 50 years for a male pill, let's not wait another 50. What is 100 Women? This analysis piece was written by an expert working for an outside organisation. It was commissioned for the BBC 100 Women season 2019. Lisa Campo-Engelstein, one of this year's 100 Women, is a bioethicist specialising in reproductive ethics. She is an associate professor at the Alden March Bioethics Institute and Department of Obstetrics & Gynaecology at Albany Medical College in New York. BBC 100 Women names 100 influential and inspirational women around the world every year and shares their stories. It has been a year of huge change around the globe, so in 2019 BBC 100 Women is asking: ""What could the future look like in 2030?"". From the architect planning to rebuild Syria, to a designer of the Mars helicopter, many on the list are at the cutting edge of their fields, and throughout the season will give us their prediction of what life looks like in 2030. Others, such as the ""ghost"" politician defying the mafia, and the footballers battling misogyny, are blazing a path for their fellow women in tough conditions. You may also like: Find us on Facebook, Instagram and Twitter and use #100Women Edited by Eleanor Lawrie"
https://www.bbc.com/news/world-latin-america-55670318,Covid-19: Brazil hospitals 'run out of oxygen' for virus patients,"The city, in Amazonas state, has seen a surge of deaths and infections. Health professionals, quoted by local media, warned ""many people"" could die due to lack of supplies and assistance. Brazil has recorded more than 205,000 virus deaths - the second-highest tally in the world, behind the US. A new coronavirus variant has recently emerged in Brazil, with several cases in travellers arriving in Japan traced back to the Amazonas region. Amazonas suffered heavy losses in the first wave of the pandemic but is also being badly hit by a new rise in infections. Refrigerated containers were brought to hospitals to help store bodies last week, as authorities declared a state of emergency. Jessem Orellana, from the Fiocruz-Amazonia scientific investigation institute, told the AFP news agency that some hospitals in Manaus had ""run out of oxygen"" with some centres becoming ""a type of suffocation chamber"" for patients. The researcher told Brazilian media she had received reports from the front-line of ""dramatic"" scenes playing out in some hospitals. Reports in the daily Folha de Sao Paulo newspaper described desperate staff having to try to keep patients alive through manual ventilation. In a widely shared video from the region, a female medical worker asks the internet for help: ""We're in an awful state. Oxygen has simply run out across the whole unit today."" ""There is no oxygen and lots of people are dying,"" she says in the clip. ""If anyone has any oxygen, please bring it to the clinic. There are so many people dying."" Amazonas Governor Wilson Lima said the state was ""in the most critical moment of the pandemic"" and has announced a nightly curfew will begin at 19:00 local time (23:00 GMT) on Friday to try to stem the spread. Marcellus Campelo, a local health secretary, said the state needed three times the amount of oxygen it can produce locally and appealed for help. Brazil's vice-president shared images on Twitter of the air force transporting hospital supplies, including oxygen cylinders and stretchers, to the city as reports of the situation spread throughout the country. Health officials also say some patients will be airlifted to other states for treatment due to the demand for intensive care units, Reuters reports. Felipe Naveca, deputy director of research at the state-run Oswaldo Cruz Foundation, told the BBC's South America correspondent Katy Watson that the new variant had evolved separately from those in the UK and South Africa, but that it showed some of the same characteristics: ""Some of these mutations have been linked to increased transmission and that is of concern."" Mr Naveca said that they did not yet have any data to suggest that existing vaccines would be any less effective against the new variant. ""We have to do a lot more sequencing of samples to answer that question,"" he said. However, on Thursday UK officials announced a ban on travellers from South America, Portugal and Cape Verde due to the new strain."
https://www.bbc.com/news/uk-20020451,Boycott police commissioner vote - ex-Met chief Blair,"Each commissioner would have to control too large an area, he said. And he told the Sky News Murnaghan programme the only way to stop the proposal was to refuse to take part in the elections. Home Secretary Theresa May said the commissioners will, for the first time, have a democratic mandate over police. Voters in all parts of England and Wales outside London will elect a person to oversee each police force on 15 November. The police and crime commissioners will replace police authorities in 41 areas and will be paid a salary between £65,000 and £100,000. Local police authorities made up of councillors, currently control police budgets, set priorities and have the power to recruit or dismiss their area's chief constable. The Home Office has launched a media campaign to drum up interest in the elections. 'Swept away' Lord Blair, who left the Met in 2008, said he had always encouraged others to vote before, but that he did not want people to vote this time. He had previously expressed reservations about the plans but told the Murnaghan programme: ""I've never said this before but I actually hope people don't vote because that is the only way we are going to stop this. ""If they were going to break policing up, do it in a completely different way, small cities and small towns, perfect. But that is not what you have got. ""How can one person represent the conservative shires of Oxfordshire and Slough? What is this?"" Lord Blair also said the government had gone about introducing commissioners in the wrong way. ""Remember the police authorities are being swept away, they are being replaced by a police and crime panel who can't even talk to the chief constable. ""This is just a very strange issue to come forward with at such a difficult time for the country."" Election 'farce' Mrs May told BBC 1's Politics Show that the current system of police authorities ""have no democratic mandate to do this job of overseeing the police"". And she said that contrary to some reports, the candidate manifestos were not just available online, but also in print if people requested them in that format. She went on to say that the public were being informed of the elections by the government's media campaign and also by the candidates themselves, who were campaigning for votes. There have already been warnings about the possible low turnout by the public. The Electoral Reform Society has predicted turnout for these elections will be as low as 18.5% - compared with 65% in the 2010 general election. Its chief executive Katie Ghose warned the elections were in danger of ""turning into a farce"". A Home Office spokesman said: ""The arrival of police and crime commissioners will mark the most significant democratic reform of policing in our lifetime. ""For the first time the public will finally have a say on key decisions about crime and policing in their area. ""We expect the public will exercise this important new democratic right and vote."""
https://www.bbc.com/news/uk-scotland-scotland-business-19717439,Scottish growers 'struggling' with harvest,"NFU Scotland warned a wet summer and autumn had hit crop yields and quality, particularly in the south. It said stormy weather in recent days had ""compounded the huge difficulties"" facing many growers. The union also warned crop planting for next year was proving ""a real struggle"". It said ground conditions meant it was difficult to complete the harvesting of cereals and lifting of potatoes and vegetables. Senior NFU figures have been in contact with growers in recent days to assess the 2012 harvest. They are urging Scotland's arable farmers to complete the union's harvest survey. After speaking to follow growers, NFU Scotland's combinable crops committee chairman Andrew Moir said: ""It is clear that we have a genuine north/south split in fortunes. ""A line from Laurencekirk northwards appears to have the best quality and yields but in the south, very poor yields and quality seem to be the norm especially in spring barley. ""It would appear that after what was a high yielding year in 2011, this has been completely turned on its head in 2012, which makes this year's harvest even more difficult for some to take."" He added: ""This has been a year of extremes which most people now want to forget and - when conditions allow - get on with finishing the harvest and hopefully getting some winter crops in the ground. ""While those in the north with lighter land have had a better season, for some further south it has verged on a disaster and there are some whose harvest has barely begun."
https://www.bbc.com/news/uk-wales-north-west-wales-11820431,Fear for Snowdonia ponies over ban on ear notches,"The matter came to light after the Carneddau ponies' ear markings were shown on BBC TV's Countryfile. The British Veterinary Association (BVA) says the notching is illegal and it wants the ponies micro-chipped. The Welsh Assembly Government has given the Carneddau ponies exemption from microchipping. The society will meet on Wednesday to discuss the next step. Gareth Jones, secretary of Cymdeithas Merlod y Carneddau (Carneddau Pony Society), said the first any of its nine members had heard of the change in ear notching was when he received a phone call from the BVA. ""We haven't tagged for years, although some tags remain on the older horses, but the notches have been used for generations,"" he said. Mr Jones said his family's marks were ""small cuts"" on the ears which had been used in a particular pattern for 300 years. ""These are wild ponies and you can't get close to them to scan them... and really you want to handle them as little as possible."" He said the association was meeting on Wednesday to discuss the way forward. ""The BVA man said it was mutilating the ears, but people have piercings and tattoos. ""I feel that having ponies on the mountain that no-one can tell who owns them, is more cruel,"" he added. Following the TV programme the BVA said it was asking its members to remind horse and pony-owning clients that ear tagging and ear notching were not permitted under the Animal Welfare Act. Since July there has been a legal requirement that all horses and ponies are permanently identified by microchip, with some small exceptions. The BVA said it believed this removed the need for any other form of identification, such as ear-marking and hot branding, even for wild horses and ponies. Harvey Locke, president of the British Veterinary Association (BVA), said it was a ""simple fact of legality"" and it appeared there was ""widespread ignorance of the rules"" among those taking part in the programme. ""As veterinary surgeons we have a responsibility to work with clients to ensure they are complying with animal health and welfare legislation,"" he added. ""Ear mutilations are not permitted and we must make sure that message is reaching horse and pony owners,"" he said. Mr Locke said the BVA would also be contacting those responsible for enforcing the legislation relating to ear mutilations in horses and ponies to make sure the law was being policed. Handling facilities A spokesperson for Countryfile said: ""We are grateful to the BVA for bringing this to our attention and we hope to clarify the point in a future programme."" The assembly government said alternative ways of identifying animals were allowed. ""It is recognised that owners of the ponies on the Carneddau common need to identify their animals, owners and keeper of animals have a responsibility and a duty of care towards their animals,"" said a spokesperson. ""Keepers would be expected to recognise their animals from other's horses. The programme highlighted the need for the ponies to be inspected and examined and the gathering provides the opportunity for the owners to prepare appropriate handling facilities to comply with legal requirements."" Around the BBC BBC north west Wales - Carneddau ponies Related Internet Links Carneddau Ponies British Veterinary Association"
https://www.bbc.com/zhongwen/trad/china/2013/10/131011_japan,台灣在野黨對江揆提不信任案,民進黨與台盟聯袂倒閣，對行政院長江宜樺提出不信任案 有關議案指責江宜樺與總統馬英九、檢察總長黃世銘等發動政治鬥爭整肅政敵，干涉國會運作與人事，顛倒權力制衡關係，破壞民主憲政秩序。 當倒閣案宣讀時，民進黨團總召集人柯建銘等多位在野黨立委聚集在議場發言台前，大喊「捍衛憲政，江宜樺下台」、「馬英九下台」等口號，並以「為民主行動，為人民倒閣」海報，表達立場。 民進黨主席蘇貞昌表示，總統馬英九和行政院長江宜樺涉及非法監聽國會、干涉司法，威脅台灣民主正常運作，超過7成公民不滿，認為不適任。 他指出，提倒閣案是希望透過憲政手段，制衡總統製造的憲政危機，化解當前的政治亂像。 下周二表決 根據立法院職權行使法規定，全院委員會應自不信任案提報院會72小時後，立即召開審查，審查後提報院會表決。 全院委員會審查及提報院會表決時間，應於48小時內完成，未於時限完成者，視為不通過。 立法院預計14日召開全院委員會審查，15日記名投票表決。 立法院現有112席立委，倒閣案若要通過，至少需過半數57席立委贊成。目前國民黨有65席立委，民進黨40席、親民黨2席、台灣團結聯盟3席、無黨團結聯盟1席、無黨籍1席。 以目前立法院生態來看，民進黨和台灣團結聯盟等在野勢力，想要達到過半數席次仍然有一段差距，除非國民黨立委倒戈，否則倒閣成功機會不高。 國民黨全力封殺 國民黨團已召開黨團大會達成一致決議，將全力封殺不信任案，支持江宜樺繼續留任院長。 國民黨中央政策會執行長林鴻池指出，民進黨現階段提出不信任案，徒增朝野對立和製造社會紛擾。國民黨團書記長林德福強調，如果黨籍立委跑票，將建請黨中央開除黨籍。 立法院長王金平說，如果倒閣案不通過，民進黨立法院黨團沒有理由再抵制行政院長江宜樺施政報告。 學者指出，民進黨提出倒閣案時機太慢，已錯失良機，如果9月初爆發政爭時就提倒閣，具道德正當性，現在才提完全找不到正當理由，只是虛張聲勢，不是很有智慧的選擇。 憲法增修條文規定，立法院得經全體立委三分之一以上聯署，對行政院長提出不信任案，如經全體立委二分之一以上贊成，行政院長應於10日內提出辭職，同時呈請總統解散立法院。立法院解散後，應於60日內舉行立委選舉。 不信任案未獲通過，1年內不得對同一位行政院院長再提不信任案。 （責編：伊人）
https://www.bbc.com/news/uk-scotland-edinburgh-east-fife-46185173,'No completion date' for new Royal Hospital for Sick Children in Edinburgh,"The £150m facility was due to open last year but some staff have been told there is still no completion date. Contractors were expected to hand the building over to the NHS at the end of last month. However, it is understood an independent assessor has identified continuing issues which still need to be resolved. The Sick Children's Hospital was due to open last July but a series of problems have pushed that back. 'Open when ready' Building contractors were expected to hand the building over last month but NHS Lothian have now confirmed an independent assessor has been unable to sign off the building because of a number of issues that still need to be resolved. The BBC has learned the project director emailed staff to say there was still no date for its completion and it would open only when ready. The health board said it was disappointed at the latest setback and it was working with partners to ensure the work was completed as a matter of urgency. Jim Crombie, NHS Lothian's deputy chief executive, said: ""The handover is subject to a satisfactory inspection by Arcadis UK, the independent tester whose role is to determine whether the building meets the specification commissioned by NHS Lothian. ""Following their recent inspection the independent tester has now reported they are unable to sign off the building as complete, finding that it does not yet meet all the required specifications. ""We are naturally very disappointed and are liaising with our contractual partner IHSL ltd and their building contractors, Multiplex, to agree a timeline for completion of the outstanding works as a matter of urgency. ""Patients, their families and our staff can be assured of our determination to ensure delivery of the world class facility they deserve. ""We know all concerned will share our disappointment at a further delay and we thank them for their continued patience."" 'Clinical imperative' The Scottish government said patients would not be put at risk. A spokesman said: ""Maintaining the highest levels of patient care remains our number one priority, and there is a clinical imperative to ensure that any issues are fully resolved before NHS Lothian take ownership of the new Edinburgh Children's Hospital. ""Services continue to be provided from the existing site, and NHS Lothian is working closely with the project company to resolve any issues and confirm a revised handover date."""
https://www.bbc.com/news/world-middle-east-48661843,Iran nuclear deal: Enriched uranium limit will be breached on 27 June,"Its atomic energy agency said it had quadrupled production of the material, which is used to make reactor fuel and potentially nuclear weapons. But it added there was ""still time"" for European countries to act by protecting Iran from reinstated US sanctions. The US, which pulled out of the deal, accused Iran of ""nuclear extortion"". ""This is a pattern of 40 years of behaviour, it's consistent with how the Iranian regime behaves,"" US state department spokeswoman Morgan Ortagus said. ""We would say to the international community that we should not yield to nuclear extortion by the Iranian regime."" The UK, France and Germany have warned Iran not to violate the 2015 deal. They have previously said they will have no choice but to reimpose their own sanctions, which were lifted in return for limits on the Iranian nuclear programme. In a separate development, Iran said it had broken up a cyber spying network run by the CIA. It said several US spies had been arrested in different countries. The US did not immediately comment on the allegation. The latest developments come at a time of high tension in the Middle East, with the US accusing Iran of being behind suspected attacks that left two oil tankers ablaze in the Gulf of Oman on Thursday. Iran has denied any involvement. How significant is this announcement? Context in international affairs is everything. In early May, Iran signalled its intention to break out from some of the constraints imposed by the nuclear deal. On Monday, it repeated that threat, adding that the rate of enrichment was being stepped up and that it expected to break the limit on the amount of low-enriched uranium it can hold before the end of this month. But since its first announcement, the context has changed dramatically with two sets of attacks on oil tankers in the Gulf - both attributed by the US to Iran. Many fear that Washington and Tehran are on the verge of a military clash and that miscalculation could tip them over the edge. Iran's further threat today to increase its level of enrichment to a stage that would bring it much closer to ""weapons-grade"" material adds another element of risk into an already combustible mix. What is enriched uranium? Enriched uranium is produced by feeding uranium hexafluoride gas into centrifuges to separate out the most fissile isotope, U-235. Under the nuclear deal, Iran is only permitted to produce low-enriched uranium, which has a 3-4% concentration of U-235 and can be used to produce fuel for nuclear power plants. ""Weapons-grade"" uranium is 90% enriched or more. Why has Iran increased its enrichment rate? Iran has complained that European powers have failed to abide by their commitments to mitigate the effects on its economy of the sanctions that US President Donald Trump reinstated after abandoning the nuclear deal last year. Mr Trump wants to force Iran to renegotiate the accord and agree to curb its ballistic missile programme and end its ""malign"" activities in the Middle East. In early May, the US stepped up pressure on Iran by ending exemptions from secondary sanctions for countries still buying Iranian oil. The move was intended to deny the Iranian government its principal source of revenue. Iranian President Hassan Rouhani subsequently announced that his country was scaling back its commitments under the nuclear deal. This included no longer complying with caps on its stockpiles of low-enriched uranium and heavy water - set at 300kg (660lb) and 130 tonnes respectively - and halting sales of surplus supplies overseas. Mr Rouhani also gave the European powers 60 days to protect Iranian oil sales. If they failed, he said, Iran would suspend its restrictions on uranium enrichment and halt the redesign of its heavy-water reactor at Arak, whose spent fuel would contain plutonium suitable for a bomb. On Monday, a spokesman for the Atomic Energy Organisation of Iran told a televised news conference at Arak that the ""countdown to pass the 300kg reserve of enriched uranium has started"". ""In 10 days' time... we will pass this limit,"" Behrouz Kamalvandi said. ""There is still time for the Europeans... But the Europeans have expressed indirectly their inability to act. They should not think that after 60 days, they will have another 60-day opportunity."" The Europeans have set up a ""special purpose vehicle"" that would essentially allow goods to be bartered between Iranian and foreign companies without direct financial transactions. But the mechanism - known as Instex - is not yet operational. Mr Kamalvandi also said Iran might start enriching uranium up to 5% concentration so that it could provide fuel for its Bushehr power plant, or even up to the 20% concentration required for the Tehran research reactor. Experts say the technical leap required to get to 90% concentration from 20% is relatively straightforward, because it becomes easier at higher levels. Going from the natural state of 0.7% concentration to 20% takes 90% of the total energy required. Iran maintains that its nuclear programme is for peaceful purposes. What other reaction has there been? A spokesman for UK Prime Minister Theresa May said her government had been ""clear about our concern at Iranian plans to reduce compliance"" with the deal. ""Should Iran cease meeting its nuclear commitments, we would then look at all options available to us,"" the spokesman added. The German foreign ministry urged Iran to abide by the deal. Israeli Prime Minister Benjamin Netanyahu, who was a staunch opponent of the nuclear deal, called for international sanctions to be reimposed immediately ""should Iran deliver on its current threats"". ""In any event, Israel will not allow Iran to get nuclear weaponry,"" he warned."
https://www.bbc.com/zhongwen/trad/china/2016/05/160516_taiwan_fraud_suspects,大馬電信詐騙案台籍嫌犯將在大陸受審,4月底，97名嫌疑人被押送至廣州，其中包括32名台灣人。 （新華社圖片） 台灣當局則要求這些嫌被送回台灣受審。 此前涉嫌在肯尼亞從事詐騙的一組台灣嫌犯被送至中國，台灣方面將此形容為「綁架」。 一位不願透露姓名的台灣法務部官員周日（5月15日）向BBC中文網透露，以現在的狀況而言，不論是肯尼亞案或是大馬案的台籍嫌犯，遣返回台灣受審的機會「相當低」，原因在於這兩起案件，大陸都咬定「直接受害人」在中國大陸。 台灣官方組成的調查團上周四（5月12日）日前往中國大陸珠海，商討共辦「大馬詐騙案」一事，但引渡32名台籍嫌犯的希望「恐怕落空」。 中國除宣佈涉及大馬電信詐騙案的32位台籍嫌犯已「全數認罪」外，還要求台灣追查「金主」，追贓反贓。 這兩案嫌犯引渡送至中國被視為北京在民進黨籍新總統蔡英文本周五（5月20日）上台前施加壓力的方式。 中國官方新華社引述大陸警方說，32名台灣籍嫌犯已認罪，並依法被逮捕。 但台灣堅稱此案仍在接受調查。帶團前往大陸協商此事的台灣法務部國際級兩岸法律司長陳文琪對法新社表示，雙方在合作。 陳文琪表示，將在晚些時候就這些嫌犯的審判地點展開談判。 新華社報道說，兩岸協商會談期間，多名詐騙案受害者趕到珠海，要求向台灣代表團表達嚴懲犯罪嫌疑人、協助追回被騙財產的強烈訴求。 新華社引述來自北京的郭女士的說法。這位72歲的受害者在去年8、9月被以台灣人員為首的詐騙團伙以「涉及非法集資犯罪」為名，假冒公安和檢察機關人員，一步步誘騙她將200萬元匯入指定的「安全賬戶」。 「我是一個癌症患者，這是我看病救命的錢，全部被騙走了，現在沒錢治病，我不知道還能活多長時間，天天以淚洗面。」 「我希望台灣方面把這些騙子交給大陸，讓他們受到法律懲罰，讓我們這些受害人得到一點小小的安慰，也讓他們不能再騙更多的人。」 另有20名在馬來西亞被捕的台籍嫌疑犯上個月被引渡回台灣，正在接受調查。 （編譯：張泳，責編：董樂）
https://www.bbc.com/news/uk-england-leicestershire-47982243,Rare Star Wars Tie Bomber toy found in Coalville loft,"The Tie Bomber spacecraft was discovered unopened and in its original box in Coalville, Leicestershire. Its owner, a clerical worker at toy company Palitoy from 1983 to 1995, said sometimes surplus stock was sold to staff. The toy, based on the spacecraft from the 1980 film The Empire Strikes Back, will be sold at an auction on June 20. The 77-year-old, who did not want to be named, said: ""My son used to like Star Wars and I often bought toys home for him. For some reason, this one was never opened and I found it in the loft. ""I assume this toy was sent from America to test whether it would sell in the UK."" He took it to a valuation event and it has been given an estimate of £250 to £350 ahead of its sale on 20 June. Derbyshire's Hansons Auctioneers said the toy was only released in the US and its ""price could skyrocket into orbit."" Steve Fulford, from Hansons, said: ""I'm really excited about this. The tie bomber is the rarest of the die cast Stars Wars toys and few have survived in their sealed boxes."" He said it was ""amazing to find one"" but was not surprised it turned up in Coalville, where Palitoy was based. Mr Fulford said: ""The tie bomber was actually made in Cincinnati, Ohio, by Kenner Products but a note on the box tells us it was a sample. Perhaps it was sent to Coalville for assessment."" Last year, 60 vintage Palitoy Star War toys more than trebled their original estimate of £2,000-£3,000 and sold for £9,240. The Tie Bomber will be sold at Hansons, Heage Lane, Etwall, Derbyshire. Follow BBC East Midlands on Facebook, Twitter, or Instagram. Send your story ideas to eastmidsnews@bbc.co.uk."
https://www.bbc.com/zhongwen/trad/science-44721885,美中科技搏弈新戰場：超級計算能力的大角鬥,"神威·太湖之光是第一台完全使用中國研發芯片的超級電腦，一度是全球運算能力最強大的超級電腦。 多名美國學者六月發佈最新一期全球500大超級電腦排行榜，美國自2013年首次重回榜首，擊敗由中國國家超級計算無錫中心和清華大學管理的「神威·太湖之光」超級電腦，但中國仍然擁有上榜最多的超級電腦，達206台。 中國可以建成國產的超級電腦，但智能手機等一般電子產品卻仍十分依賴外國進口。專家認為，中國發展超級電腦要吸取芯片行業的教訓，進口外國科技的同時也必須發展自身的技術，「兩條腿都要有」。 不同發展路徑 華為、小米、Vivo和OPPO等中國智能手機生產商近為迅速冒起，調查機構Statista資料顯示，2018年首季全球出售的智能手機當中，這四家中國公司佔據率為27%。 可是，這些手機大部依靠從外國進口的零件。美國市場研究企業ABI Research早前發佈報告指，中興的Axon M手機零件大部份都來自美國，只有小部份來自中國。新近上市的小米8也使用了美國高通公司（Qualcomm）的芯片。 北京航空航天大學教授錢德沛接受BBC中文採訪時指出，超級電腦與智能手機與一般消費電子產品的一些運作的概念很相似，但在技術層面卻十分不同，而且超級電腦與智機手機的功能十分不同，要把一方的研究成果轉移到另一方不是一件容易的事。 他舉例說，一般電子產品講求省電，軟件的兼容性、實用性要求也比較高，這與超級電腦的要求十分不同。「我們可以花比較大的力氣來造出我們自己的超級電腦處理器，它們也不需要完全像消費類產品般兼容，讓所有的軟件都能跑。我們只要把自己的系統、軟件做好就可以。」 中國的超級電腦發展目前主要仍然靠政府投資。美國田納西大學教授唐加拉（Jack Dongarra）向BBC中文指出，中國在2001年幾乎沒有超級電腦系統，但近年向超級電腦發展投放大量資金，令中國在這方面發展迅速，到今年在TOP500排行榜上獨佔鰲頭，發展速度超過所有其他國家。 錢德沛認為，私人公司的投資講求回報，政府的資金投入卻沒有這個顧慮，這也是為何超級電腦發展在中國政府支持下發展迅速。 中國國家超算天津中心在五月向外展示""天河三號""的原型機。此前，天河1A和2A分別都獲評為全球最強的超級電腦。 為何要發展超級電腦？ 超級電腦最重要部份是芯片，它們大都裝有上千、甚至上萬枚芯片，讓它們擁有十分強大的運算能力。超級電腦同時配備特殊的操作系統，負責管理這些芯片之間如何合作，進行一系列複雜的運算。 唐加拉指，科學家和製造業能利用超級電腦的強大運算能力，模擬一些十分複雜的情況。 他舉例說，美國通用汽車在研發新的汽車款式時會進行撞擊測試，驗證汽車的安全設施有沒有發揮應有作用。通用汽車在2013年宣佈利用超級電腦模擬撞擊測試取代部份真實測試，每次能節省約35萬美元測試費用。 另外，超級電腦在天氣和氣候預報、金融分析、石油鑽探等方面也能大派用場。 超級電腦強大的運算能力，讓氣象學家能模擬像氣候等複雜的情況。 中國快速追趕 中國國防科學技術大學分別在2010和2013年建造天河1A和天河2A超級電腦，它們都獲TOP500評為當年全球運算能力最強的超級電腦，但兩者都主要使用英特爾和另一家美國公司AMD提供的芯片。美國政府2015年4月宣佈禁止英特爾向包括中國國防科學技術大學等機構出售芯片，但這無阻中國的超級電腦技術發展。 太湖之光在2016年取代天河2A成為全球最強的超級電腦。根據中國國家超級計算無錫中心的介紹，太湖之光使用四萬多枚上海國家高性能集成電路設計中心研發的SW26010處理器，這種處理器使用位於中國江蘇省的江南計算技術研究所研發的「申威」芯片架構，作業系統是Linux系統改編而成的神威睿思系統。 美國田納西大學教授傑克·唐加拉認為，要研發新的電腦芯片架構「不是一件容易的事」，因為研究院同時需要研發作業系統、編譯器和一系列的軟件。他認為美國在2015年禁止英特爾向中國出售芯片，令中方投放大量資源到高階電腦研究，發展出今天「可以跟美國媲美」的技術。 錢德沛也指出，中國近年經濟發展讓中央和地方政府可以提供足夠資金支持這方面的研究，令中國超級電腦過去十幾年的發展很快，甚至「超過常規速率」。 中國製造2025 中國如何克服技術問題？ 中國製造手機芯片方面並不是毫無進展。華為的手機主要使用自己研發的麒麟芯片，但華為仍需使用從美國入口的機器製造麒麟芯片，部份過程也需要台灣台積電公司代工，並不是完全自主。 錢德沛認為，中國在長遠來說必須自主發展，尤其必須掌握如處理器、存儲設備等的核心技術，但同時要明白中國現在的技術發展不可能立刻院全排除使用其他國家的產品，因為有些時候這樣做在經濟上更「划算」。「如果人家並不封鎖我們，他賣給我們而且價錢比我們自己來便宜，我們當然可以用。」 但錢德沛同時指出，進口外國科技的同時，中國也必須發展自身的技術，「兩條腿都要有」。 「這樣，你既可以從經濟上出發選擇最合適的一套，你也不可以放棄自己的那一塊。因為如果自己那一塊沒有了，人家又不給你，你就完蛋了，像中興一樣。」"
https://www.bbc.com/news/business-10972969,Dutch airline KLM holds out on ash cloud compensation,"According to EU rules, passengers must get hotel and meal costs reimbursed for the whole time they are stranded but KLM says it will only pay for 24 hours. The EU has threatened legal action unless the airline complies. KLM said it restricted payments to ensure a quick resolution for its thousands of customers across Europe. Hundreds of thousands of people were affected when the ash cloud from an Icelandic volcano shut down much of Europe's airspace for 18 days in April and May. Formal warning Under EU regulations, passengers are entitled to claim back reasonable expenses - on meals and accommodation - for the time their flight was delayed. In some cases, passengers were held up for a week or more and families built up bills of thousands of pounds. The European Commission and Dutch authorities have received complaints from British holidaymakers trying to obtain compensation from KLM. The commission has sent the airline a formal warning saying they must comply with EU laws, if they do not they could face legal action. Elizabeth Aspinall, from Bath, has been arguing with KLM since April, when she became stranded in Amsterdam for three extra nights with her 80-year-old mother. She said after much procrastination, the airline offered her 200 of the 870 euros she was forced to spend. ""I am not sure what steps to take next - this has ruined my chances of going abroad for a proper holiday this year and caused stress for my mother,"" she told the BBC. Alastair Caithness was stuck with his family in Athens, building up costs over the course of a week of £3,000. Mr Caithness told BBC News: ""We're really not very impressed at all. We've followed all KLM's online procedures. We've lodged the appropriate claim forms. And we've given them all our receipts but sadly they've failed to come up with a fair offer."" A KLM spokeswoman said: ""The European Commission is still discussing the issue of compensation so, pending this, we decided to give our clients payment for one day and one night."" A commission spokeswoman said: ""EU passenger rights are there to protect consumers. And they are there to act as a safety net for passengers - even in very difficult circumstances like this. ""So there is no grey area for us in this regard and those EU rights must be respected."" The Civil Aviation Authority said it had contacted KLM to remind it of its responsibilities and said they would monitor the situation closely. 'Wasn't their fault' British passengers have been advised to contact the Air Transport Users Council for assistance in claiming compensation. Many airlines are unhappy with the rules as they stand as there is no limit on the amount of compensation they have to pay - even if the delays are beyond their control. Financial Times travel editor, Tom Robbins, said: ""Obviously it's a nightmare for the travellers but this is one of the very rare occasions when you can see the airline's perspective. ""I mean if they're selling a ticket that's £100, but then they have to pay out £1,000 or £10,000 in compensation for something that wasn't their fault, then that's a very hard way to run a business really."" Simon Calder, travel editor of the Independent, said airlines were not insured and were very upset when the rules were brought in five years ago. ""This was designed for the odd flight from Frankfurt to Stockholm being cancelled on a Friday night, it wasn't designed for the full-scale close down of European airspace."" Members of the European consumers' organisation BEUC said they had received complaints from passengers who were not receiving compensation. Rochelle Turner from Which? Holiday consumer magazine said hundreds of people had contacted them. She said: ""A lot of people are having trouble getting their money back, and a lot of people are having trouble getting as much money back as they thought they were due."" Ryanair had also held out from paying full compensation to its passengers. Initially, Ryanair said it would only pay expenses up to the value of the ticket passengers had bought, although it is now abiding by EU rules."
https://www.bbc.com/news/newsbeat-37998841,New Balance rejects 'shoes for white people' claim by extreme US site,"The Daily Stormer, a US-focused site, said they would now become ""the official shoes of white people"". It's after protests at the firm's apparent praise for Donald Trump's plans for US trade. Some customers burned or dumped their trainers outside shops. In an interview with the Wall Street Journal vice-president Matt LeBretton said that Barack Obama had ""turned a deaf ear"" to US business. ""Frankly, with President-elect Trump, we feel things are going to move in the right direction,"" he added. That view was then praised by Andrew Anglin, who runs the self-declared ""most visited alt-right website"". New Balance says the comments were taken out of context and that the company rejects ""bigotry or hate in any form"". ""As a 110-year old company with five factories in the US and thousands of employees worldwide from all races, genders, cultures and sexual orientations, New Balance is a values-driven organisation and culture that believes in humanity, integrity, community and mutual respect for people around the world. ""We have been and always will be committed to manufacturing in the United States."" A previous statement released on 10 November promoting ""community"" and ""humanity"" caused users on social media to criticise the company further. This latest statement has similarly provoked debate among people whose political views are now affecting their fashion choices. ""Is this the corporate equivalent of ""some of my friends are black?"" asked one Twitter user. ""You can stand behind trade policies, you can't legitimately stand behind a racist/misogynist bully. You should be embarrassed,"" said another. Others supported the company's pro-American stance. ""Don't know why people are getting ****** at your company. It's one of the few shoe manufactures left in the USA,"" wrote a supporter. ""Never stop buying your shoes just because of your political beliefs. Freedom to choose is what makes our country great,"" another posted. One follower offered advice for New Balance - and every other manufacturer on the planet. ""As a brand, in the future stay far away from politics.. worse thing y'all could ever do or invest in."" Find us on Instagram at BBCNewsbeat and follow us on Snapchat, search for bbc_newsbeat"
https://www.bbc.com/news/uk-northern-ireland-25441153,Northern Ireland house prices predicted to rise by 4%,"In spite of the increase, the organisation places Northern Ireland at the bottom of the league table for price growth in the United Kingdom. Overall, prices in the UK are expected to see a rise of 8% over the coming year. RICS said Northern Ireland house prices were now 54% below their peak."
https://www.bbc.com/news/uk-19596679,"Profile: Catherine, Duchess of Cambridge","She became Prince William's girlfriend in 2001, the couple having met while studying at St Andrews University, Fife, where they shared student digs. Their wedding at Westminster Abbey some 10 years later, in April 2011, was watched on television by millions of people around the world. The announcement in December 2012 that the couple were expecting their first child - and the subsequent arrival of Prince George, and then his sister Princess Charlotte - thrust the duchess into the media spotlight like never before. 'Level-headed and popular' Catherine Middleton was born on 9 January 1982. She grew up in Bucklebury, Berkshire, where her parents, Michael and Carole Middleton, run a mail-order business selling toys and games for children's parties from a converted barn close to their home. The eldest of three children, she was educated at the exclusive Marlborough College in Wiltshire, where she was described as level-headed, popular and talented, and captained the school hockey team. Her younger sister Pippa has raised her profile since she was maid of honour at the royal wedding. She has written a party-planning book and also writes for magazines. Her brother James has founded a number of companies, including one that makes personalised marshmallows. After they met at St Andrews, where Catherine studied art history, the young couple's relationship apparently flourished during weekends together on the Queen's Balmoral estate. For a while, at least, they were guaranteed some privacy, following an agreement worked out between the palace and press while Prince William was a student. But the media silence did not last, and Catherine was first brought to the public's attention after several tabloids pictured her beside Prince William and Prince Charles at the Swiss ski resort of Klosters in 2005. The photographs appeared despite efforts by aides to keep the holiday private. Newspaper interest grew when Catherine graduated, moved to London and started work as an accessory buyer for High Street clothes shop Jigsaw. In October 2005, after the publication of a photo which showed her looking out of a window on a London bus, her lawyers wrote to newspaper and magazine editors asking them to respect her privacy. They claimed photographers had followed Catherine almost every day and night since she left university. Speculation over an engagement was sparked in February 2006, when it was suggested she would receive her own royal security. In December 2006, Catherine was again in the headlines after she and her mother attended a ceremony at Sandhurst Royal Military Academy, to watch Prince William being commissioned as an army officer. The occasion was notable as the first time she had been seen at a high-profile public event attended by the Queen and other senior royals. Media pressure Rumours of an engagement reached a peak around the time of Catherine's 25th birthday in January 2007, when the media scrum took up residence outside her Chelsea home. The paparazzi free-for-all drew inevitable comparisons with the prince's late mother, killed in a car crash in Paris while being pursued by photographers. Prince William and Prince Charles appealed for her to be left alone, and some newspapers agreed to stop using paparazzi shots of her. Media pressure appeared to take its toll and was blamed when the couple split in April 2007, although no official statement was issued by either. Reports of a reconciliation were denied in June 2007, with the couple insisting they were ""just good friends"" after being spotted together at the Concert for Diana at Wembley. They were then seen in public on a number of occasions. Catherine was present when the prince received his RAF wings from his father at RAF Cranwell in April 2008, and in Windsor when he became a Knight of the Garter in June. The couple announced their engagement in November 2010, and at the time Catherine said joining the Royal Family was a ""daunting prospect"". ""Hopefully I'll take it in my stride,"" she added. Charity support The duchess supports a number of charitable organisations through her own charity, the Royal Foundation of The Duke and Duchess of Cambridge and Prince Harry. She is also patron of Action on Addiction, East Anglia's Children's Hospices, the Art Room, National Portrait Gallery, Place2Be, SportsAid, The 1851 Trust, 100 Women in Hedge Funds, and the Natural History Museum. In December 2012, St James's Palace announced that the Duchess of Cambridge was expecting a baby, and that Catherine had been admitted to hospital with acute morning sickness. She stayed in hospital for several days before being discharged, but her stay was marred by the suicide of nurse Jacintha Saldanha after two Australian DJs made a hoax call to the hospital. Baby Prince George was born on 22 July 2013 at 16:24 BST, weighing 8lbs 6oz, in the private Lindo Wing of St Mary's Hospital in Paddington, west London - where Princess Diana gave birth to her sons. The couple spent the first few years of married life on Anglesey, north Wales, where the Duke of Cambridge worked as a search and rescue pilot with RAF Valley. But, following the announcement that the duke was leaving the military, the couple left the island to set up home in a refurbished apartment in Kensington Palace, London. They also have a home on the Queen's Sandringham Estate - Anmer Hall. Prince William now works as an air ambulance pilot, flying with the East Anglian Air Ambulance, a job he started in July 2015. The duchess's second pregnancy was announced in September 2014, with the duchess again suffering from hyperemesis gravidarum. Princess Charlotte Elizabeth Diana was born at the Lindo Wing on 2 May 2015 at 08:34 BST, weighing 8lb 3oz. She has rarely been seen in public, although photographs have been released sporadically, including one in which she is sat on her great-grandmother's knee to mark the Queen's 90th birthday. While George was already a royal tour veteran by the time of his first birthday, having accompanied his parents to Australia and New Zealand in April 2014, his sister is yet to take part in an overseas visit. The duke and duchess's most recent official overseas tour was a seven-day trip to India and Bhutan in April 2016. As part of the visit, they were photographed on the bench at the Taj Mahal where Diana, Princess of Wales, had been pictured 24 years previously. The couple have also undertaken official visits to North America and Canada in 2011, to South East Asia in 2012 to mark the Queen's Diamond Jubilee, and to the east coast of the United States in December 2014. In October 2015, the pair attended their first state banquet since their marriage. The Buckingham Palace event was held during the visit of Chinese President Xi Jinping. The duke and duchess then jointly hosted - along with Prince Harry - a dinner for US President Barack Obama and his wife Michelle when they visited the UK in April 2016. The duchess's interests include scuba diving - she became an advanced scuba diver in August 2015 - and photography, having taken the photographs to mark Princess Charlotte's first birthday and a set released when her daughter reached six months old. The duchess was chosen as the cover star of the June 2016 edition of British Vogue, in her first sitting for a magazine."
https://www.bbc.com/zhongwen/trad/world-51277063,新型冠狀病毒疫情全球擴散 各國加緊防備,"一名曼谷國際機場人員在機艙內進行消毒，泰國至今已經有八宗確診新型冠狀病毒的個案。 世界衛生組織周二（1月28日）公布的最新數字顯示，泰國有14宗確診個案，是中國以外最多個案的國家。它同時宣佈新型冠狀病毒在全球範圍的危險程度為「高」，在中國的危險程度則為「極高」。 多國也先後宣佈將會把湖北省的僑民撤出，澳洲、新西蘭、加拿大和英國等地先後提高對湖北省的旅遊警示，美國的警示更包括整個中國大陸，也特別要求國民不要前往湖北省。 德國首都柏林一座國際機場客運大樓內，貼上以德文、英文和中文的標語，告知旅客應採取什麼措施預防新型冠狀病毒。當地日前確診當地第一宗個案。 其中一個最新確診的肺炎個案位於德國，是繼法國之後第二個出現疫情的歐洲國家。德國當局透露這名患者目前身體狀況良好，但沒有說明他有沒有曾經到訪武漢。 加拿大在周一也確診當地第一宗肺炎個案，是繼美國第二個出現個案的北美國家。加拿大衛生當局指，這名患者曾經與妻子一起到訪武漢，他的妻子同時被懷疑感染，當局已經將她隔離。 亞洲地區的疫情也在擴散。斯里蘭卡周一確診當地第一宗肺炎個案，患者是一名中國旅客，上周從湖北省飛抵當地，現正在斯里蘭卡首都可倫坡一家傳染病醫院接受治療。 至今中國大陸以外地區沒有死亡個案。 武漢肺炎：醫療資源依然緊張，患者家屬親述 「住院難」 伴隨中國疫情加重，多國已對來自中國的飛機加強檢疫。 為防止疫情擴散， 一些地區對部份中國旅客實施十分嚴厲的措施。其中菲律賓當局早前將135名來自武漢的中國遊客遣返，之後暫停中國公民申請落地簽證的安排。目前菲律賓沒有新型肺炎的確診個案。 澳門早前也宣佈，會要求所有在澳門的湖北遊客離境，拒絶離開的遊客會被送到隔離營，直至他們的簽證到期。 澳門當局強調，如果有需要會要求警方協助，將相關人士送到隔離營。當地報章周二（1月28日）的數字顯示，已經有144名湖北旅客在周一的限期前離開澳門，另外有四人入住澳門政府安排的隔離營。 台灣周一也宣佈即時禁止中國大陸居民入境，但持有特區護照和香港或澳門永久性居民除外。 澳洲政府也透露，目前已知約600名澳洲公民在武漢，澳洲政府將協助他們回國，但之後會將他們隔離在距離澳洲本島約1,500公里約的聖誕島作隔離。 中國境外的新型冠狀病毒確診病例 美國和日本之後宣佈將會派出包機，接送居住在湖北省的國民離開。其中日本的包機在周二傍晚出發到武漢，運送口罩和防護衣物到當地後，接送約200名日本公民回國。日本政府透露現時約有650名日本人在武漢希望離開，當局將安排更多包機接送他們離開。 美國周日（1月26 日）派出包機，接送美國駐武漢領事館的職員和家屬離開，包機部份座位將開放給普通美國公民，但明言如果座位不夠，就只會容許高危人士優先上機。 另外，法國和烏克蘭先後都宣佈，計劃包機將本國公民接載離開武漢。 新型冠狀病毒疫情：是否可以在六天之內建成一所醫院"
https://www.bbc.com/zhongwen/trad/world/2015/03/150327_singapore_lee_opposition_stronghold,特寫：在新加坡「反對派重鎮」談李光耀,來靜山圖書館悼念李光耀的人不多，但這與後港是反對黨派根據地是否有直接關係不得而知。（BBC中文網圖片） 而在這座島嶼城邦東北部的靜山社區圖書館內，李光耀逝世所帶來的震撼似乎不太強烈。 圖書館內設立了官方的悼念區，並展示著與李光耀有關的書籍。將近午飯時間，周邊民眾間或到來填寫留言卡和拍照，閱報區的老人們翻閱著報紙上鋪天蓋地的有關報導，一些人看得入神。 在圖書館內採訪畢竟不是個好主意，國家圖書館管理局的公關人員也再三叮囑記者避免搔擾其他讀者。但是這個社區的人怎樣看李光耀卻特別有意義——因為這裏是後港。 1957年，律師馬紹爾辭去了英屬新加坡首席部長職位後創立工人黨，1981年由時任秘書長惹耶勒南攻下新加坡獨立後首個在野黨席位，1991年由現任秘書長劉程強攻下後港議席。 自此，後港成為工人黨的根據地。即使2011年時任議員饒欣龍牽涉桃色醜聞，遭受新加坡式「雙開」，工人黨還是以62%得票率在補選中保住議席。 今天，工人黨在新加坡國會中擁有九個議席，是第一大反對黨；執政人民行動黨（PAP）則控制80席。 星期五的政府大廈大草場上仍然擠著數以萬計前來向李光耀致哀的新加坡民眾。 新加坡政府表示，累計致哀人數已近29萬。 老一輩新加坡人普遍尊敬李光耀。 「制衡力量」 「不是啦！我們不是反對政府！」在後港長大，74歲的陳老先生這樣說。 他告訴BBC中文網記者自己是退休警員，見證了新加坡加入馬來西亞後的種族衝突，年青時還曾經守衛總統府，李光耀進出總統府時他依例敬禮，李光耀定必回禮。 只能講新加坡英語的陳老先生說：「我們幹嘛要討厭他（李光耀）？他是個好人。」 「無論如何，他們都需要有反對黨的存在。你跟PAP談沒用，反對黨卻可以幫你去爭取。」 這樣聽來有點不明所以。陳老先生解釋說：「要是沒有反對黨，那PAP的人就只會說『好的，好的』。那怎辦？就是要有人出來說：『這不行！』還有解釋為什麼，怎樣做才對。」 「李光耀很好的，他會聆聽，然後在國會辯論什麼是對的，什麼是錯的。」 陳老先生與劉程強的看法如出一轍。劉程強星期四（3月26日）在國會特別會議上說：「從我在國會裏和李光耀的接觸，我不認為他是一個一意孤行的獨裁者。如果你有充足的理由和論證，能贏得他經過細膩思維的政策辯論，我想，他會考慮你的意見。我也知道，他最討厭講廢話的人，因為他認為時間寶貴，要做的事還很多。」 後港是新加坡極少數由在野黨派管理的市鎮。（BBC中文網圖片） 後港選民多數投票支持工人黨，但卻同時支持人民行動黨主政。（BBC中文網圖片） 另一位年青一點的陳先生對李光耀的看法稍有不同——這是一位55歲的證券經紀。 「我想他是一位好的領袖，很嚴格，有遠見，思想尖銳，一位不會瞎扯的領袖……我們新加坡有這樣一位領袖是很好的事情。」 「但是他的一些政策……我能感覺到他有點自大。」 陳先生說，李光耀領導下的人民行動黨從前決策都不諮詢人民，結果一些決策「朝令夕改」。他個人對新加坡的中央公積金製度最為不滿。 「現在好多了。政府決策前會諮詢一下人民，但是有時候諮詢歸諮詢，最終政府還是決定走自己的那套。」 不過，也貼近退休年齡的這位陳先生對反對黨的看法跟陳老先生似乎很一致。 「我基本上是支持反對黨派的。不是說PAP做的不好，但是我覺得要是100%都是PAP的話，那一個民主國家就不再是民主國家了。我們需要有反對黨，那麼PAP決策時會更加謹慎。我覺得這樣挺好的，有制衡作用。」 展望將來 李光耀以91歲之年揮別塵世，新加坡自此進入「後李光耀時代」。在其子李顯龍的帶領下，李光耀的政治遺產能否持續下去是關注焦點。 「有沒有他（李光耀）都好，新加坡還是會進步下去的，也許沒有那麼快，但這無所謂。也許物價不會那麼高……也許食品能便宜點，住房能便宜點。」 「我不覺得李顯龍象他父親一樣強，不過作為一個黨來說，我覺得他們的團隊還是挺強的。」 19歲的易小姐正在等待大學開課。新加坡法定投票年齡是21歲，易小姐在明年舉行的大選中還不能成為「首投族」。 「你一定要有反對黨來提出PAP沒有處理好的事情，可是如果沒有PAP，沒有這個基礎，國家也不能安定下來。」 那是否說新加坡在政治上不可能變天？易小姐說：「我覺得應該在五年以內應該不會發生。工人黨自己也講過，要是他們成為了主流黨，社會是會有損失的。哪個政黨做好凖備，就應該讓哪個政黨說了算。」 「我想李光耀走之前，他一定有跟PAP交代要做什麼——『我要看到新加坡10年以內會變成怎樣』。所以如果PAP繼續做李光耀想要做的事，國家還是會繁榮的。」 「李光耀是國父，他不可能丟下孩子不管。」 李光耀看不到這個孩子10年後的模樣，但是像易小姐這樣的年輕一代將會成為「後李光耀時代」的見證者。 新一代新加坡人將見證李顯龍與人民行動黨能否承傳李光耀的政治遺產。 （責編：歐陽成） 如果您對這篇報道有任何意見或感想，歡迎使用下表發表您的意見：
https://www.bbc.com/news/uk-scotland-highlands-islands-51833698,Proposal to regulate 'cleaner fish' harvesting for fish farms,"The ""cleaner fish"" - mostly wrasse - are harvested under a voluntary code of practice. The Scottish government is consulting on the introduction of new mandatory measures to maintain ""healthy stocks"". Under the proposals, fishermen would have to meet certain criteria to obtain a permit for harvesting wrasse. They would need a ""proven track record"" of harvesting and submitting returns showing numbers of fish caught over the past two years. Different species Also, they would need evidence of having an appropriate contract with a salmon farm operator to supply wrasse. Limits would also be placed on the size of the different species of wrasse harvested. Wrasse are released in salmon cages to attack and eat parasitic sea lice - reducing the amount of medicinal treatments used to control lice. Concerns about the impact of their harvesting have been raised in the past. Marine Scotland, a directorate of the Scottish government, has been working with the salmon farming industry on voluntary measures to protect stocks of cleaner fish. In its consultation, Marine Scotland said the ""overall goal"" of the proposed new rules was to ""maintain a healthy wild wrasse stock that is fished sustainably"". Charles Millar, executive director of the Sustainable Inshore Fisheries Trust, which has campaigned for wrasse stocks to be protected, said: ""There were no limits to the amount of wrasse that could be caught last year. There was no closure even for protected environments like rocky reefs and kelp forests. The summer breeding season should be closed. Instead the fishery was closed while wrasse hibernate. ""The weak measures in this consultation change none of that. And, what's worse, the form doesn't even allow anyone to say they think proper controls should be brought in. This approach is inconsistent with basic democratic good practice, with the long term sustainability of the fish farming sector, and with the protection of these vital species."""
https://www.bbc.com/news/uk-england-london-24374797,Lamborghini Aventador seized in police crackdown,"The Lamborghini Aventador was stopped in Newham because its front number plate was missing, causing police to carry out further checks. It was one of 180 vehicles seized on Tuesday as part of Operation Cubo. Thirty-seven people were arrested for offences include drink-driving, robbery and driving without insurance. The police activity was part of a day of action to crack down on uninsured vehicles. Since the launch of Operation Cubo in October last year, more than 11,500 vehicles have been seized during 22 one-day operations. Ch Supt Sultan Taylor, of Safer Transport Command (STC), said: ""The STC works to keep the travelling public safe and part of our duty includes carrying out operations such as Cubo which help to keep uninsured and dangerous drivers off London's roads."" Related Internet Links Metropolitan Police"
https://www.bbc.com/news/health-15741800,UK trials for new blood transfusion protocols,"By Neil BowdlerHealth reporter, BBC News A study involving 22 centres in England and Wales is assessing how changing the mix of blood components given can affect outcomes. The new trials aim to determine what is the optimal mix of red blood cells and plasma given to trauma patients. New blood protocols have been used by US and British forces in Iraq and are credited for improved survival rates. Catastrophic haemorrhage Modern blood transfusions involve the intravenous injection of blood components such as red blood cells, platelets and plasma, a straw-coloured blood component which acts as a clotting agent. Until recently, plasma was given in the UK only once a blood test deemed it necessary, but this could mean valuable time was lost in stopping a patient from bleeding to death. The plasma also has to be thawed. In recent years, military and civilian centres worldwide have been looking to use plasma early and in higher volumes with traumatic injuries. Less use of saline fluids has also been made in the immediate aftermath of an injury, for fear it will reduce clotting. A retrospective study published in 2007 of 246 patients treated at a US combat support hospital in Iraq found a direct association between the amount of plasma given and survival rates. The study, which involved only patients with severe injuries and massive blood loss, suggested the mortality rate fell from 65% to 19% when the ratio of plasma to red blood cells administered was increased from 1:8 to approximately 1:1. Plasma is also being used early and aggressively in Afghanistan, as seen by BBC documentary maker Michael Mosley in his forthcoming BBC2 programme Frontline Medicine, and NHS trauma centres and trusts have adopted similar procedures. Other clotting factors and a drug called tranexamic acid that reduces the break-up of clotting, are also being used. But what exactly the right mix of components is for trauma patients is still to be agreed. Other studies have showed no benefits of the 1:1 ratio favoured by the military. Prof Karim Brohi, of the Barts and The London Trauma Centre, is leading two clinical trials to investigate which blood products work best, in what ratio, and which other devices or procedures could be used to save lives. One trial involves more than 1,000 patients from centres in London, Oxford, Copenhagen and Oslo. The second involves 600 patients at 22 medical centres in England and Wales, and will follow surviving patients for a year after injury. Preliminary data suggests that a 1:2 ratio of plasma to red blood cells may be ""as good as if not better"" than the 1:1 ratio, said Professor Brohi. ""Around the world, 2.5 million people bleed to death each year,"" he told the BBC. ""That's more than die from HIV and Malaria and a lot of those deaths are preventable. ""We're trying to work out what are the underlying problems that go along with that, so that we can treat patients better so they survive and return to full health."" Making a difference The new transfusion procedures are also impacting upon the work of London's Air Ambulance, which is based during the day at the Royal London Hospital. While they cannot yet carry blood on board, they are using a new code to instruct teams at the Royal London to ready all the products needed, including plasma. Blood units can even be brought up to the helipad. ""Code Red is a protocol we use to pre-alert the hospital to make sure that patients we pick up from the roadside who are bleeding get the blood products that they require as soon as they arrive at hospital,"" explains Dr Anne Weaver, lead clinician with London's Air Ambulance. She says the new code appears to be making a difference. ""At the Royal London we've seen an improvement in the survival rates of patients with severe pelvic trauma. That's partly to do with the Code Red protocol, and partly to do with interventional radiology and packing of the pelvis."" Frontline Medicine can be seen on BBC Two at 21:00 on Sunday, 20 November, with part two the following week. Watch online afterwards via iPlayer at the above link Related Internet Links London's Air Ambulance UK blood transfusion trial Code red Repairing blood in the emergency room - New Scientist"
